/*
 Navicat Premium Data Transfer

 Source Server         : _FAG 33 - Coopex
 Source Server Type    : MySQL
 Source Server Version : 50538 (5.5.38-log)
 Source Host           : 10.0.0.33:3306
 Source Schema         : avaliacao_trabalhos

 Target Server Type    : MySQL
 Target Server Version : 50538 (5.5.38-log)
 File Encoding         : 65001

 Date: 19/09/2023 13:49:29
*/

SET NAMES utf8mb4;
SET FOREIGN_KEY_CHECKS = 0;

-- ----------------------------
-- Table structure for avaliador_trabalho
-- ----------------------------
DROP TABLE IF EXISTS `avaliador_trabalho`;
CREATE TABLE `avaliador_trabalho`  (
  `id` int(11) NOT NULL AUTO_INCREMENT,
  `id_avaliador` int(11) NULL DEFAULT NULL,
  `id_projeto` int(11) NULL DEFAULT NULL,
  PRIMARY KEY (`id`) USING BTREE,
  INDEX `avaliadorTrabalo_avaliadores_id_avaliador_fk`(`id_avaliador`) USING BTREE,
  INDEX `avaliadorTrabalo_projetos_id_projeto_fk`(`id_projeto`) USING BTREE,
  CONSTRAINT `avaliadorTrabalo_projetos_id_projeto_fk` FOREIGN KEY (`id_projeto`) REFERENCES `projetos` (`id_projeto`) ON DELETE RESTRICT ON UPDATE RESTRICT,
  CONSTRAINT `avaliadorTrabalo_avaliadores_id_avaliador_fk` FOREIGN KEY (`id_avaliador`) REFERENCES `avaliadores` (`id_avaliador`) ON DELETE RESTRICT ON UPDATE RESTRICT
) ENGINE = InnoDB AUTO_INCREMENT = 2290 CHARACTER SET = latin1 COLLATE = latin1_swedish_ci ROW_FORMAT = Compact;

-- ----------------------------
-- Records of avaliador_trabalho
-- ----------------------------
INSERT INTO `avaliador_trabalho` VALUES (250, 4, 1);
INSERT INTO `avaliador_trabalho` VALUES (251, 4, 2);
INSERT INTO `avaliador_trabalho` VALUES (252, 4, 3);
INSERT INTO `avaliador_trabalho` VALUES (253, 4, 4);
INSERT INTO `avaliador_trabalho` VALUES (254, 4, 5);
INSERT INTO `avaliador_trabalho` VALUES (255, 4, 6);
INSERT INTO `avaliador_trabalho` VALUES (256, 4, 7);
INSERT INTO `avaliador_trabalho` VALUES (257, 4, 8);
INSERT INTO `avaliador_trabalho` VALUES (258, 4, 9);
INSERT INTO `avaliador_trabalho` VALUES (259, 4, 10);
INSERT INTO `avaliador_trabalho` VALUES (260, 4, 11);
INSERT INTO `avaliador_trabalho` VALUES (261, 4, 12);
INSERT INTO `avaliador_trabalho` VALUES (262, 4, 13);
INSERT INTO `avaliador_trabalho` VALUES (263, 4, 14);
INSERT INTO `avaliador_trabalho` VALUES (264, 4, 15);
INSERT INTO `avaliador_trabalho` VALUES (265, 4, 16);
INSERT INTO `avaliador_trabalho` VALUES (266, 4, 17);
INSERT INTO `avaliador_trabalho` VALUES (267, 4, 18);
INSERT INTO `avaliador_trabalho` VALUES (268, 4, 19);
INSERT INTO `avaliador_trabalho` VALUES (269, 4, 20);
INSERT INTO `avaliador_trabalho` VALUES (270, 5, 11);
INSERT INTO `avaliador_trabalho` VALUES (271, 5, 12);
INSERT INTO `avaliador_trabalho` VALUES (272, 5, 13);
INSERT INTO `avaliador_trabalho` VALUES (273, 5, 14);
INSERT INTO `avaliador_trabalho` VALUES (274, 5, 15);
INSERT INTO `avaliador_trabalho` VALUES (275, 5, 16);
INSERT INTO `avaliador_trabalho` VALUES (276, 5, 17);
INSERT INTO `avaliador_trabalho` VALUES (277, 5, 18);
INSERT INTO `avaliador_trabalho` VALUES (278, 5, 19);
INSERT INTO `avaliador_trabalho` VALUES (279, 5, 20);
INSERT INTO `avaliador_trabalho` VALUES (280, 5, 21);
INSERT INTO `avaliador_trabalho` VALUES (281, 5, 22);
INSERT INTO `avaliador_trabalho` VALUES (282, 5, 23);
INSERT INTO `avaliador_trabalho` VALUES (283, 5, 24);
INSERT INTO `avaliador_trabalho` VALUES (284, 5, 25);
INSERT INTO `avaliador_trabalho` VALUES (285, 5, 26);
INSERT INTO `avaliador_trabalho` VALUES (286, 5, 27);
INSERT INTO `avaliador_trabalho` VALUES (287, 5, 28);
INSERT INTO `avaliador_trabalho` VALUES (288, 5, 29);
INSERT INTO `avaliador_trabalho` VALUES (289, 5, 30);
INSERT INTO `avaliador_trabalho` VALUES (290, 6, 21);
INSERT INTO `avaliador_trabalho` VALUES (291, 6, 22);
INSERT INTO `avaliador_trabalho` VALUES (292, 6, 23);
INSERT INTO `avaliador_trabalho` VALUES (293, 6, 24);
INSERT INTO `avaliador_trabalho` VALUES (294, 6, 25);
INSERT INTO `avaliador_trabalho` VALUES (295, 6, 26);
INSERT INTO `avaliador_trabalho` VALUES (296, 6, 27);
INSERT INTO `avaliador_trabalho` VALUES (297, 6, 28);
INSERT INTO `avaliador_trabalho` VALUES (298, 6, 29);
INSERT INTO `avaliador_trabalho` VALUES (299, 6, 30);
INSERT INTO `avaliador_trabalho` VALUES (300, 6, 31);
INSERT INTO `avaliador_trabalho` VALUES (301, 6, 32);
INSERT INTO `avaliador_trabalho` VALUES (302, 6, 33);
INSERT INTO `avaliador_trabalho` VALUES (303, 6, 34);
INSERT INTO `avaliador_trabalho` VALUES (304, 6, 35);
INSERT INTO `avaliador_trabalho` VALUES (305, 6, 36);
INSERT INTO `avaliador_trabalho` VALUES (306, 6, 37);
INSERT INTO `avaliador_trabalho` VALUES (307, 6, 38);
INSERT INTO `avaliador_trabalho` VALUES (308, 6, 39);
INSERT INTO `avaliador_trabalho` VALUES (309, 6, 40);
INSERT INTO `avaliador_trabalho` VALUES (310, 7, 31);
INSERT INTO `avaliador_trabalho` VALUES (311, 7, 32);
INSERT INTO `avaliador_trabalho` VALUES (312, 7, 33);
INSERT INTO `avaliador_trabalho` VALUES (313, 7, 34);
INSERT INTO `avaliador_trabalho` VALUES (314, 7, 35);
INSERT INTO `avaliador_trabalho` VALUES (315, 7, 36);
INSERT INTO `avaliador_trabalho` VALUES (316, 7, 37);
INSERT INTO `avaliador_trabalho` VALUES (317, 7, 38);
INSERT INTO `avaliador_trabalho` VALUES (318, 7, 39);
INSERT INTO `avaliador_trabalho` VALUES (319, 7, 40);
INSERT INTO `avaliador_trabalho` VALUES (320, 7, 41);
INSERT INTO `avaliador_trabalho` VALUES (321, 7, 42);
INSERT INTO `avaliador_trabalho` VALUES (322, 7, 43);
INSERT INTO `avaliador_trabalho` VALUES (323, 7, 44);
INSERT INTO `avaliador_trabalho` VALUES (324, 7, 45);
INSERT INTO `avaliador_trabalho` VALUES (325, 7, 46);
INSERT INTO `avaliador_trabalho` VALUES (326, 7, 47);
INSERT INTO `avaliador_trabalho` VALUES (327, 7, 48);
INSERT INTO `avaliador_trabalho` VALUES (328, 7, 49);
INSERT INTO `avaliador_trabalho` VALUES (329, 7, 50);
INSERT INTO `avaliador_trabalho` VALUES (330, 8, 41);
INSERT INTO `avaliador_trabalho` VALUES (331, 8, 42);
INSERT INTO `avaliador_trabalho` VALUES (332, 8, 43);
INSERT INTO `avaliador_trabalho` VALUES (333, 8, 44);
INSERT INTO `avaliador_trabalho` VALUES (334, 8, 45);
INSERT INTO `avaliador_trabalho` VALUES (335, 8, 46);
INSERT INTO `avaliador_trabalho` VALUES (336, 8, 47);
INSERT INTO `avaliador_trabalho` VALUES (337, 8, 48);
INSERT INTO `avaliador_trabalho` VALUES (338, 8, 49);
INSERT INTO `avaliador_trabalho` VALUES (339, 8, 50);
INSERT INTO `avaliador_trabalho` VALUES (340, 8, 51);
INSERT INTO `avaliador_trabalho` VALUES (341, 8, 52);
INSERT INTO `avaliador_trabalho` VALUES (342, 8, 53);
INSERT INTO `avaliador_trabalho` VALUES (343, 8, 54);
INSERT INTO `avaliador_trabalho` VALUES (344, 8, 55);
INSERT INTO `avaliador_trabalho` VALUES (345, 8, 56);
INSERT INTO `avaliador_trabalho` VALUES (346, 8, 57);
INSERT INTO `avaliador_trabalho` VALUES (347, 8, 58);
INSERT INTO `avaliador_trabalho` VALUES (348, 8, 59);
INSERT INTO `avaliador_trabalho` VALUES (349, 8, 60);
INSERT INTO `avaliador_trabalho` VALUES (350, 9, 51);
INSERT INTO `avaliador_trabalho` VALUES (351, 9, 52);
INSERT INTO `avaliador_trabalho` VALUES (352, 9, 53);
INSERT INTO `avaliador_trabalho` VALUES (353, 9, 54);
INSERT INTO `avaliador_trabalho` VALUES (354, 9, 55);
INSERT INTO `avaliador_trabalho` VALUES (355, 9, 56);
INSERT INTO `avaliador_trabalho` VALUES (356, 9, 57);
INSERT INTO `avaliador_trabalho` VALUES (357, 9, 58);
INSERT INTO `avaliador_trabalho` VALUES (358, 9, 59);
INSERT INTO `avaliador_trabalho` VALUES (359, 9, 60);
INSERT INTO `avaliador_trabalho` VALUES (360, 9, 61);
INSERT INTO `avaliador_trabalho` VALUES (361, 9, 62);
INSERT INTO `avaliador_trabalho` VALUES (362, 9, 63);
INSERT INTO `avaliador_trabalho` VALUES (363, 9, 64);
INSERT INTO `avaliador_trabalho` VALUES (364, 9, 65);
INSERT INTO `avaliador_trabalho` VALUES (365, 9, 66);
INSERT INTO `avaliador_trabalho` VALUES (366, 9, 67);
INSERT INTO `avaliador_trabalho` VALUES (367, 9, 68);
INSERT INTO `avaliador_trabalho` VALUES (368, 9, 69);
INSERT INTO `avaliador_trabalho` VALUES (369, 9, 70);
INSERT INTO `avaliador_trabalho` VALUES (370, 10, 61);
INSERT INTO `avaliador_trabalho` VALUES (371, 10, 62);
INSERT INTO `avaliador_trabalho` VALUES (372, 10, 63);
INSERT INTO `avaliador_trabalho` VALUES (373, 10, 64);
INSERT INTO `avaliador_trabalho` VALUES (374, 10, 65);
INSERT INTO `avaliador_trabalho` VALUES (375, 10, 66);
INSERT INTO `avaliador_trabalho` VALUES (376, 10, 67);
INSERT INTO `avaliador_trabalho` VALUES (377, 10, 68);
INSERT INTO `avaliador_trabalho` VALUES (378, 10, 69);
INSERT INTO `avaliador_trabalho` VALUES (379, 10, 70);
INSERT INTO `avaliador_trabalho` VALUES (380, 10, 71);
INSERT INTO `avaliador_trabalho` VALUES (381, 10, 72);
INSERT INTO `avaliador_trabalho` VALUES (382, 10, 73);
INSERT INTO `avaliador_trabalho` VALUES (383, 10, 74);
INSERT INTO `avaliador_trabalho` VALUES (384, 10, 75);
INSERT INTO `avaliador_trabalho` VALUES (385, 10, 76);
INSERT INTO `avaliador_trabalho` VALUES (386, 10, 77);
INSERT INTO `avaliador_trabalho` VALUES (387, 10, 78);
INSERT INTO `avaliador_trabalho` VALUES (388, 10, 79);
INSERT INTO `avaliador_trabalho` VALUES (389, 10, 80);
INSERT INTO `avaliador_trabalho` VALUES (390, 10, 81);
INSERT INTO `avaliador_trabalho` VALUES (391, 11, 1);
INSERT INTO `avaliador_trabalho` VALUES (392, 11, 2);
INSERT INTO `avaliador_trabalho` VALUES (393, 11, 3);
INSERT INTO `avaliador_trabalho` VALUES (394, 11, 4);
INSERT INTO `avaliador_trabalho` VALUES (395, 11, 5);
INSERT INTO `avaliador_trabalho` VALUES (396, 11, 6);
INSERT INTO `avaliador_trabalho` VALUES (397, 11, 7);
INSERT INTO `avaliador_trabalho` VALUES (398, 11, 8);
INSERT INTO `avaliador_trabalho` VALUES (399, 11, 9);
INSERT INTO `avaliador_trabalho` VALUES (400, 11, 10);
INSERT INTO `avaliador_trabalho` VALUES (401, 11, 71);
INSERT INTO `avaliador_trabalho` VALUES (402, 11, 72);
INSERT INTO `avaliador_trabalho` VALUES (403, 11, 73);
INSERT INTO `avaliador_trabalho` VALUES (404, 11, 74);
INSERT INTO `avaliador_trabalho` VALUES (405, 11, 75);
INSERT INTO `avaliador_trabalho` VALUES (406, 11, 76);
INSERT INTO `avaliador_trabalho` VALUES (407, 11, 77);
INSERT INTO `avaliador_trabalho` VALUES (408, 11, 78);
INSERT INTO `avaliador_trabalho` VALUES (409, 11, 79);
INSERT INTO `avaliador_trabalho` VALUES (410, 11, 80);
INSERT INTO `avaliador_trabalho` VALUES (411, 11, 81);
INSERT INTO `avaliador_trabalho` VALUES (412, 12, 1);
INSERT INTO `avaliador_trabalho` VALUES (413, 12, 2);
INSERT INTO `avaliador_trabalho` VALUES (414, 12, 3);
INSERT INTO `avaliador_trabalho` VALUES (415, 12, 4);
INSERT INTO `avaliador_trabalho` VALUES (416, 12, 5);
INSERT INTO `avaliador_trabalho` VALUES (417, 12, 6);
INSERT INTO `avaliador_trabalho` VALUES (418, 12, 7);
INSERT INTO `avaliador_trabalho` VALUES (419, 12, 8);
INSERT INTO `avaliador_trabalho` VALUES (420, 12, 9);
INSERT INTO `avaliador_trabalho` VALUES (421, 12, 10);
INSERT INTO `avaliador_trabalho` VALUES (422, 12, 11);
INSERT INTO `avaliador_trabalho` VALUES (423, 12, 12);
INSERT INTO `avaliador_trabalho` VALUES (424, 12, 13);
INSERT INTO `avaliador_trabalho` VALUES (425, 12, 14);
INSERT INTO `avaliador_trabalho` VALUES (426, 12, 15);
INSERT INTO `avaliador_trabalho` VALUES (427, 12, 16);
INSERT INTO `avaliador_trabalho` VALUES (428, 12, 17);
INSERT INTO `avaliador_trabalho` VALUES (429, 12, 18);
INSERT INTO `avaliador_trabalho` VALUES (430, 12, 19);
INSERT INTO `avaliador_trabalho` VALUES (431, 12, 20);
INSERT INTO `avaliador_trabalho` VALUES (432, 13, 11);
INSERT INTO `avaliador_trabalho` VALUES (433, 13, 12);
INSERT INTO `avaliador_trabalho` VALUES (434, 13, 13);
INSERT INTO `avaliador_trabalho` VALUES (435, 13, 14);
INSERT INTO `avaliador_trabalho` VALUES (436, 13, 15);
INSERT INTO `avaliador_trabalho` VALUES (437, 13, 16);
INSERT INTO `avaliador_trabalho` VALUES (438, 13, 17);
INSERT INTO `avaliador_trabalho` VALUES (439, 13, 18);
INSERT INTO `avaliador_trabalho` VALUES (440, 13, 19);
INSERT INTO `avaliador_trabalho` VALUES (441, 13, 20);
INSERT INTO `avaliador_trabalho` VALUES (442, 13, 21);
INSERT INTO `avaliador_trabalho` VALUES (443, 13, 22);
INSERT INTO `avaliador_trabalho` VALUES (444, 13, 23);
INSERT INTO `avaliador_trabalho` VALUES (445, 13, 24);
INSERT INTO `avaliador_trabalho` VALUES (446, 13, 25);
INSERT INTO `avaliador_trabalho` VALUES (447, 13, 26);
INSERT INTO `avaliador_trabalho` VALUES (448, 13, 27);
INSERT INTO `avaliador_trabalho` VALUES (449, 13, 28);
INSERT INTO `avaliador_trabalho` VALUES (450, 13, 29);
INSERT INTO `avaliador_trabalho` VALUES (451, 13, 30);
INSERT INTO `avaliador_trabalho` VALUES (452, 14, 21);
INSERT INTO `avaliador_trabalho` VALUES (453, 14, 22);
INSERT INTO `avaliador_trabalho` VALUES (454, 14, 23);
INSERT INTO `avaliador_trabalho` VALUES (455, 14, 24);
INSERT INTO `avaliador_trabalho` VALUES (456, 14, 25);
INSERT INTO `avaliador_trabalho` VALUES (457, 14, 26);
INSERT INTO `avaliador_trabalho` VALUES (458, 14, 27);
INSERT INTO `avaliador_trabalho` VALUES (459, 14, 28);
INSERT INTO `avaliador_trabalho` VALUES (460, 14, 29);
INSERT INTO `avaliador_trabalho` VALUES (461, 14, 30);
INSERT INTO `avaliador_trabalho` VALUES (462, 14, 31);
INSERT INTO `avaliador_trabalho` VALUES (463, 14, 32);
INSERT INTO `avaliador_trabalho` VALUES (464, 14, 33);
INSERT INTO `avaliador_trabalho` VALUES (465, 14, 34);
INSERT INTO `avaliador_trabalho` VALUES (466, 14, 35);
INSERT INTO `avaliador_trabalho` VALUES (467, 14, 36);
INSERT INTO `avaliador_trabalho` VALUES (468, 14, 37);
INSERT INTO `avaliador_trabalho` VALUES (469, 14, 38);
INSERT INTO `avaliador_trabalho` VALUES (470, 14, 39);
INSERT INTO `avaliador_trabalho` VALUES (471, 14, 40);
INSERT INTO `avaliador_trabalho` VALUES (472, 15, 31);
INSERT INTO `avaliador_trabalho` VALUES (473, 15, 32);
INSERT INTO `avaliador_trabalho` VALUES (474, 15, 33);
INSERT INTO `avaliador_trabalho` VALUES (475, 15, 34);
INSERT INTO `avaliador_trabalho` VALUES (476, 15, 35);
INSERT INTO `avaliador_trabalho` VALUES (477, 15, 36);
INSERT INTO `avaliador_trabalho` VALUES (478, 15, 37);
INSERT INTO `avaliador_trabalho` VALUES (479, 15, 38);
INSERT INTO `avaliador_trabalho` VALUES (480, 15, 39);
INSERT INTO `avaliador_trabalho` VALUES (481, 15, 40);
INSERT INTO `avaliador_trabalho` VALUES (482, 15, 41);
INSERT INTO `avaliador_trabalho` VALUES (483, 15, 42);
INSERT INTO `avaliador_trabalho` VALUES (484, 15, 43);
INSERT INTO `avaliador_trabalho` VALUES (485, 15, 44);
INSERT INTO `avaliador_trabalho` VALUES (486, 15, 45);
INSERT INTO `avaliador_trabalho` VALUES (487, 15, 46);
INSERT INTO `avaliador_trabalho` VALUES (488, 15, 47);
INSERT INTO `avaliador_trabalho` VALUES (489, 15, 48);
INSERT INTO `avaliador_trabalho` VALUES (490, 15, 49);
INSERT INTO `avaliador_trabalho` VALUES (491, 15, 50);
INSERT INTO `avaliador_trabalho` VALUES (492, 16, 41);
INSERT INTO `avaliador_trabalho` VALUES (493, 16, 42);
INSERT INTO `avaliador_trabalho` VALUES (494, 16, 43);
INSERT INTO `avaliador_trabalho` VALUES (495, 16, 44);
INSERT INTO `avaliador_trabalho` VALUES (496, 16, 45);
INSERT INTO `avaliador_trabalho` VALUES (497, 16, 46);
INSERT INTO `avaliador_trabalho` VALUES (498, 16, 47);
INSERT INTO `avaliador_trabalho` VALUES (499, 16, 48);
INSERT INTO `avaliador_trabalho` VALUES (500, 16, 49);
INSERT INTO `avaliador_trabalho` VALUES (501, 16, 50);
INSERT INTO `avaliador_trabalho` VALUES (502, 16, 51);
INSERT INTO `avaliador_trabalho` VALUES (503, 16, 52);
INSERT INTO `avaliador_trabalho` VALUES (504, 16, 53);
INSERT INTO `avaliador_trabalho` VALUES (505, 16, 54);
INSERT INTO `avaliador_trabalho` VALUES (506, 16, 55);
INSERT INTO `avaliador_trabalho` VALUES (507, 16, 56);
INSERT INTO `avaliador_trabalho` VALUES (508, 16, 57);
INSERT INTO `avaliador_trabalho` VALUES (509, 16, 58);
INSERT INTO `avaliador_trabalho` VALUES (510, 16, 59);
INSERT INTO `avaliador_trabalho` VALUES (511, 16, 60);
INSERT INTO `avaliador_trabalho` VALUES (512, 17, 51);
INSERT INTO `avaliador_trabalho` VALUES (513, 17, 52);
INSERT INTO `avaliador_trabalho` VALUES (514, 17, 53);
INSERT INTO `avaliador_trabalho` VALUES (515, 17, 54);
INSERT INTO `avaliador_trabalho` VALUES (516, 17, 55);
INSERT INTO `avaliador_trabalho` VALUES (517, 17, 56);
INSERT INTO `avaliador_trabalho` VALUES (518, 17, 57);
INSERT INTO `avaliador_trabalho` VALUES (519, 17, 58);
INSERT INTO `avaliador_trabalho` VALUES (520, 17, 59);
INSERT INTO `avaliador_trabalho` VALUES (521, 17, 60);
INSERT INTO `avaliador_trabalho` VALUES (522, 17, 61);
INSERT INTO `avaliador_trabalho` VALUES (523, 17, 62);
INSERT INTO `avaliador_trabalho` VALUES (524, 17, 63);
INSERT INTO `avaliador_trabalho` VALUES (525, 17, 64);
INSERT INTO `avaliador_trabalho` VALUES (526, 17, 65);
INSERT INTO `avaliador_trabalho` VALUES (527, 17, 66);
INSERT INTO `avaliador_trabalho` VALUES (528, 17, 67);
INSERT INTO `avaliador_trabalho` VALUES (529, 17, 68);
INSERT INTO `avaliador_trabalho` VALUES (530, 17, 69);
INSERT INTO `avaliador_trabalho` VALUES (531, 17, 70);
INSERT INTO `avaliador_trabalho` VALUES (532, 18, 61);
INSERT INTO `avaliador_trabalho` VALUES (533, 18, 62);
INSERT INTO `avaliador_trabalho` VALUES (534, 18, 63);
INSERT INTO `avaliador_trabalho` VALUES (535, 18, 64);
INSERT INTO `avaliador_trabalho` VALUES (536, 18, 65);
INSERT INTO `avaliador_trabalho` VALUES (537, 18, 66);
INSERT INTO `avaliador_trabalho` VALUES (538, 18, 67);
INSERT INTO `avaliador_trabalho` VALUES (539, 18, 68);
INSERT INTO `avaliador_trabalho` VALUES (540, 18, 69);
INSERT INTO `avaliador_trabalho` VALUES (541, 18, 70);
INSERT INTO `avaliador_trabalho` VALUES (542, 18, 71);
INSERT INTO `avaliador_trabalho` VALUES (543, 18, 72);
INSERT INTO `avaliador_trabalho` VALUES (544, 18, 73);
INSERT INTO `avaliador_trabalho` VALUES (545, 18, 74);
INSERT INTO `avaliador_trabalho` VALUES (546, 18, 75);
INSERT INTO `avaliador_trabalho` VALUES (547, 18, 76);
INSERT INTO `avaliador_trabalho` VALUES (548, 18, 77);
INSERT INTO `avaliador_trabalho` VALUES (549, 18, 78);
INSERT INTO `avaliador_trabalho` VALUES (550, 18, 79);
INSERT INTO `avaliador_trabalho` VALUES (551, 18, 80);
INSERT INTO `avaliador_trabalho` VALUES (552, 18, 81);
INSERT INTO `avaliador_trabalho` VALUES (553, 19, 1);
INSERT INTO `avaliador_trabalho` VALUES (554, 19, 2);
INSERT INTO `avaliador_trabalho` VALUES (555, 19, 3);
INSERT INTO `avaliador_trabalho` VALUES (556, 19, 4);
INSERT INTO `avaliador_trabalho` VALUES (557, 19, 5);
INSERT INTO `avaliador_trabalho` VALUES (558, 19, 6);
INSERT INTO `avaliador_trabalho` VALUES (559, 19, 7);
INSERT INTO `avaliador_trabalho` VALUES (560, 19, 8);
INSERT INTO `avaliador_trabalho` VALUES (561, 19, 9);
INSERT INTO `avaliador_trabalho` VALUES (562, 19, 10);
INSERT INTO `avaliador_trabalho` VALUES (563, 19, 71);
INSERT INTO `avaliador_trabalho` VALUES (564, 19, 72);
INSERT INTO `avaliador_trabalho` VALUES (565, 19, 73);
INSERT INTO `avaliador_trabalho` VALUES (566, 19, 74);
INSERT INTO `avaliador_trabalho` VALUES (567, 19, 75);
INSERT INTO `avaliador_trabalho` VALUES (568, 19, 76);
INSERT INTO `avaliador_trabalho` VALUES (569, 19, 77);
INSERT INTO `avaliador_trabalho` VALUES (570, 19, 78);
INSERT INTO `avaliador_trabalho` VALUES (571, 19, 79);
INSERT INTO `avaliador_trabalho` VALUES (572, 19, 80);
INSERT INTO `avaliador_trabalho` VALUES (573, 19, 81);
INSERT INTO `avaliador_trabalho` VALUES (574, 20, 1);
INSERT INTO `avaliador_trabalho` VALUES (575, 20, 2);
INSERT INTO `avaliador_trabalho` VALUES (576, 20, 3);
INSERT INTO `avaliador_trabalho` VALUES (577, 20, 4);
INSERT INTO `avaliador_trabalho` VALUES (578, 20, 5);
INSERT INTO `avaliador_trabalho` VALUES (579, 20, 6);
INSERT INTO `avaliador_trabalho` VALUES (580, 20, 7);
INSERT INTO `avaliador_trabalho` VALUES (581, 20, 8);
INSERT INTO `avaliador_trabalho` VALUES (582, 20, 9);
INSERT INTO `avaliador_trabalho` VALUES (583, 20, 10);
INSERT INTO `avaliador_trabalho` VALUES (584, 20, 11);
INSERT INTO `avaliador_trabalho` VALUES (585, 20, 12);
INSERT INTO `avaliador_trabalho` VALUES (586, 20, 13);
INSERT INTO `avaliador_trabalho` VALUES (587, 20, 14);
INSERT INTO `avaliador_trabalho` VALUES (588, 20, 15);
INSERT INTO `avaliador_trabalho` VALUES (589, 20, 16);
INSERT INTO `avaliador_trabalho` VALUES (590, 20, 17);
INSERT INTO `avaliador_trabalho` VALUES (591, 20, 18);
INSERT INTO `avaliador_trabalho` VALUES (592, 20, 19);
INSERT INTO `avaliador_trabalho` VALUES (593, 20, 20);
INSERT INTO `avaliador_trabalho` VALUES (594, 21, 21);
INSERT INTO `avaliador_trabalho` VALUES (595, 21, 22);
INSERT INTO `avaliador_trabalho` VALUES (596, 21, 23);
INSERT INTO `avaliador_trabalho` VALUES (597, 21, 24);
INSERT INTO `avaliador_trabalho` VALUES (598, 21, 25);
INSERT INTO `avaliador_trabalho` VALUES (599, 21, 26);
INSERT INTO `avaliador_trabalho` VALUES (600, 21, 27);
INSERT INTO `avaliador_trabalho` VALUES (601, 21, 28);
INSERT INTO `avaliador_trabalho` VALUES (602, 21, 29);
INSERT INTO `avaliador_trabalho` VALUES (603, 21, 30);
INSERT INTO `avaliador_trabalho` VALUES (604, 21, 31);
INSERT INTO `avaliador_trabalho` VALUES (605, 21, 32);
INSERT INTO `avaliador_trabalho` VALUES (606, 21, 33);
INSERT INTO `avaliador_trabalho` VALUES (607, 21, 34);
INSERT INTO `avaliador_trabalho` VALUES (608, 21, 35);
INSERT INTO `avaliador_trabalho` VALUES (609, 21, 36);
INSERT INTO `avaliador_trabalho` VALUES (610, 21, 37);
INSERT INTO `avaliador_trabalho` VALUES (611, 21, 38);
INSERT INTO `avaliador_trabalho` VALUES (612, 21, 39);
INSERT INTO `avaliador_trabalho` VALUES (613, 21, 40);
INSERT INTO `avaliador_trabalho` VALUES (614, 4, 80);
INSERT INTO `avaliador_trabalho` VALUES (615, 5, 80);
INSERT INTO `avaliador_trabalho` VALUES (616, 6, 80);
INSERT INTO `avaliador_trabalho` VALUES (617, 7, 80);
INSERT INTO `avaliador_trabalho` VALUES (618, 8, 80);
INSERT INTO `avaliador_trabalho` VALUES (619, 9, 80);
INSERT INTO `avaliador_trabalho` VALUES (620, 10, 80);
INSERT INTO `avaliador_trabalho` VALUES (621, 11, 80);
INSERT INTO `avaliador_trabalho` VALUES (622, 12, 80);
INSERT INTO `avaliador_trabalho` VALUES (623, 13, 80);
INSERT INTO `avaliador_trabalho` VALUES (624, 14, 80);
INSERT INTO `avaliador_trabalho` VALUES (625, 15, 80);
INSERT INTO `avaliador_trabalho` VALUES (626, 16, 80);
INSERT INTO `avaliador_trabalho` VALUES (627, 17, 80);
INSERT INTO `avaliador_trabalho` VALUES (628, 18, 80);
INSERT INTO `avaliador_trabalho` VALUES (629, 19, 80);
INSERT INTO `avaliador_trabalho` VALUES (630, 20, 80);
INSERT INTO `avaliador_trabalho` VALUES (631, 21, 80);
INSERT INTO `avaliador_trabalho` VALUES (632, 4, 80);
INSERT INTO `avaliador_trabalho` VALUES (633, 5, 80);
INSERT INTO `avaliador_trabalho` VALUES (634, 6, 80);
INSERT INTO `avaliador_trabalho` VALUES (635, 7, 80);
INSERT INTO `avaliador_trabalho` VALUES (636, 8, 80);
INSERT INTO `avaliador_trabalho` VALUES (637, 9, 80);
INSERT INTO `avaliador_trabalho` VALUES (638, 10, 80);
INSERT INTO `avaliador_trabalho` VALUES (639, 11, 80);
INSERT INTO `avaliador_trabalho` VALUES (640, 12, 80);
INSERT INTO `avaliador_trabalho` VALUES (641, 13, 80);
INSERT INTO `avaliador_trabalho` VALUES (642, 14, 80);
INSERT INTO `avaliador_trabalho` VALUES (643, 15, 80);
INSERT INTO `avaliador_trabalho` VALUES (644, 16, 80);
INSERT INTO `avaliador_trabalho` VALUES (645, 17, 80);
INSERT INTO `avaliador_trabalho` VALUES (646, 18, 80);
INSERT INTO `avaliador_trabalho` VALUES (647, 19, 80);
INSERT INTO `avaliador_trabalho` VALUES (648, 20, 80);
INSERT INTO `avaliador_trabalho` VALUES (649, 21, 80);
INSERT INTO `avaliador_trabalho` VALUES (650, 4, 1);
INSERT INTO `avaliador_trabalho` VALUES (651, 4, 2);
INSERT INTO `avaliador_trabalho` VALUES (652, 4, 3);
INSERT INTO `avaliador_trabalho` VALUES (653, 4, 4);
INSERT INTO `avaliador_trabalho` VALUES (654, 4, 5);
INSERT INTO `avaliador_trabalho` VALUES (655, 4, 6);
INSERT INTO `avaliador_trabalho` VALUES (656, 4, 7);
INSERT INTO `avaliador_trabalho` VALUES (657, 4, 8);
INSERT INTO `avaliador_trabalho` VALUES (658, 4, 9);
INSERT INTO `avaliador_trabalho` VALUES (659, 4, 10);
INSERT INTO `avaliador_trabalho` VALUES (660, 4, 11);
INSERT INTO `avaliador_trabalho` VALUES (661, 4, 12);
INSERT INTO `avaliador_trabalho` VALUES (662, 4, 13);
INSERT INTO `avaliador_trabalho` VALUES (663, 4, 14);
INSERT INTO `avaliador_trabalho` VALUES (664, 4, 15);
INSERT INTO `avaliador_trabalho` VALUES (665, 4, 16);
INSERT INTO `avaliador_trabalho` VALUES (666, 4, 17);
INSERT INTO `avaliador_trabalho` VALUES (667, 4, 18);
INSERT INTO `avaliador_trabalho` VALUES (668, 4, 19);
INSERT INTO `avaliador_trabalho` VALUES (669, 4, 20);
INSERT INTO `avaliador_trabalho` VALUES (670, 4, 21);
INSERT INTO `avaliador_trabalho` VALUES (671, 4, 22);
INSERT INTO `avaliador_trabalho` VALUES (672, 4, 23);
INSERT INTO `avaliador_trabalho` VALUES (673, 4, 24);
INSERT INTO `avaliador_trabalho` VALUES (674, 4, 25);
INSERT INTO `avaliador_trabalho` VALUES (675, 4, 26);
INSERT INTO `avaliador_trabalho` VALUES (676, 4, 27);
INSERT INTO `avaliador_trabalho` VALUES (677, 4, 28);
INSERT INTO `avaliador_trabalho` VALUES (678, 4, 29);
INSERT INTO `avaliador_trabalho` VALUES (679, 4, 30);
INSERT INTO `avaliador_trabalho` VALUES (680, 4, 31);
INSERT INTO `avaliador_trabalho` VALUES (681, 4, 32);
INSERT INTO `avaliador_trabalho` VALUES (682, 4, 33);
INSERT INTO `avaliador_trabalho` VALUES (683, 4, 34);
INSERT INTO `avaliador_trabalho` VALUES (684, 4, 35);
INSERT INTO `avaliador_trabalho` VALUES (685, 4, 36);
INSERT INTO `avaliador_trabalho` VALUES (686, 4, 37);
INSERT INTO `avaliador_trabalho` VALUES (687, 4, 38);
INSERT INTO `avaliador_trabalho` VALUES (688, 4, 39);
INSERT INTO `avaliador_trabalho` VALUES (689, 4, 40);
INSERT INTO `avaliador_trabalho` VALUES (690, 4, 41);
INSERT INTO `avaliador_trabalho` VALUES (691, 4, 42);
INSERT INTO `avaliador_trabalho` VALUES (692, 4, 43);
INSERT INTO `avaliador_trabalho` VALUES (693, 4, 44);
INSERT INTO `avaliador_trabalho` VALUES (694, 4, 45);
INSERT INTO `avaliador_trabalho` VALUES (695, 4, 46);
INSERT INTO `avaliador_trabalho` VALUES (696, 4, 47);
INSERT INTO `avaliador_trabalho` VALUES (697, 4, 48);
INSERT INTO `avaliador_trabalho` VALUES (698, 4, 49);
INSERT INTO `avaliador_trabalho` VALUES (699, 4, 50);
INSERT INTO `avaliador_trabalho` VALUES (700, 4, 51);
INSERT INTO `avaliador_trabalho` VALUES (701, 4, 52);
INSERT INTO `avaliador_trabalho` VALUES (702, 4, 53);
INSERT INTO `avaliador_trabalho` VALUES (703, 4, 54);
INSERT INTO `avaliador_trabalho` VALUES (704, 4, 55);
INSERT INTO `avaliador_trabalho` VALUES (705, 4, 56);
INSERT INTO `avaliador_trabalho` VALUES (706, 4, 57);
INSERT INTO `avaliador_trabalho` VALUES (707, 4, 58);
INSERT INTO `avaliador_trabalho` VALUES (708, 4, 59);
INSERT INTO `avaliador_trabalho` VALUES (709, 4, 60);
INSERT INTO `avaliador_trabalho` VALUES (710, 4, 61);
INSERT INTO `avaliador_trabalho` VALUES (711, 4, 62);
INSERT INTO `avaliador_trabalho` VALUES (712, 4, 63);
INSERT INTO `avaliador_trabalho` VALUES (713, 4, 64);
INSERT INTO `avaliador_trabalho` VALUES (714, 4, 65);
INSERT INTO `avaliador_trabalho` VALUES (715, 4, 66);
INSERT INTO `avaliador_trabalho` VALUES (716, 4, 67);
INSERT INTO `avaliador_trabalho` VALUES (717, 4, 68);
INSERT INTO `avaliador_trabalho` VALUES (718, 4, 69);
INSERT INTO `avaliador_trabalho` VALUES (719, 4, 70);
INSERT INTO `avaliador_trabalho` VALUES (720, 4, 71);
INSERT INTO `avaliador_trabalho` VALUES (721, 4, 72);
INSERT INTO `avaliador_trabalho` VALUES (722, 4, 73);
INSERT INTO `avaliador_trabalho` VALUES (723, 4, 74);
INSERT INTO `avaliador_trabalho` VALUES (724, 4, 75);
INSERT INTO `avaliador_trabalho` VALUES (725, 4, 76);
INSERT INTO `avaliador_trabalho` VALUES (726, 4, 77);
INSERT INTO `avaliador_trabalho` VALUES (727, 4, 78);
INSERT INTO `avaliador_trabalho` VALUES (728, 4, 79);
INSERT INTO `avaliador_trabalho` VALUES (729, 4, 80);
INSERT INTO `avaliador_trabalho` VALUES (730, 4, 81);
INSERT INTO `avaliador_trabalho` VALUES (732, 5, 1);
INSERT INTO `avaliador_trabalho` VALUES (733, 5, 2);
INSERT INTO `avaliador_trabalho` VALUES (734, 5, 3);
INSERT INTO `avaliador_trabalho` VALUES (735, 5, 4);
INSERT INTO `avaliador_trabalho` VALUES (736, 5, 5);
INSERT INTO `avaliador_trabalho` VALUES (737, 5, 6);
INSERT INTO `avaliador_trabalho` VALUES (738, 5, 7);
INSERT INTO `avaliador_trabalho` VALUES (739, 5, 8);
INSERT INTO `avaliador_trabalho` VALUES (740, 5, 9);
INSERT INTO `avaliador_trabalho` VALUES (741, 5, 10);
INSERT INTO `avaliador_trabalho` VALUES (742, 5, 11);
INSERT INTO `avaliador_trabalho` VALUES (743, 5, 12);
INSERT INTO `avaliador_trabalho` VALUES (744, 5, 13);
INSERT INTO `avaliador_trabalho` VALUES (745, 5, 14);
INSERT INTO `avaliador_trabalho` VALUES (746, 5, 15);
INSERT INTO `avaliador_trabalho` VALUES (747, 5, 16);
INSERT INTO `avaliador_trabalho` VALUES (748, 5, 17);
INSERT INTO `avaliador_trabalho` VALUES (749, 5, 18);
INSERT INTO `avaliador_trabalho` VALUES (750, 5, 19);
INSERT INTO `avaliador_trabalho` VALUES (751, 5, 20);
INSERT INTO `avaliador_trabalho` VALUES (752, 5, 21);
INSERT INTO `avaliador_trabalho` VALUES (753, 5, 22);
INSERT INTO `avaliador_trabalho` VALUES (754, 5, 23);
INSERT INTO `avaliador_trabalho` VALUES (755, 5, 24);
INSERT INTO `avaliador_trabalho` VALUES (756, 5, 25);
INSERT INTO `avaliador_trabalho` VALUES (757, 5, 26);
INSERT INTO `avaliador_trabalho` VALUES (758, 5, 27);
INSERT INTO `avaliador_trabalho` VALUES (759, 5, 28);
INSERT INTO `avaliador_trabalho` VALUES (760, 5, 29);
INSERT INTO `avaliador_trabalho` VALUES (761, 5, 30);
INSERT INTO `avaliador_trabalho` VALUES (762, 5, 31);
INSERT INTO `avaliador_trabalho` VALUES (763, 5, 32);
INSERT INTO `avaliador_trabalho` VALUES (764, 5, 33);
INSERT INTO `avaliador_trabalho` VALUES (765, 5, 34);
INSERT INTO `avaliador_trabalho` VALUES (766, 5, 35);
INSERT INTO `avaliador_trabalho` VALUES (767, 5, 36);
INSERT INTO `avaliador_trabalho` VALUES (768, 5, 37);
INSERT INTO `avaliador_trabalho` VALUES (769, 5, 38);
INSERT INTO `avaliador_trabalho` VALUES (770, 5, 39);
INSERT INTO `avaliador_trabalho` VALUES (771, 5, 40);
INSERT INTO `avaliador_trabalho` VALUES (772, 5, 41);
INSERT INTO `avaliador_trabalho` VALUES (773, 5, 42);
INSERT INTO `avaliador_trabalho` VALUES (774, 5, 43);
INSERT INTO `avaliador_trabalho` VALUES (775, 5, 44);
INSERT INTO `avaliador_trabalho` VALUES (776, 5, 45);
INSERT INTO `avaliador_trabalho` VALUES (777, 5, 46);
INSERT INTO `avaliador_trabalho` VALUES (778, 5, 47);
INSERT INTO `avaliador_trabalho` VALUES (779, 5, 48);
INSERT INTO `avaliador_trabalho` VALUES (780, 5, 49);
INSERT INTO `avaliador_trabalho` VALUES (781, 5, 50);
INSERT INTO `avaliador_trabalho` VALUES (782, 5, 51);
INSERT INTO `avaliador_trabalho` VALUES (783, 5, 52);
INSERT INTO `avaliador_trabalho` VALUES (784, 5, 53);
INSERT INTO `avaliador_trabalho` VALUES (785, 5, 54);
INSERT INTO `avaliador_trabalho` VALUES (786, 5, 55);
INSERT INTO `avaliador_trabalho` VALUES (787, 5, 56);
INSERT INTO `avaliador_trabalho` VALUES (788, 5, 57);
INSERT INTO `avaliador_trabalho` VALUES (789, 5, 58);
INSERT INTO `avaliador_trabalho` VALUES (790, 5, 59);
INSERT INTO `avaliador_trabalho` VALUES (791, 5, 60);
INSERT INTO `avaliador_trabalho` VALUES (792, 5, 61);
INSERT INTO `avaliador_trabalho` VALUES (793, 5, 62);
INSERT INTO `avaliador_trabalho` VALUES (794, 5, 63);
INSERT INTO `avaliador_trabalho` VALUES (795, 5, 64);
INSERT INTO `avaliador_trabalho` VALUES (796, 5, 65);
INSERT INTO `avaliador_trabalho` VALUES (797, 5, 66);
INSERT INTO `avaliador_trabalho` VALUES (798, 5, 67);
INSERT INTO `avaliador_trabalho` VALUES (799, 5, 68);
INSERT INTO `avaliador_trabalho` VALUES (800, 5, 69);
INSERT INTO `avaliador_trabalho` VALUES (801, 5, 70);
INSERT INTO `avaliador_trabalho` VALUES (802, 5, 71);
INSERT INTO `avaliador_trabalho` VALUES (803, 5, 72);
INSERT INTO `avaliador_trabalho` VALUES (804, 5, 73);
INSERT INTO `avaliador_trabalho` VALUES (805, 5, 74);
INSERT INTO `avaliador_trabalho` VALUES (806, 5, 75);
INSERT INTO `avaliador_trabalho` VALUES (807, 5, 76);
INSERT INTO `avaliador_trabalho` VALUES (808, 5, 77);
INSERT INTO `avaliador_trabalho` VALUES (809, 5, 78);
INSERT INTO `avaliador_trabalho` VALUES (810, 5, 79);
INSERT INTO `avaliador_trabalho` VALUES (811, 5, 80);
INSERT INTO `avaliador_trabalho` VALUES (812, 5, 81);
INSERT INTO `avaliador_trabalho` VALUES (814, 6, 1);
INSERT INTO `avaliador_trabalho` VALUES (815, 6, 2);
INSERT INTO `avaliador_trabalho` VALUES (816, 6, 3);
INSERT INTO `avaliador_trabalho` VALUES (817, 6, 4);
INSERT INTO `avaliador_trabalho` VALUES (818, 6, 5);
INSERT INTO `avaliador_trabalho` VALUES (819, 6, 6);
INSERT INTO `avaliador_trabalho` VALUES (820, 6, 7);
INSERT INTO `avaliador_trabalho` VALUES (821, 6, 8);
INSERT INTO `avaliador_trabalho` VALUES (822, 6, 9);
INSERT INTO `avaliador_trabalho` VALUES (823, 6, 10);
INSERT INTO `avaliador_trabalho` VALUES (824, 6, 11);
INSERT INTO `avaliador_trabalho` VALUES (825, 6, 12);
INSERT INTO `avaliador_trabalho` VALUES (826, 6, 13);
INSERT INTO `avaliador_trabalho` VALUES (827, 6, 14);
INSERT INTO `avaliador_trabalho` VALUES (828, 6, 15);
INSERT INTO `avaliador_trabalho` VALUES (829, 6, 16);
INSERT INTO `avaliador_trabalho` VALUES (830, 6, 17);
INSERT INTO `avaliador_trabalho` VALUES (831, 6, 18);
INSERT INTO `avaliador_trabalho` VALUES (832, 6, 19);
INSERT INTO `avaliador_trabalho` VALUES (833, 6, 20);
INSERT INTO `avaliador_trabalho` VALUES (834, 6, 21);
INSERT INTO `avaliador_trabalho` VALUES (835, 6, 22);
INSERT INTO `avaliador_trabalho` VALUES (836, 6, 23);
INSERT INTO `avaliador_trabalho` VALUES (837, 6, 24);
INSERT INTO `avaliador_trabalho` VALUES (838, 6, 25);
INSERT INTO `avaliador_trabalho` VALUES (839, 6, 26);
INSERT INTO `avaliador_trabalho` VALUES (840, 6, 27);
INSERT INTO `avaliador_trabalho` VALUES (841, 6, 28);
INSERT INTO `avaliador_trabalho` VALUES (842, 6, 29);
INSERT INTO `avaliador_trabalho` VALUES (843, 6, 30);
INSERT INTO `avaliador_trabalho` VALUES (844, 6, 31);
INSERT INTO `avaliador_trabalho` VALUES (845, 6, 32);
INSERT INTO `avaliador_trabalho` VALUES (846, 6, 33);
INSERT INTO `avaliador_trabalho` VALUES (847, 6, 34);
INSERT INTO `avaliador_trabalho` VALUES (848, 6, 35);
INSERT INTO `avaliador_trabalho` VALUES (849, 6, 36);
INSERT INTO `avaliador_trabalho` VALUES (850, 6, 37);
INSERT INTO `avaliador_trabalho` VALUES (851, 6, 38);
INSERT INTO `avaliador_trabalho` VALUES (852, 6, 39);
INSERT INTO `avaliador_trabalho` VALUES (853, 6, 40);
INSERT INTO `avaliador_trabalho` VALUES (854, 6, 41);
INSERT INTO `avaliador_trabalho` VALUES (855, 6, 42);
INSERT INTO `avaliador_trabalho` VALUES (856, 6, 43);
INSERT INTO `avaliador_trabalho` VALUES (857, 6, 44);
INSERT INTO `avaliador_trabalho` VALUES (858, 6, 45);
INSERT INTO `avaliador_trabalho` VALUES (859, 6, 46);
INSERT INTO `avaliador_trabalho` VALUES (860, 6, 47);
INSERT INTO `avaliador_trabalho` VALUES (861, 6, 48);
INSERT INTO `avaliador_trabalho` VALUES (862, 6, 49);
INSERT INTO `avaliador_trabalho` VALUES (863, 6, 50);
INSERT INTO `avaliador_trabalho` VALUES (864, 6, 51);
INSERT INTO `avaliador_trabalho` VALUES (865, 6, 52);
INSERT INTO `avaliador_trabalho` VALUES (866, 6, 53);
INSERT INTO `avaliador_trabalho` VALUES (867, 6, 54);
INSERT INTO `avaliador_trabalho` VALUES (868, 6, 55);
INSERT INTO `avaliador_trabalho` VALUES (869, 6, 56);
INSERT INTO `avaliador_trabalho` VALUES (870, 6, 57);
INSERT INTO `avaliador_trabalho` VALUES (871, 6, 58);
INSERT INTO `avaliador_trabalho` VALUES (872, 6, 59);
INSERT INTO `avaliador_trabalho` VALUES (873, 6, 60);
INSERT INTO `avaliador_trabalho` VALUES (874, 6, 61);
INSERT INTO `avaliador_trabalho` VALUES (875, 6, 62);
INSERT INTO `avaliador_trabalho` VALUES (876, 6, 63);
INSERT INTO `avaliador_trabalho` VALUES (877, 6, 64);
INSERT INTO `avaliador_trabalho` VALUES (878, 6, 65);
INSERT INTO `avaliador_trabalho` VALUES (879, 6, 66);
INSERT INTO `avaliador_trabalho` VALUES (880, 6, 67);
INSERT INTO `avaliador_trabalho` VALUES (881, 6, 68);
INSERT INTO `avaliador_trabalho` VALUES (882, 6, 69);
INSERT INTO `avaliador_trabalho` VALUES (883, 6, 70);
INSERT INTO `avaliador_trabalho` VALUES (884, 6, 71);
INSERT INTO `avaliador_trabalho` VALUES (885, 6, 72);
INSERT INTO `avaliador_trabalho` VALUES (886, 6, 73);
INSERT INTO `avaliador_trabalho` VALUES (887, 6, 74);
INSERT INTO `avaliador_trabalho` VALUES (888, 6, 75);
INSERT INTO `avaliador_trabalho` VALUES (889, 6, 76);
INSERT INTO `avaliador_trabalho` VALUES (890, 6, 77);
INSERT INTO `avaliador_trabalho` VALUES (891, 6, 78);
INSERT INTO `avaliador_trabalho` VALUES (892, 6, 79);
INSERT INTO `avaliador_trabalho` VALUES (893, 6, 80);
INSERT INTO `avaliador_trabalho` VALUES (894, 6, 81);
INSERT INTO `avaliador_trabalho` VALUES (896, 7, 1);
INSERT INTO `avaliador_trabalho` VALUES (897, 7, 2);
INSERT INTO `avaliador_trabalho` VALUES (898, 7, 3);
INSERT INTO `avaliador_trabalho` VALUES (899, 7, 4);
INSERT INTO `avaliador_trabalho` VALUES (900, 7, 5);
INSERT INTO `avaliador_trabalho` VALUES (901, 7, 6);
INSERT INTO `avaliador_trabalho` VALUES (902, 7, 7);
INSERT INTO `avaliador_trabalho` VALUES (903, 7, 8);
INSERT INTO `avaliador_trabalho` VALUES (904, 7, 9);
INSERT INTO `avaliador_trabalho` VALUES (905, 7, 10);
INSERT INTO `avaliador_trabalho` VALUES (906, 7, 11);
INSERT INTO `avaliador_trabalho` VALUES (907, 7, 12);
INSERT INTO `avaliador_trabalho` VALUES (908, 7, 13);
INSERT INTO `avaliador_trabalho` VALUES (909, 7, 14);
INSERT INTO `avaliador_trabalho` VALUES (910, 7, 15);
INSERT INTO `avaliador_trabalho` VALUES (911, 7, 16);
INSERT INTO `avaliador_trabalho` VALUES (912, 7, 17);
INSERT INTO `avaliador_trabalho` VALUES (913, 7, 18);
INSERT INTO `avaliador_trabalho` VALUES (914, 7, 19);
INSERT INTO `avaliador_trabalho` VALUES (915, 7, 20);
INSERT INTO `avaliador_trabalho` VALUES (916, 7, 21);
INSERT INTO `avaliador_trabalho` VALUES (917, 7, 22);
INSERT INTO `avaliador_trabalho` VALUES (918, 7, 23);
INSERT INTO `avaliador_trabalho` VALUES (919, 7, 24);
INSERT INTO `avaliador_trabalho` VALUES (920, 7, 25);
INSERT INTO `avaliador_trabalho` VALUES (921, 7, 26);
INSERT INTO `avaliador_trabalho` VALUES (922, 7, 27);
INSERT INTO `avaliador_trabalho` VALUES (923, 7, 28);
INSERT INTO `avaliador_trabalho` VALUES (924, 7, 29);
INSERT INTO `avaliador_trabalho` VALUES (925, 7, 30);
INSERT INTO `avaliador_trabalho` VALUES (926, 7, 31);
INSERT INTO `avaliador_trabalho` VALUES (927, 7, 32);
INSERT INTO `avaliador_trabalho` VALUES (928, 7, 33);
INSERT INTO `avaliador_trabalho` VALUES (929, 7, 34);
INSERT INTO `avaliador_trabalho` VALUES (930, 7, 35);
INSERT INTO `avaliador_trabalho` VALUES (931, 7, 36);
INSERT INTO `avaliador_trabalho` VALUES (932, 7, 37);
INSERT INTO `avaliador_trabalho` VALUES (933, 7, 38);
INSERT INTO `avaliador_trabalho` VALUES (934, 7, 39);
INSERT INTO `avaliador_trabalho` VALUES (935, 7, 40);
INSERT INTO `avaliador_trabalho` VALUES (936, 7, 41);
INSERT INTO `avaliador_trabalho` VALUES (937, 7, 42);
INSERT INTO `avaliador_trabalho` VALUES (938, 7, 43);
INSERT INTO `avaliador_trabalho` VALUES (939, 7, 44);
INSERT INTO `avaliador_trabalho` VALUES (940, 7, 45);
INSERT INTO `avaliador_trabalho` VALUES (941, 7, 46);
INSERT INTO `avaliador_trabalho` VALUES (942, 7, 47);
INSERT INTO `avaliador_trabalho` VALUES (943, 7, 48);
INSERT INTO `avaliador_trabalho` VALUES (944, 7, 49);
INSERT INTO `avaliador_trabalho` VALUES (945, 7, 50);
INSERT INTO `avaliador_trabalho` VALUES (946, 7, 51);
INSERT INTO `avaliador_trabalho` VALUES (947, 7, 52);
INSERT INTO `avaliador_trabalho` VALUES (948, 7, 53);
INSERT INTO `avaliador_trabalho` VALUES (949, 7, 54);
INSERT INTO `avaliador_trabalho` VALUES (950, 7, 55);
INSERT INTO `avaliador_trabalho` VALUES (951, 7, 56);
INSERT INTO `avaliador_trabalho` VALUES (952, 7, 57);
INSERT INTO `avaliador_trabalho` VALUES (953, 7, 58);
INSERT INTO `avaliador_trabalho` VALUES (954, 7, 59);
INSERT INTO `avaliador_trabalho` VALUES (955, 7, 60);
INSERT INTO `avaliador_trabalho` VALUES (956, 7, 61);
INSERT INTO `avaliador_trabalho` VALUES (957, 7, 62);
INSERT INTO `avaliador_trabalho` VALUES (958, 7, 63);
INSERT INTO `avaliador_trabalho` VALUES (959, 7, 64);
INSERT INTO `avaliador_trabalho` VALUES (960, 7, 65);
INSERT INTO `avaliador_trabalho` VALUES (961, 7, 66);
INSERT INTO `avaliador_trabalho` VALUES (962, 7, 67);
INSERT INTO `avaliador_trabalho` VALUES (963, 7, 68);
INSERT INTO `avaliador_trabalho` VALUES (964, 7, 69);
INSERT INTO `avaliador_trabalho` VALUES (965, 7, 70);
INSERT INTO `avaliador_trabalho` VALUES (966, 7, 71);
INSERT INTO `avaliador_trabalho` VALUES (967, 7, 72);
INSERT INTO `avaliador_trabalho` VALUES (968, 7, 73);
INSERT INTO `avaliador_trabalho` VALUES (969, 7, 74);
INSERT INTO `avaliador_trabalho` VALUES (970, 7, 75);
INSERT INTO `avaliador_trabalho` VALUES (971, 7, 76);
INSERT INTO `avaliador_trabalho` VALUES (972, 7, 77);
INSERT INTO `avaliador_trabalho` VALUES (973, 7, 78);
INSERT INTO `avaliador_trabalho` VALUES (974, 7, 79);
INSERT INTO `avaliador_trabalho` VALUES (975, 7, 80);
INSERT INTO `avaliador_trabalho` VALUES (976, 7, 81);
INSERT INTO `avaliador_trabalho` VALUES (978, 8, 1);
INSERT INTO `avaliador_trabalho` VALUES (979, 8, 2);
INSERT INTO `avaliador_trabalho` VALUES (980, 8, 3);
INSERT INTO `avaliador_trabalho` VALUES (981, 8, 4);
INSERT INTO `avaliador_trabalho` VALUES (982, 8, 5);
INSERT INTO `avaliador_trabalho` VALUES (983, 8, 6);
INSERT INTO `avaliador_trabalho` VALUES (984, 8, 7);
INSERT INTO `avaliador_trabalho` VALUES (985, 8, 8);
INSERT INTO `avaliador_trabalho` VALUES (986, 8, 9);
INSERT INTO `avaliador_trabalho` VALUES (987, 8, 10);
INSERT INTO `avaliador_trabalho` VALUES (988, 8, 11);
INSERT INTO `avaliador_trabalho` VALUES (989, 8, 12);
INSERT INTO `avaliador_trabalho` VALUES (990, 8, 13);
INSERT INTO `avaliador_trabalho` VALUES (991, 8, 14);
INSERT INTO `avaliador_trabalho` VALUES (992, 8, 15);
INSERT INTO `avaliador_trabalho` VALUES (993, 8, 16);
INSERT INTO `avaliador_trabalho` VALUES (994, 8, 17);
INSERT INTO `avaliador_trabalho` VALUES (995, 8, 18);
INSERT INTO `avaliador_trabalho` VALUES (996, 8, 19);
INSERT INTO `avaliador_trabalho` VALUES (997, 8, 20);
INSERT INTO `avaliador_trabalho` VALUES (998, 8, 21);
INSERT INTO `avaliador_trabalho` VALUES (999, 8, 22);
INSERT INTO `avaliador_trabalho` VALUES (1000, 8, 23);
INSERT INTO `avaliador_trabalho` VALUES (1001, 8, 24);
INSERT INTO `avaliador_trabalho` VALUES (1002, 8, 25);
INSERT INTO `avaliador_trabalho` VALUES (1003, 8, 26);
INSERT INTO `avaliador_trabalho` VALUES (1004, 8, 27);
INSERT INTO `avaliador_trabalho` VALUES (1005, 8, 28);
INSERT INTO `avaliador_trabalho` VALUES (1006, 8, 29);
INSERT INTO `avaliador_trabalho` VALUES (1007, 8, 30);
INSERT INTO `avaliador_trabalho` VALUES (1008, 8, 31);
INSERT INTO `avaliador_trabalho` VALUES (1009, 8, 32);
INSERT INTO `avaliador_trabalho` VALUES (1010, 8, 33);
INSERT INTO `avaliador_trabalho` VALUES (1011, 8, 34);
INSERT INTO `avaliador_trabalho` VALUES (1012, 8, 35);
INSERT INTO `avaliador_trabalho` VALUES (1013, 8, 36);
INSERT INTO `avaliador_trabalho` VALUES (1014, 8, 37);
INSERT INTO `avaliador_trabalho` VALUES (1015, 8, 38);
INSERT INTO `avaliador_trabalho` VALUES (1016, 8, 39);
INSERT INTO `avaliador_trabalho` VALUES (1017, 8, 40);
INSERT INTO `avaliador_trabalho` VALUES (1018, 8, 41);
INSERT INTO `avaliador_trabalho` VALUES (1019, 8, 42);
INSERT INTO `avaliador_trabalho` VALUES (1020, 8, 43);
INSERT INTO `avaliador_trabalho` VALUES (1021, 8, 44);
INSERT INTO `avaliador_trabalho` VALUES (1022, 8, 45);
INSERT INTO `avaliador_trabalho` VALUES (1023, 8, 46);
INSERT INTO `avaliador_trabalho` VALUES (1024, 8, 47);
INSERT INTO `avaliador_trabalho` VALUES (1025, 8, 48);
INSERT INTO `avaliador_trabalho` VALUES (1026, 8, 49);
INSERT INTO `avaliador_trabalho` VALUES (1027, 8, 50);
INSERT INTO `avaliador_trabalho` VALUES (1028, 8, 51);
INSERT INTO `avaliador_trabalho` VALUES (1029, 8, 52);
INSERT INTO `avaliador_trabalho` VALUES (1030, 8, 53);
INSERT INTO `avaliador_trabalho` VALUES (1031, 8, 54);
INSERT INTO `avaliador_trabalho` VALUES (1032, 8, 55);
INSERT INTO `avaliador_trabalho` VALUES (1033, 8, 56);
INSERT INTO `avaliador_trabalho` VALUES (1034, 8, 57);
INSERT INTO `avaliador_trabalho` VALUES (1035, 8, 58);
INSERT INTO `avaliador_trabalho` VALUES (1036, 8, 59);
INSERT INTO `avaliador_trabalho` VALUES (1037, 8, 60);
INSERT INTO `avaliador_trabalho` VALUES (1038, 8, 61);
INSERT INTO `avaliador_trabalho` VALUES (1039, 8, 62);
INSERT INTO `avaliador_trabalho` VALUES (1040, 8, 63);
INSERT INTO `avaliador_trabalho` VALUES (1041, 8, 64);
INSERT INTO `avaliador_trabalho` VALUES (1042, 8, 65);
INSERT INTO `avaliador_trabalho` VALUES (1043, 8, 66);
INSERT INTO `avaliador_trabalho` VALUES (1044, 8, 67);
INSERT INTO `avaliador_trabalho` VALUES (1045, 8, 68);
INSERT INTO `avaliador_trabalho` VALUES (1046, 8, 69);
INSERT INTO `avaliador_trabalho` VALUES (1047, 8, 70);
INSERT INTO `avaliador_trabalho` VALUES (1048, 8, 71);
INSERT INTO `avaliador_trabalho` VALUES (1049, 8, 72);
INSERT INTO `avaliador_trabalho` VALUES (1050, 8, 73);
INSERT INTO `avaliador_trabalho` VALUES (1051, 8, 74);
INSERT INTO `avaliador_trabalho` VALUES (1052, 8, 75);
INSERT INTO `avaliador_trabalho` VALUES (1053, 8, 76);
INSERT INTO `avaliador_trabalho` VALUES (1054, 8, 77);
INSERT INTO `avaliador_trabalho` VALUES (1055, 8, 78);
INSERT INTO `avaliador_trabalho` VALUES (1056, 8, 79);
INSERT INTO `avaliador_trabalho` VALUES (1057, 8, 80);
INSERT INTO `avaliador_trabalho` VALUES (1058, 8, 81);
INSERT INTO `avaliador_trabalho` VALUES (1060, 9, 1);
INSERT INTO `avaliador_trabalho` VALUES (1061, 9, 2);
INSERT INTO `avaliador_trabalho` VALUES (1062, 9, 3);
INSERT INTO `avaliador_trabalho` VALUES (1063, 9, 4);
INSERT INTO `avaliador_trabalho` VALUES (1064, 9, 5);
INSERT INTO `avaliador_trabalho` VALUES (1065, 9, 6);
INSERT INTO `avaliador_trabalho` VALUES (1066, 9, 7);
INSERT INTO `avaliador_trabalho` VALUES (1067, 9, 8);
INSERT INTO `avaliador_trabalho` VALUES (1068, 9, 9);
INSERT INTO `avaliador_trabalho` VALUES (1069, 9, 10);
INSERT INTO `avaliador_trabalho` VALUES (1070, 9, 11);
INSERT INTO `avaliador_trabalho` VALUES (1071, 9, 12);
INSERT INTO `avaliador_trabalho` VALUES (1072, 9, 13);
INSERT INTO `avaliador_trabalho` VALUES (1073, 9, 14);
INSERT INTO `avaliador_trabalho` VALUES (1074, 9, 15);
INSERT INTO `avaliador_trabalho` VALUES (1075, 9, 16);
INSERT INTO `avaliador_trabalho` VALUES (1076, 9, 17);
INSERT INTO `avaliador_trabalho` VALUES (1077, 9, 18);
INSERT INTO `avaliador_trabalho` VALUES (1078, 9, 19);
INSERT INTO `avaliador_trabalho` VALUES (1079, 9, 20);
INSERT INTO `avaliador_trabalho` VALUES (1080, 9, 21);
INSERT INTO `avaliador_trabalho` VALUES (1081, 9, 22);
INSERT INTO `avaliador_trabalho` VALUES (1082, 9, 23);
INSERT INTO `avaliador_trabalho` VALUES (1083, 9, 24);
INSERT INTO `avaliador_trabalho` VALUES (1084, 9, 25);
INSERT INTO `avaliador_trabalho` VALUES (1085, 9, 26);
INSERT INTO `avaliador_trabalho` VALUES (1086, 9, 27);
INSERT INTO `avaliador_trabalho` VALUES (1087, 9, 28);
INSERT INTO `avaliador_trabalho` VALUES (1088, 9, 29);
INSERT INTO `avaliador_trabalho` VALUES (1089, 9, 30);
INSERT INTO `avaliador_trabalho` VALUES (1090, 9, 31);
INSERT INTO `avaliador_trabalho` VALUES (1091, 9, 32);
INSERT INTO `avaliador_trabalho` VALUES (1092, 9, 33);
INSERT INTO `avaliador_trabalho` VALUES (1093, 9, 34);
INSERT INTO `avaliador_trabalho` VALUES (1094, 9, 35);
INSERT INTO `avaliador_trabalho` VALUES (1095, 9, 36);
INSERT INTO `avaliador_trabalho` VALUES (1096, 9, 37);
INSERT INTO `avaliador_trabalho` VALUES (1097, 9, 38);
INSERT INTO `avaliador_trabalho` VALUES (1098, 9, 39);
INSERT INTO `avaliador_trabalho` VALUES (1099, 9, 40);
INSERT INTO `avaliador_trabalho` VALUES (1100, 9, 41);
INSERT INTO `avaliador_trabalho` VALUES (1101, 9, 42);
INSERT INTO `avaliador_trabalho` VALUES (1102, 9, 43);
INSERT INTO `avaliador_trabalho` VALUES (1103, 9, 44);
INSERT INTO `avaliador_trabalho` VALUES (1104, 9, 45);
INSERT INTO `avaliador_trabalho` VALUES (1105, 9, 46);
INSERT INTO `avaliador_trabalho` VALUES (1106, 9, 47);
INSERT INTO `avaliador_trabalho` VALUES (1107, 9, 48);
INSERT INTO `avaliador_trabalho` VALUES (1108, 9, 49);
INSERT INTO `avaliador_trabalho` VALUES (1109, 9, 50);
INSERT INTO `avaliador_trabalho` VALUES (1110, 9, 51);
INSERT INTO `avaliador_trabalho` VALUES (1111, 9, 52);
INSERT INTO `avaliador_trabalho` VALUES (1112, 9, 53);
INSERT INTO `avaliador_trabalho` VALUES (1113, 9, 54);
INSERT INTO `avaliador_trabalho` VALUES (1114, 9, 55);
INSERT INTO `avaliador_trabalho` VALUES (1115, 9, 56);
INSERT INTO `avaliador_trabalho` VALUES (1116, 9, 57);
INSERT INTO `avaliador_trabalho` VALUES (1117, 9, 58);
INSERT INTO `avaliador_trabalho` VALUES (1118, 9, 59);
INSERT INTO `avaliador_trabalho` VALUES (1119, 9, 60);
INSERT INTO `avaliador_trabalho` VALUES (1120, 9, 61);
INSERT INTO `avaliador_trabalho` VALUES (1121, 9, 62);
INSERT INTO `avaliador_trabalho` VALUES (1122, 9, 63);
INSERT INTO `avaliador_trabalho` VALUES (1123, 9, 64);
INSERT INTO `avaliador_trabalho` VALUES (1124, 9, 65);
INSERT INTO `avaliador_trabalho` VALUES (1125, 9, 66);
INSERT INTO `avaliador_trabalho` VALUES (1126, 9, 67);
INSERT INTO `avaliador_trabalho` VALUES (1127, 9, 68);
INSERT INTO `avaliador_trabalho` VALUES (1128, 9, 69);
INSERT INTO `avaliador_trabalho` VALUES (1129, 9, 70);
INSERT INTO `avaliador_trabalho` VALUES (1130, 9, 71);
INSERT INTO `avaliador_trabalho` VALUES (1131, 9, 72);
INSERT INTO `avaliador_trabalho` VALUES (1132, 9, 73);
INSERT INTO `avaliador_trabalho` VALUES (1133, 9, 74);
INSERT INTO `avaliador_trabalho` VALUES (1134, 9, 75);
INSERT INTO `avaliador_trabalho` VALUES (1135, 9, 76);
INSERT INTO `avaliador_trabalho` VALUES (1136, 9, 77);
INSERT INTO `avaliador_trabalho` VALUES (1137, 9, 78);
INSERT INTO `avaliador_trabalho` VALUES (1138, 9, 79);
INSERT INTO `avaliador_trabalho` VALUES (1139, 9, 80);
INSERT INTO `avaliador_trabalho` VALUES (1140, 9, 81);
INSERT INTO `avaliador_trabalho` VALUES (1142, 10, 1);
INSERT INTO `avaliador_trabalho` VALUES (1143, 10, 2);
INSERT INTO `avaliador_trabalho` VALUES (1144, 10, 3);
INSERT INTO `avaliador_trabalho` VALUES (1145, 10, 4);
INSERT INTO `avaliador_trabalho` VALUES (1146, 10, 5);
INSERT INTO `avaliador_trabalho` VALUES (1147, 10, 6);
INSERT INTO `avaliador_trabalho` VALUES (1148, 10, 7);
INSERT INTO `avaliador_trabalho` VALUES (1149, 10, 8);
INSERT INTO `avaliador_trabalho` VALUES (1150, 10, 9);
INSERT INTO `avaliador_trabalho` VALUES (1151, 10, 10);
INSERT INTO `avaliador_trabalho` VALUES (1152, 10, 11);
INSERT INTO `avaliador_trabalho` VALUES (1153, 10, 12);
INSERT INTO `avaliador_trabalho` VALUES (1154, 10, 13);
INSERT INTO `avaliador_trabalho` VALUES (1155, 10, 14);
INSERT INTO `avaliador_trabalho` VALUES (1156, 10, 15);
INSERT INTO `avaliador_trabalho` VALUES (1157, 10, 16);
INSERT INTO `avaliador_trabalho` VALUES (1158, 10, 17);
INSERT INTO `avaliador_trabalho` VALUES (1159, 10, 18);
INSERT INTO `avaliador_trabalho` VALUES (1160, 10, 19);
INSERT INTO `avaliador_trabalho` VALUES (1161, 10, 20);
INSERT INTO `avaliador_trabalho` VALUES (1162, 10, 21);
INSERT INTO `avaliador_trabalho` VALUES (1163, 10, 22);
INSERT INTO `avaliador_trabalho` VALUES (1164, 10, 23);
INSERT INTO `avaliador_trabalho` VALUES (1165, 10, 24);
INSERT INTO `avaliador_trabalho` VALUES (1166, 10, 25);
INSERT INTO `avaliador_trabalho` VALUES (1167, 10, 26);
INSERT INTO `avaliador_trabalho` VALUES (1168, 10, 27);
INSERT INTO `avaliador_trabalho` VALUES (1169, 10, 28);
INSERT INTO `avaliador_trabalho` VALUES (1170, 10, 29);
INSERT INTO `avaliador_trabalho` VALUES (1171, 10, 30);
INSERT INTO `avaliador_trabalho` VALUES (1172, 10, 31);
INSERT INTO `avaliador_trabalho` VALUES (1173, 10, 32);
INSERT INTO `avaliador_trabalho` VALUES (1174, 10, 33);
INSERT INTO `avaliador_trabalho` VALUES (1175, 10, 34);
INSERT INTO `avaliador_trabalho` VALUES (1176, 10, 35);
INSERT INTO `avaliador_trabalho` VALUES (1177, 10, 36);
INSERT INTO `avaliador_trabalho` VALUES (1178, 10, 37);
INSERT INTO `avaliador_trabalho` VALUES (1179, 10, 38);
INSERT INTO `avaliador_trabalho` VALUES (1180, 10, 39);
INSERT INTO `avaliador_trabalho` VALUES (1181, 10, 40);
INSERT INTO `avaliador_trabalho` VALUES (1182, 10, 41);
INSERT INTO `avaliador_trabalho` VALUES (1183, 10, 42);
INSERT INTO `avaliador_trabalho` VALUES (1184, 10, 43);
INSERT INTO `avaliador_trabalho` VALUES (1185, 10, 44);
INSERT INTO `avaliador_trabalho` VALUES (1186, 10, 45);
INSERT INTO `avaliador_trabalho` VALUES (1187, 10, 46);
INSERT INTO `avaliador_trabalho` VALUES (1188, 10, 47);
INSERT INTO `avaliador_trabalho` VALUES (1189, 10, 48);
INSERT INTO `avaliador_trabalho` VALUES (1190, 10, 49);
INSERT INTO `avaliador_trabalho` VALUES (1191, 10, 50);
INSERT INTO `avaliador_trabalho` VALUES (1192, 10, 51);
INSERT INTO `avaliador_trabalho` VALUES (1193, 10, 52);
INSERT INTO `avaliador_trabalho` VALUES (1194, 10, 53);
INSERT INTO `avaliador_trabalho` VALUES (1195, 10, 54);
INSERT INTO `avaliador_trabalho` VALUES (1196, 10, 55);
INSERT INTO `avaliador_trabalho` VALUES (1197, 10, 56);
INSERT INTO `avaliador_trabalho` VALUES (1198, 10, 57);
INSERT INTO `avaliador_trabalho` VALUES (1199, 10, 58);
INSERT INTO `avaliador_trabalho` VALUES (1200, 10, 59);
INSERT INTO `avaliador_trabalho` VALUES (1201, 10, 60);
INSERT INTO `avaliador_trabalho` VALUES (1202, 10, 61);
INSERT INTO `avaliador_trabalho` VALUES (1203, 10, 62);
INSERT INTO `avaliador_trabalho` VALUES (1204, 10, 63);
INSERT INTO `avaliador_trabalho` VALUES (1205, 10, 64);
INSERT INTO `avaliador_trabalho` VALUES (1206, 10, 65);
INSERT INTO `avaliador_trabalho` VALUES (1207, 10, 66);
INSERT INTO `avaliador_trabalho` VALUES (1208, 10, 67);
INSERT INTO `avaliador_trabalho` VALUES (1209, 10, 68);
INSERT INTO `avaliador_trabalho` VALUES (1210, 10, 69);
INSERT INTO `avaliador_trabalho` VALUES (1211, 10, 70);
INSERT INTO `avaliador_trabalho` VALUES (1212, 10, 71);
INSERT INTO `avaliador_trabalho` VALUES (1213, 10, 72);
INSERT INTO `avaliador_trabalho` VALUES (1214, 10, 73);
INSERT INTO `avaliador_trabalho` VALUES (1215, 10, 74);
INSERT INTO `avaliador_trabalho` VALUES (1216, 10, 75);
INSERT INTO `avaliador_trabalho` VALUES (1217, 10, 76);
INSERT INTO `avaliador_trabalho` VALUES (1218, 10, 77);
INSERT INTO `avaliador_trabalho` VALUES (1219, 10, 78);
INSERT INTO `avaliador_trabalho` VALUES (1220, 10, 79);
INSERT INTO `avaliador_trabalho` VALUES (1221, 10, 80);
INSERT INTO `avaliador_trabalho` VALUES (1222, 10, 81);
INSERT INTO `avaliador_trabalho` VALUES (1224, 11, 1);
INSERT INTO `avaliador_trabalho` VALUES (1225, 11, 2);
INSERT INTO `avaliador_trabalho` VALUES (1226, 11, 3);
INSERT INTO `avaliador_trabalho` VALUES (1227, 11, 4);
INSERT INTO `avaliador_trabalho` VALUES (1228, 11, 5);
INSERT INTO `avaliador_trabalho` VALUES (1229, 11, 6);
INSERT INTO `avaliador_trabalho` VALUES (1230, 11, 7);
INSERT INTO `avaliador_trabalho` VALUES (1231, 11, 8);
INSERT INTO `avaliador_trabalho` VALUES (1232, 11, 9);
INSERT INTO `avaliador_trabalho` VALUES (1233, 11, 10);
INSERT INTO `avaliador_trabalho` VALUES (1234, 11, 11);
INSERT INTO `avaliador_trabalho` VALUES (1235, 11, 12);
INSERT INTO `avaliador_trabalho` VALUES (1236, 11, 13);
INSERT INTO `avaliador_trabalho` VALUES (1237, 11, 14);
INSERT INTO `avaliador_trabalho` VALUES (1238, 11, 15);
INSERT INTO `avaliador_trabalho` VALUES (1239, 11, 16);
INSERT INTO `avaliador_trabalho` VALUES (1240, 11, 17);
INSERT INTO `avaliador_trabalho` VALUES (1241, 11, 18);
INSERT INTO `avaliador_trabalho` VALUES (1242, 11, 19);
INSERT INTO `avaliador_trabalho` VALUES (1243, 11, 20);
INSERT INTO `avaliador_trabalho` VALUES (1244, 11, 21);
INSERT INTO `avaliador_trabalho` VALUES (1245, 11, 22);
INSERT INTO `avaliador_trabalho` VALUES (1246, 11, 23);
INSERT INTO `avaliador_trabalho` VALUES (1247, 11, 24);
INSERT INTO `avaliador_trabalho` VALUES (1248, 11, 25);
INSERT INTO `avaliador_trabalho` VALUES (1249, 11, 26);
INSERT INTO `avaliador_trabalho` VALUES (1250, 11, 27);
INSERT INTO `avaliador_trabalho` VALUES (1251, 11, 28);
INSERT INTO `avaliador_trabalho` VALUES (1252, 11, 29);
INSERT INTO `avaliador_trabalho` VALUES (1253, 11, 30);
INSERT INTO `avaliador_trabalho` VALUES (1254, 11, 31);
INSERT INTO `avaliador_trabalho` VALUES (1255, 11, 32);
INSERT INTO `avaliador_trabalho` VALUES (1256, 11, 33);
INSERT INTO `avaliador_trabalho` VALUES (1257, 11, 34);
INSERT INTO `avaliador_trabalho` VALUES (1258, 11, 35);
INSERT INTO `avaliador_trabalho` VALUES (1259, 11, 36);
INSERT INTO `avaliador_trabalho` VALUES (1260, 11, 37);
INSERT INTO `avaliador_trabalho` VALUES (1261, 11, 38);
INSERT INTO `avaliador_trabalho` VALUES (1262, 11, 39);
INSERT INTO `avaliador_trabalho` VALUES (1263, 11, 40);
INSERT INTO `avaliador_trabalho` VALUES (1264, 11, 41);
INSERT INTO `avaliador_trabalho` VALUES (1265, 11, 42);
INSERT INTO `avaliador_trabalho` VALUES (1266, 11, 43);
INSERT INTO `avaliador_trabalho` VALUES (1267, 11, 44);
INSERT INTO `avaliador_trabalho` VALUES (1268, 11, 45);
INSERT INTO `avaliador_trabalho` VALUES (1269, 11, 46);
INSERT INTO `avaliador_trabalho` VALUES (1270, 11, 47);
INSERT INTO `avaliador_trabalho` VALUES (1271, 11, 48);
INSERT INTO `avaliador_trabalho` VALUES (1272, 11, 49);
INSERT INTO `avaliador_trabalho` VALUES (1273, 11, 50);
INSERT INTO `avaliador_trabalho` VALUES (1274, 11, 51);
INSERT INTO `avaliador_trabalho` VALUES (1275, 11, 52);
INSERT INTO `avaliador_trabalho` VALUES (1276, 11, 53);
INSERT INTO `avaliador_trabalho` VALUES (1277, 11, 54);
INSERT INTO `avaliador_trabalho` VALUES (1278, 11, 55);
INSERT INTO `avaliador_trabalho` VALUES (1279, 11, 56);
INSERT INTO `avaliador_trabalho` VALUES (1280, 11, 57);
INSERT INTO `avaliador_trabalho` VALUES (1281, 11, 58);
INSERT INTO `avaliador_trabalho` VALUES (1282, 11, 59);
INSERT INTO `avaliador_trabalho` VALUES (1283, 11, 60);
INSERT INTO `avaliador_trabalho` VALUES (1284, 11, 61);
INSERT INTO `avaliador_trabalho` VALUES (1285, 11, 62);
INSERT INTO `avaliador_trabalho` VALUES (1286, 11, 63);
INSERT INTO `avaliador_trabalho` VALUES (1287, 11, 64);
INSERT INTO `avaliador_trabalho` VALUES (1288, 11, 65);
INSERT INTO `avaliador_trabalho` VALUES (1289, 11, 66);
INSERT INTO `avaliador_trabalho` VALUES (1290, 11, 67);
INSERT INTO `avaliador_trabalho` VALUES (1291, 11, 68);
INSERT INTO `avaliador_trabalho` VALUES (1292, 11, 69);
INSERT INTO `avaliador_trabalho` VALUES (1293, 11, 70);
INSERT INTO `avaliador_trabalho` VALUES (1294, 11, 71);
INSERT INTO `avaliador_trabalho` VALUES (1295, 11, 72);
INSERT INTO `avaliador_trabalho` VALUES (1296, 11, 73);
INSERT INTO `avaliador_trabalho` VALUES (1297, 11, 74);
INSERT INTO `avaliador_trabalho` VALUES (1298, 11, 75);
INSERT INTO `avaliador_trabalho` VALUES (1299, 11, 76);
INSERT INTO `avaliador_trabalho` VALUES (1300, 11, 77);
INSERT INTO `avaliador_trabalho` VALUES (1301, 11, 78);
INSERT INTO `avaliador_trabalho` VALUES (1302, 11, 79);
INSERT INTO `avaliador_trabalho` VALUES (1303, 11, 80);
INSERT INTO `avaliador_trabalho` VALUES (1304, 11, 81);
INSERT INTO `avaliador_trabalho` VALUES (1306, 12, 1);
INSERT INTO `avaliador_trabalho` VALUES (1307, 12, 2);
INSERT INTO `avaliador_trabalho` VALUES (1308, 12, 3);
INSERT INTO `avaliador_trabalho` VALUES (1309, 12, 4);
INSERT INTO `avaliador_trabalho` VALUES (1310, 12, 5);
INSERT INTO `avaliador_trabalho` VALUES (1311, 12, 6);
INSERT INTO `avaliador_trabalho` VALUES (1312, 12, 7);
INSERT INTO `avaliador_trabalho` VALUES (1313, 12, 8);
INSERT INTO `avaliador_trabalho` VALUES (1314, 12, 9);
INSERT INTO `avaliador_trabalho` VALUES (1315, 12, 10);
INSERT INTO `avaliador_trabalho` VALUES (1316, 12, 11);
INSERT INTO `avaliador_trabalho` VALUES (1317, 12, 12);
INSERT INTO `avaliador_trabalho` VALUES (1318, 12, 13);
INSERT INTO `avaliador_trabalho` VALUES (1319, 12, 14);
INSERT INTO `avaliador_trabalho` VALUES (1320, 12, 15);
INSERT INTO `avaliador_trabalho` VALUES (1321, 12, 16);
INSERT INTO `avaliador_trabalho` VALUES (1322, 12, 17);
INSERT INTO `avaliador_trabalho` VALUES (1323, 12, 18);
INSERT INTO `avaliador_trabalho` VALUES (1324, 12, 19);
INSERT INTO `avaliador_trabalho` VALUES (1325, 12, 20);
INSERT INTO `avaliador_trabalho` VALUES (1326, 12, 21);
INSERT INTO `avaliador_trabalho` VALUES (1327, 12, 22);
INSERT INTO `avaliador_trabalho` VALUES (1328, 12, 23);
INSERT INTO `avaliador_trabalho` VALUES (1329, 12, 24);
INSERT INTO `avaliador_trabalho` VALUES (1330, 12, 25);
INSERT INTO `avaliador_trabalho` VALUES (1331, 12, 26);
INSERT INTO `avaliador_trabalho` VALUES (1332, 12, 27);
INSERT INTO `avaliador_trabalho` VALUES (1333, 12, 28);
INSERT INTO `avaliador_trabalho` VALUES (1334, 12, 29);
INSERT INTO `avaliador_trabalho` VALUES (1335, 12, 30);
INSERT INTO `avaliador_trabalho` VALUES (1336, 12, 31);
INSERT INTO `avaliador_trabalho` VALUES (1337, 12, 32);
INSERT INTO `avaliador_trabalho` VALUES (1338, 12, 33);
INSERT INTO `avaliador_trabalho` VALUES (1339, 12, 34);
INSERT INTO `avaliador_trabalho` VALUES (1340, 12, 35);
INSERT INTO `avaliador_trabalho` VALUES (1341, 12, 36);
INSERT INTO `avaliador_trabalho` VALUES (1342, 12, 37);
INSERT INTO `avaliador_trabalho` VALUES (1343, 12, 38);
INSERT INTO `avaliador_trabalho` VALUES (1344, 12, 39);
INSERT INTO `avaliador_trabalho` VALUES (1345, 12, 40);
INSERT INTO `avaliador_trabalho` VALUES (1346, 12, 41);
INSERT INTO `avaliador_trabalho` VALUES (1347, 12, 42);
INSERT INTO `avaliador_trabalho` VALUES (1348, 12, 43);
INSERT INTO `avaliador_trabalho` VALUES (1349, 12, 44);
INSERT INTO `avaliador_trabalho` VALUES (1350, 12, 45);
INSERT INTO `avaliador_trabalho` VALUES (1351, 12, 46);
INSERT INTO `avaliador_trabalho` VALUES (1352, 12, 47);
INSERT INTO `avaliador_trabalho` VALUES (1353, 12, 48);
INSERT INTO `avaliador_trabalho` VALUES (1354, 12, 49);
INSERT INTO `avaliador_trabalho` VALUES (1355, 12, 50);
INSERT INTO `avaliador_trabalho` VALUES (1356, 12, 51);
INSERT INTO `avaliador_trabalho` VALUES (1357, 12, 52);
INSERT INTO `avaliador_trabalho` VALUES (1358, 12, 53);
INSERT INTO `avaliador_trabalho` VALUES (1359, 12, 54);
INSERT INTO `avaliador_trabalho` VALUES (1360, 12, 55);
INSERT INTO `avaliador_trabalho` VALUES (1361, 12, 56);
INSERT INTO `avaliador_trabalho` VALUES (1362, 12, 57);
INSERT INTO `avaliador_trabalho` VALUES (1363, 12, 58);
INSERT INTO `avaliador_trabalho` VALUES (1364, 12, 59);
INSERT INTO `avaliador_trabalho` VALUES (1365, 12, 60);
INSERT INTO `avaliador_trabalho` VALUES (1366, 12, 61);
INSERT INTO `avaliador_trabalho` VALUES (1367, 12, 62);
INSERT INTO `avaliador_trabalho` VALUES (1368, 12, 63);
INSERT INTO `avaliador_trabalho` VALUES (1369, 12, 64);
INSERT INTO `avaliador_trabalho` VALUES (1370, 12, 65);
INSERT INTO `avaliador_trabalho` VALUES (1371, 12, 66);
INSERT INTO `avaliador_trabalho` VALUES (1372, 12, 67);
INSERT INTO `avaliador_trabalho` VALUES (1373, 12, 68);
INSERT INTO `avaliador_trabalho` VALUES (1374, 12, 69);
INSERT INTO `avaliador_trabalho` VALUES (1375, 12, 70);
INSERT INTO `avaliador_trabalho` VALUES (1376, 12, 71);
INSERT INTO `avaliador_trabalho` VALUES (1377, 12, 72);
INSERT INTO `avaliador_trabalho` VALUES (1378, 12, 73);
INSERT INTO `avaliador_trabalho` VALUES (1379, 12, 74);
INSERT INTO `avaliador_trabalho` VALUES (1380, 12, 75);
INSERT INTO `avaliador_trabalho` VALUES (1381, 12, 76);
INSERT INTO `avaliador_trabalho` VALUES (1382, 12, 77);
INSERT INTO `avaliador_trabalho` VALUES (1383, 12, 78);
INSERT INTO `avaliador_trabalho` VALUES (1384, 12, 79);
INSERT INTO `avaliador_trabalho` VALUES (1385, 12, 80);
INSERT INTO `avaliador_trabalho` VALUES (1386, 12, 81);
INSERT INTO `avaliador_trabalho` VALUES (1388, 13, 1);
INSERT INTO `avaliador_trabalho` VALUES (1389, 13, 2);
INSERT INTO `avaliador_trabalho` VALUES (1390, 13, 3);
INSERT INTO `avaliador_trabalho` VALUES (1391, 13, 4);
INSERT INTO `avaliador_trabalho` VALUES (1392, 13, 5);
INSERT INTO `avaliador_trabalho` VALUES (1393, 13, 6);
INSERT INTO `avaliador_trabalho` VALUES (1394, 13, 7);
INSERT INTO `avaliador_trabalho` VALUES (1395, 13, 8);
INSERT INTO `avaliador_trabalho` VALUES (1396, 13, 9);
INSERT INTO `avaliador_trabalho` VALUES (1397, 13, 10);
INSERT INTO `avaliador_trabalho` VALUES (1398, 13, 11);
INSERT INTO `avaliador_trabalho` VALUES (1399, 13, 12);
INSERT INTO `avaliador_trabalho` VALUES (1400, 13, 13);
INSERT INTO `avaliador_trabalho` VALUES (1401, 13, 14);
INSERT INTO `avaliador_trabalho` VALUES (1402, 13, 15);
INSERT INTO `avaliador_trabalho` VALUES (1403, 13, 16);
INSERT INTO `avaliador_trabalho` VALUES (1404, 13, 17);
INSERT INTO `avaliador_trabalho` VALUES (1405, 13, 18);
INSERT INTO `avaliador_trabalho` VALUES (1406, 13, 19);
INSERT INTO `avaliador_trabalho` VALUES (1407, 13, 20);
INSERT INTO `avaliador_trabalho` VALUES (1408, 13, 21);
INSERT INTO `avaliador_trabalho` VALUES (1409, 13, 22);
INSERT INTO `avaliador_trabalho` VALUES (1410, 13, 23);
INSERT INTO `avaliador_trabalho` VALUES (1411, 13, 24);
INSERT INTO `avaliador_trabalho` VALUES (1412, 13, 25);
INSERT INTO `avaliador_trabalho` VALUES (1413, 13, 26);
INSERT INTO `avaliador_trabalho` VALUES (1414, 13, 27);
INSERT INTO `avaliador_trabalho` VALUES (1415, 13, 28);
INSERT INTO `avaliador_trabalho` VALUES (1416, 13, 29);
INSERT INTO `avaliador_trabalho` VALUES (1417, 13, 30);
INSERT INTO `avaliador_trabalho` VALUES (1418, 13, 31);
INSERT INTO `avaliador_trabalho` VALUES (1419, 13, 32);
INSERT INTO `avaliador_trabalho` VALUES (1420, 13, 33);
INSERT INTO `avaliador_trabalho` VALUES (1421, 13, 34);
INSERT INTO `avaliador_trabalho` VALUES (1422, 13, 35);
INSERT INTO `avaliador_trabalho` VALUES (1423, 13, 36);
INSERT INTO `avaliador_trabalho` VALUES (1424, 13, 37);
INSERT INTO `avaliador_trabalho` VALUES (1425, 13, 38);
INSERT INTO `avaliador_trabalho` VALUES (1426, 13, 39);
INSERT INTO `avaliador_trabalho` VALUES (1427, 13, 40);
INSERT INTO `avaliador_trabalho` VALUES (1428, 13, 41);
INSERT INTO `avaliador_trabalho` VALUES (1429, 13, 42);
INSERT INTO `avaliador_trabalho` VALUES (1430, 13, 43);
INSERT INTO `avaliador_trabalho` VALUES (1431, 13, 44);
INSERT INTO `avaliador_trabalho` VALUES (1432, 13, 45);
INSERT INTO `avaliador_trabalho` VALUES (1433, 13, 46);
INSERT INTO `avaliador_trabalho` VALUES (1434, 13, 47);
INSERT INTO `avaliador_trabalho` VALUES (1435, 13, 48);
INSERT INTO `avaliador_trabalho` VALUES (1436, 13, 49);
INSERT INTO `avaliador_trabalho` VALUES (1437, 13, 50);
INSERT INTO `avaliador_trabalho` VALUES (1438, 13, 51);
INSERT INTO `avaliador_trabalho` VALUES (1439, 13, 52);
INSERT INTO `avaliador_trabalho` VALUES (1440, 13, 53);
INSERT INTO `avaliador_trabalho` VALUES (1441, 13, 54);
INSERT INTO `avaliador_trabalho` VALUES (1442, 13, 55);
INSERT INTO `avaliador_trabalho` VALUES (1443, 13, 56);
INSERT INTO `avaliador_trabalho` VALUES (1444, 13, 57);
INSERT INTO `avaliador_trabalho` VALUES (1445, 13, 58);
INSERT INTO `avaliador_trabalho` VALUES (1446, 13, 59);
INSERT INTO `avaliador_trabalho` VALUES (1447, 13, 60);
INSERT INTO `avaliador_trabalho` VALUES (1448, 13, 61);
INSERT INTO `avaliador_trabalho` VALUES (1449, 13, 62);
INSERT INTO `avaliador_trabalho` VALUES (1450, 13, 63);
INSERT INTO `avaliador_trabalho` VALUES (1451, 13, 64);
INSERT INTO `avaliador_trabalho` VALUES (1452, 13, 65);
INSERT INTO `avaliador_trabalho` VALUES (1453, 13, 66);
INSERT INTO `avaliador_trabalho` VALUES (1454, 13, 67);
INSERT INTO `avaliador_trabalho` VALUES (1455, 13, 68);
INSERT INTO `avaliador_trabalho` VALUES (1456, 13, 69);
INSERT INTO `avaliador_trabalho` VALUES (1457, 13, 70);
INSERT INTO `avaliador_trabalho` VALUES (1458, 13, 71);
INSERT INTO `avaliador_trabalho` VALUES (1459, 13, 72);
INSERT INTO `avaliador_trabalho` VALUES (1460, 13, 73);
INSERT INTO `avaliador_trabalho` VALUES (1461, 13, 74);
INSERT INTO `avaliador_trabalho` VALUES (1462, 13, 75);
INSERT INTO `avaliador_trabalho` VALUES (1463, 13, 76);
INSERT INTO `avaliador_trabalho` VALUES (1464, 13, 77);
INSERT INTO `avaliador_trabalho` VALUES (1465, 13, 78);
INSERT INTO `avaliador_trabalho` VALUES (1466, 13, 79);
INSERT INTO `avaliador_trabalho` VALUES (1467, 13, 80);
INSERT INTO `avaliador_trabalho` VALUES (1468, 13, 81);
INSERT INTO `avaliador_trabalho` VALUES (1470, 14, 1);
INSERT INTO `avaliador_trabalho` VALUES (1471, 14, 2);
INSERT INTO `avaliador_trabalho` VALUES (1472, 14, 3);
INSERT INTO `avaliador_trabalho` VALUES (1473, 14, 4);
INSERT INTO `avaliador_trabalho` VALUES (1474, 14, 5);
INSERT INTO `avaliador_trabalho` VALUES (1475, 14, 6);
INSERT INTO `avaliador_trabalho` VALUES (1476, 14, 7);
INSERT INTO `avaliador_trabalho` VALUES (1477, 14, 8);
INSERT INTO `avaliador_trabalho` VALUES (1478, 14, 9);
INSERT INTO `avaliador_trabalho` VALUES (1479, 14, 10);
INSERT INTO `avaliador_trabalho` VALUES (1480, 14, 11);
INSERT INTO `avaliador_trabalho` VALUES (1481, 14, 12);
INSERT INTO `avaliador_trabalho` VALUES (1482, 14, 13);
INSERT INTO `avaliador_trabalho` VALUES (1483, 14, 14);
INSERT INTO `avaliador_trabalho` VALUES (1484, 14, 15);
INSERT INTO `avaliador_trabalho` VALUES (1485, 14, 16);
INSERT INTO `avaliador_trabalho` VALUES (1486, 14, 17);
INSERT INTO `avaliador_trabalho` VALUES (1487, 14, 18);
INSERT INTO `avaliador_trabalho` VALUES (1488, 14, 19);
INSERT INTO `avaliador_trabalho` VALUES (1489, 14, 20);
INSERT INTO `avaliador_trabalho` VALUES (1490, 14, 21);
INSERT INTO `avaliador_trabalho` VALUES (1491, 14, 22);
INSERT INTO `avaliador_trabalho` VALUES (1492, 14, 23);
INSERT INTO `avaliador_trabalho` VALUES (1493, 14, 24);
INSERT INTO `avaliador_trabalho` VALUES (1494, 14, 25);
INSERT INTO `avaliador_trabalho` VALUES (1495, 14, 26);
INSERT INTO `avaliador_trabalho` VALUES (1496, 14, 27);
INSERT INTO `avaliador_trabalho` VALUES (1497, 14, 28);
INSERT INTO `avaliador_trabalho` VALUES (1498, 14, 29);
INSERT INTO `avaliador_trabalho` VALUES (1499, 14, 30);
INSERT INTO `avaliador_trabalho` VALUES (1500, 14, 31);
INSERT INTO `avaliador_trabalho` VALUES (1501, 14, 32);
INSERT INTO `avaliador_trabalho` VALUES (1502, 14, 33);
INSERT INTO `avaliador_trabalho` VALUES (1503, 14, 34);
INSERT INTO `avaliador_trabalho` VALUES (1504, 14, 35);
INSERT INTO `avaliador_trabalho` VALUES (1505, 14, 36);
INSERT INTO `avaliador_trabalho` VALUES (1506, 14, 37);
INSERT INTO `avaliador_trabalho` VALUES (1507, 14, 38);
INSERT INTO `avaliador_trabalho` VALUES (1508, 14, 39);
INSERT INTO `avaliador_trabalho` VALUES (1509, 14, 40);
INSERT INTO `avaliador_trabalho` VALUES (1510, 14, 41);
INSERT INTO `avaliador_trabalho` VALUES (1511, 14, 42);
INSERT INTO `avaliador_trabalho` VALUES (1512, 14, 43);
INSERT INTO `avaliador_trabalho` VALUES (1513, 14, 44);
INSERT INTO `avaliador_trabalho` VALUES (1514, 14, 45);
INSERT INTO `avaliador_trabalho` VALUES (1515, 14, 46);
INSERT INTO `avaliador_trabalho` VALUES (1516, 14, 47);
INSERT INTO `avaliador_trabalho` VALUES (1517, 14, 48);
INSERT INTO `avaliador_trabalho` VALUES (1518, 14, 49);
INSERT INTO `avaliador_trabalho` VALUES (1519, 14, 50);
INSERT INTO `avaliador_trabalho` VALUES (1520, 14, 51);
INSERT INTO `avaliador_trabalho` VALUES (1521, 14, 52);
INSERT INTO `avaliador_trabalho` VALUES (1522, 14, 53);
INSERT INTO `avaliador_trabalho` VALUES (1523, 14, 54);
INSERT INTO `avaliador_trabalho` VALUES (1524, 14, 55);
INSERT INTO `avaliador_trabalho` VALUES (1525, 14, 56);
INSERT INTO `avaliador_trabalho` VALUES (1526, 14, 57);
INSERT INTO `avaliador_trabalho` VALUES (1527, 14, 58);
INSERT INTO `avaliador_trabalho` VALUES (1528, 14, 59);
INSERT INTO `avaliador_trabalho` VALUES (1529, 14, 60);
INSERT INTO `avaliador_trabalho` VALUES (1530, 14, 61);
INSERT INTO `avaliador_trabalho` VALUES (1531, 14, 62);
INSERT INTO `avaliador_trabalho` VALUES (1532, 14, 63);
INSERT INTO `avaliador_trabalho` VALUES (1533, 14, 64);
INSERT INTO `avaliador_trabalho` VALUES (1534, 14, 65);
INSERT INTO `avaliador_trabalho` VALUES (1535, 14, 66);
INSERT INTO `avaliador_trabalho` VALUES (1536, 14, 67);
INSERT INTO `avaliador_trabalho` VALUES (1537, 14, 68);
INSERT INTO `avaliador_trabalho` VALUES (1538, 14, 69);
INSERT INTO `avaliador_trabalho` VALUES (1539, 14, 70);
INSERT INTO `avaliador_trabalho` VALUES (1540, 14, 71);
INSERT INTO `avaliador_trabalho` VALUES (1541, 14, 72);
INSERT INTO `avaliador_trabalho` VALUES (1542, 14, 73);
INSERT INTO `avaliador_trabalho` VALUES (1543, 14, 74);
INSERT INTO `avaliador_trabalho` VALUES (1544, 14, 75);
INSERT INTO `avaliador_trabalho` VALUES (1545, 14, 76);
INSERT INTO `avaliador_trabalho` VALUES (1546, 14, 77);
INSERT INTO `avaliador_trabalho` VALUES (1547, 14, 78);
INSERT INTO `avaliador_trabalho` VALUES (1548, 14, 79);
INSERT INTO `avaliador_trabalho` VALUES (1549, 14, 80);
INSERT INTO `avaliador_trabalho` VALUES (1550, 14, 81);
INSERT INTO `avaliador_trabalho` VALUES (1552, 15, 1);
INSERT INTO `avaliador_trabalho` VALUES (1553, 15, 2);
INSERT INTO `avaliador_trabalho` VALUES (1554, 15, 3);
INSERT INTO `avaliador_trabalho` VALUES (1555, 15, 4);
INSERT INTO `avaliador_trabalho` VALUES (1556, 15, 5);
INSERT INTO `avaliador_trabalho` VALUES (1557, 15, 6);
INSERT INTO `avaliador_trabalho` VALUES (1558, 15, 7);
INSERT INTO `avaliador_trabalho` VALUES (1559, 15, 8);
INSERT INTO `avaliador_trabalho` VALUES (1560, 15, 9);
INSERT INTO `avaliador_trabalho` VALUES (1561, 15, 10);
INSERT INTO `avaliador_trabalho` VALUES (1562, 15, 11);
INSERT INTO `avaliador_trabalho` VALUES (1563, 15, 12);
INSERT INTO `avaliador_trabalho` VALUES (1564, 15, 13);
INSERT INTO `avaliador_trabalho` VALUES (1565, 15, 14);
INSERT INTO `avaliador_trabalho` VALUES (1566, 15, 15);
INSERT INTO `avaliador_trabalho` VALUES (1567, 15, 16);
INSERT INTO `avaliador_trabalho` VALUES (1568, 15, 17);
INSERT INTO `avaliador_trabalho` VALUES (1569, 15, 18);
INSERT INTO `avaliador_trabalho` VALUES (1570, 15, 19);
INSERT INTO `avaliador_trabalho` VALUES (1571, 15, 20);
INSERT INTO `avaliador_trabalho` VALUES (1572, 15, 21);
INSERT INTO `avaliador_trabalho` VALUES (1573, 15, 22);
INSERT INTO `avaliador_trabalho` VALUES (1574, 15, 23);
INSERT INTO `avaliador_trabalho` VALUES (1575, 15, 24);
INSERT INTO `avaliador_trabalho` VALUES (1576, 15, 25);
INSERT INTO `avaliador_trabalho` VALUES (1577, 15, 26);
INSERT INTO `avaliador_trabalho` VALUES (1578, 15, 27);
INSERT INTO `avaliador_trabalho` VALUES (1579, 15, 28);
INSERT INTO `avaliador_trabalho` VALUES (1580, 15, 29);
INSERT INTO `avaliador_trabalho` VALUES (1581, 15, 30);
INSERT INTO `avaliador_trabalho` VALUES (1582, 15, 31);
INSERT INTO `avaliador_trabalho` VALUES (1583, 15, 32);
INSERT INTO `avaliador_trabalho` VALUES (1584, 15, 33);
INSERT INTO `avaliador_trabalho` VALUES (1585, 15, 34);
INSERT INTO `avaliador_trabalho` VALUES (1586, 15, 35);
INSERT INTO `avaliador_trabalho` VALUES (1587, 15, 36);
INSERT INTO `avaliador_trabalho` VALUES (1588, 15, 37);
INSERT INTO `avaliador_trabalho` VALUES (1589, 15, 38);
INSERT INTO `avaliador_trabalho` VALUES (1590, 15, 39);
INSERT INTO `avaliador_trabalho` VALUES (1591, 15, 40);
INSERT INTO `avaliador_trabalho` VALUES (1592, 15, 41);
INSERT INTO `avaliador_trabalho` VALUES (1593, 15, 42);
INSERT INTO `avaliador_trabalho` VALUES (1594, 15, 43);
INSERT INTO `avaliador_trabalho` VALUES (1595, 15, 44);
INSERT INTO `avaliador_trabalho` VALUES (1596, 15, 45);
INSERT INTO `avaliador_trabalho` VALUES (1597, 15, 46);
INSERT INTO `avaliador_trabalho` VALUES (1598, 15, 47);
INSERT INTO `avaliador_trabalho` VALUES (1599, 15, 48);
INSERT INTO `avaliador_trabalho` VALUES (1600, 15, 49);
INSERT INTO `avaliador_trabalho` VALUES (1601, 15, 50);
INSERT INTO `avaliador_trabalho` VALUES (1602, 15, 51);
INSERT INTO `avaliador_trabalho` VALUES (1603, 15, 52);
INSERT INTO `avaliador_trabalho` VALUES (1604, 15, 53);
INSERT INTO `avaliador_trabalho` VALUES (1605, 15, 54);
INSERT INTO `avaliador_trabalho` VALUES (1606, 15, 55);
INSERT INTO `avaliador_trabalho` VALUES (1607, 15, 56);
INSERT INTO `avaliador_trabalho` VALUES (1608, 15, 57);
INSERT INTO `avaliador_trabalho` VALUES (1609, 15, 58);
INSERT INTO `avaliador_trabalho` VALUES (1610, 15, 59);
INSERT INTO `avaliador_trabalho` VALUES (1611, 15, 60);
INSERT INTO `avaliador_trabalho` VALUES (1612, 15, 61);
INSERT INTO `avaliador_trabalho` VALUES (1613, 15, 62);
INSERT INTO `avaliador_trabalho` VALUES (1614, 15, 63);
INSERT INTO `avaliador_trabalho` VALUES (1615, 15, 64);
INSERT INTO `avaliador_trabalho` VALUES (1616, 15, 65);
INSERT INTO `avaliador_trabalho` VALUES (1617, 15, 66);
INSERT INTO `avaliador_trabalho` VALUES (1618, 15, 67);
INSERT INTO `avaliador_trabalho` VALUES (1619, 15, 68);
INSERT INTO `avaliador_trabalho` VALUES (1620, 15, 69);
INSERT INTO `avaliador_trabalho` VALUES (1621, 15, 70);
INSERT INTO `avaliador_trabalho` VALUES (1622, 15, 71);
INSERT INTO `avaliador_trabalho` VALUES (1623, 15, 72);
INSERT INTO `avaliador_trabalho` VALUES (1624, 15, 73);
INSERT INTO `avaliador_trabalho` VALUES (1625, 15, 74);
INSERT INTO `avaliador_trabalho` VALUES (1626, 15, 75);
INSERT INTO `avaliador_trabalho` VALUES (1627, 15, 76);
INSERT INTO `avaliador_trabalho` VALUES (1628, 15, 77);
INSERT INTO `avaliador_trabalho` VALUES (1629, 15, 78);
INSERT INTO `avaliador_trabalho` VALUES (1630, 15, 79);
INSERT INTO `avaliador_trabalho` VALUES (1631, 15, 80);
INSERT INTO `avaliador_trabalho` VALUES (1632, 15, 81);
INSERT INTO `avaliador_trabalho` VALUES (1634, 16, 1);
INSERT INTO `avaliador_trabalho` VALUES (1635, 16, 2);
INSERT INTO `avaliador_trabalho` VALUES (1636, 16, 3);
INSERT INTO `avaliador_trabalho` VALUES (1637, 16, 4);
INSERT INTO `avaliador_trabalho` VALUES (1638, 16, 5);
INSERT INTO `avaliador_trabalho` VALUES (1639, 16, 6);
INSERT INTO `avaliador_trabalho` VALUES (1640, 16, 7);
INSERT INTO `avaliador_trabalho` VALUES (1641, 16, 8);
INSERT INTO `avaliador_trabalho` VALUES (1642, 16, 9);
INSERT INTO `avaliador_trabalho` VALUES (1643, 16, 10);
INSERT INTO `avaliador_trabalho` VALUES (1644, 16, 11);
INSERT INTO `avaliador_trabalho` VALUES (1645, 16, 12);
INSERT INTO `avaliador_trabalho` VALUES (1646, 16, 13);
INSERT INTO `avaliador_trabalho` VALUES (1647, 16, 14);
INSERT INTO `avaliador_trabalho` VALUES (1648, 16, 15);
INSERT INTO `avaliador_trabalho` VALUES (1649, 16, 16);
INSERT INTO `avaliador_trabalho` VALUES (1650, 16, 17);
INSERT INTO `avaliador_trabalho` VALUES (1651, 16, 18);
INSERT INTO `avaliador_trabalho` VALUES (1652, 16, 19);
INSERT INTO `avaliador_trabalho` VALUES (1653, 16, 20);
INSERT INTO `avaliador_trabalho` VALUES (1654, 16, 21);
INSERT INTO `avaliador_trabalho` VALUES (1655, 16, 22);
INSERT INTO `avaliador_trabalho` VALUES (1656, 16, 23);
INSERT INTO `avaliador_trabalho` VALUES (1657, 16, 24);
INSERT INTO `avaliador_trabalho` VALUES (1658, 16, 25);
INSERT INTO `avaliador_trabalho` VALUES (1659, 16, 26);
INSERT INTO `avaliador_trabalho` VALUES (1660, 16, 27);
INSERT INTO `avaliador_trabalho` VALUES (1661, 16, 28);
INSERT INTO `avaliador_trabalho` VALUES (1662, 16, 29);
INSERT INTO `avaliador_trabalho` VALUES (1663, 16, 30);
INSERT INTO `avaliador_trabalho` VALUES (1664, 16, 31);
INSERT INTO `avaliador_trabalho` VALUES (1665, 16, 32);
INSERT INTO `avaliador_trabalho` VALUES (1666, 16, 33);
INSERT INTO `avaliador_trabalho` VALUES (1667, 16, 34);
INSERT INTO `avaliador_trabalho` VALUES (1668, 16, 35);
INSERT INTO `avaliador_trabalho` VALUES (1669, 16, 36);
INSERT INTO `avaliador_trabalho` VALUES (1670, 16, 37);
INSERT INTO `avaliador_trabalho` VALUES (1671, 16, 38);
INSERT INTO `avaliador_trabalho` VALUES (1672, 16, 39);
INSERT INTO `avaliador_trabalho` VALUES (1673, 16, 40);
INSERT INTO `avaliador_trabalho` VALUES (1674, 16, 41);
INSERT INTO `avaliador_trabalho` VALUES (1675, 16, 42);
INSERT INTO `avaliador_trabalho` VALUES (1676, 16, 43);
INSERT INTO `avaliador_trabalho` VALUES (1677, 16, 44);
INSERT INTO `avaliador_trabalho` VALUES (1678, 16, 45);
INSERT INTO `avaliador_trabalho` VALUES (1679, 16, 46);
INSERT INTO `avaliador_trabalho` VALUES (1680, 16, 47);
INSERT INTO `avaliador_trabalho` VALUES (1681, 16, 48);
INSERT INTO `avaliador_trabalho` VALUES (1682, 16, 49);
INSERT INTO `avaliador_trabalho` VALUES (1683, 16, 50);
INSERT INTO `avaliador_trabalho` VALUES (1684, 16, 51);
INSERT INTO `avaliador_trabalho` VALUES (1685, 16, 52);
INSERT INTO `avaliador_trabalho` VALUES (1686, 16, 53);
INSERT INTO `avaliador_trabalho` VALUES (1687, 16, 54);
INSERT INTO `avaliador_trabalho` VALUES (1688, 16, 55);
INSERT INTO `avaliador_trabalho` VALUES (1689, 16, 56);
INSERT INTO `avaliador_trabalho` VALUES (1690, 16, 57);
INSERT INTO `avaliador_trabalho` VALUES (1691, 16, 58);
INSERT INTO `avaliador_trabalho` VALUES (1692, 16, 59);
INSERT INTO `avaliador_trabalho` VALUES (1693, 16, 60);
INSERT INTO `avaliador_trabalho` VALUES (1694, 16, 61);
INSERT INTO `avaliador_trabalho` VALUES (1695, 16, 62);
INSERT INTO `avaliador_trabalho` VALUES (1696, 16, 63);
INSERT INTO `avaliador_trabalho` VALUES (1697, 16, 64);
INSERT INTO `avaliador_trabalho` VALUES (1698, 16, 65);
INSERT INTO `avaliador_trabalho` VALUES (1699, 16, 66);
INSERT INTO `avaliador_trabalho` VALUES (1700, 16, 67);
INSERT INTO `avaliador_trabalho` VALUES (1701, 16, 68);
INSERT INTO `avaliador_trabalho` VALUES (1702, 16, 69);
INSERT INTO `avaliador_trabalho` VALUES (1703, 16, 70);
INSERT INTO `avaliador_trabalho` VALUES (1704, 16, 71);
INSERT INTO `avaliador_trabalho` VALUES (1705, 16, 72);
INSERT INTO `avaliador_trabalho` VALUES (1706, 16, 73);
INSERT INTO `avaliador_trabalho` VALUES (1707, 16, 74);
INSERT INTO `avaliador_trabalho` VALUES (1708, 16, 75);
INSERT INTO `avaliador_trabalho` VALUES (1709, 16, 76);
INSERT INTO `avaliador_trabalho` VALUES (1710, 16, 77);
INSERT INTO `avaliador_trabalho` VALUES (1711, 16, 78);
INSERT INTO `avaliador_trabalho` VALUES (1712, 16, 79);
INSERT INTO `avaliador_trabalho` VALUES (1713, 16, 80);
INSERT INTO `avaliador_trabalho` VALUES (1714, 16, 81);
INSERT INTO `avaliador_trabalho` VALUES (1716, 17, 1);
INSERT INTO `avaliador_trabalho` VALUES (1717, 17, 2);
INSERT INTO `avaliador_trabalho` VALUES (1718, 17, 3);
INSERT INTO `avaliador_trabalho` VALUES (1719, 17, 4);
INSERT INTO `avaliador_trabalho` VALUES (1720, 17, 5);
INSERT INTO `avaliador_trabalho` VALUES (1721, 17, 6);
INSERT INTO `avaliador_trabalho` VALUES (1722, 17, 7);
INSERT INTO `avaliador_trabalho` VALUES (1723, 17, 8);
INSERT INTO `avaliador_trabalho` VALUES (1724, 17, 9);
INSERT INTO `avaliador_trabalho` VALUES (1725, 17, 10);
INSERT INTO `avaliador_trabalho` VALUES (1726, 17, 11);
INSERT INTO `avaliador_trabalho` VALUES (1727, 17, 12);
INSERT INTO `avaliador_trabalho` VALUES (1728, 17, 13);
INSERT INTO `avaliador_trabalho` VALUES (1729, 17, 14);
INSERT INTO `avaliador_trabalho` VALUES (1730, 17, 15);
INSERT INTO `avaliador_trabalho` VALUES (1731, 17, 16);
INSERT INTO `avaliador_trabalho` VALUES (1732, 17, 17);
INSERT INTO `avaliador_trabalho` VALUES (1733, 17, 18);
INSERT INTO `avaliador_trabalho` VALUES (1734, 17, 19);
INSERT INTO `avaliador_trabalho` VALUES (1735, 17, 20);
INSERT INTO `avaliador_trabalho` VALUES (1736, 17, 21);
INSERT INTO `avaliador_trabalho` VALUES (1737, 17, 22);
INSERT INTO `avaliador_trabalho` VALUES (1738, 17, 23);
INSERT INTO `avaliador_trabalho` VALUES (1739, 17, 24);
INSERT INTO `avaliador_trabalho` VALUES (1740, 17, 25);
INSERT INTO `avaliador_trabalho` VALUES (1741, 17, 26);
INSERT INTO `avaliador_trabalho` VALUES (1742, 17, 27);
INSERT INTO `avaliador_trabalho` VALUES (1743, 17, 28);
INSERT INTO `avaliador_trabalho` VALUES (1744, 17, 29);
INSERT INTO `avaliador_trabalho` VALUES (1745, 17, 30);
INSERT INTO `avaliador_trabalho` VALUES (1746, 17, 31);
INSERT INTO `avaliador_trabalho` VALUES (1747, 17, 32);
INSERT INTO `avaliador_trabalho` VALUES (1748, 17, 33);
INSERT INTO `avaliador_trabalho` VALUES (1749, 17, 34);
INSERT INTO `avaliador_trabalho` VALUES (1750, 17, 35);
INSERT INTO `avaliador_trabalho` VALUES (1751, 17, 36);
INSERT INTO `avaliador_trabalho` VALUES (1752, 17, 37);
INSERT INTO `avaliador_trabalho` VALUES (1753, 17, 38);
INSERT INTO `avaliador_trabalho` VALUES (1754, 17, 39);
INSERT INTO `avaliador_trabalho` VALUES (1755, 17, 40);
INSERT INTO `avaliador_trabalho` VALUES (1756, 17, 41);
INSERT INTO `avaliador_trabalho` VALUES (1757, 17, 42);
INSERT INTO `avaliador_trabalho` VALUES (1758, 17, 43);
INSERT INTO `avaliador_trabalho` VALUES (1759, 17, 44);
INSERT INTO `avaliador_trabalho` VALUES (1760, 17, 45);
INSERT INTO `avaliador_trabalho` VALUES (1761, 17, 46);
INSERT INTO `avaliador_trabalho` VALUES (1762, 17, 47);
INSERT INTO `avaliador_trabalho` VALUES (1763, 17, 48);
INSERT INTO `avaliador_trabalho` VALUES (1764, 17, 49);
INSERT INTO `avaliador_trabalho` VALUES (1765, 17, 50);
INSERT INTO `avaliador_trabalho` VALUES (1766, 17, 51);
INSERT INTO `avaliador_trabalho` VALUES (1767, 17, 52);
INSERT INTO `avaliador_trabalho` VALUES (1768, 17, 53);
INSERT INTO `avaliador_trabalho` VALUES (1769, 17, 54);
INSERT INTO `avaliador_trabalho` VALUES (1770, 17, 55);
INSERT INTO `avaliador_trabalho` VALUES (1771, 17, 56);
INSERT INTO `avaliador_trabalho` VALUES (1772, 17, 57);
INSERT INTO `avaliador_trabalho` VALUES (1773, 17, 58);
INSERT INTO `avaliador_trabalho` VALUES (1774, 17, 59);
INSERT INTO `avaliador_trabalho` VALUES (1775, 17, 60);
INSERT INTO `avaliador_trabalho` VALUES (1776, 17, 61);
INSERT INTO `avaliador_trabalho` VALUES (1777, 17, 62);
INSERT INTO `avaliador_trabalho` VALUES (1778, 17, 63);
INSERT INTO `avaliador_trabalho` VALUES (1779, 17, 64);
INSERT INTO `avaliador_trabalho` VALUES (1780, 17, 65);
INSERT INTO `avaliador_trabalho` VALUES (1781, 17, 66);
INSERT INTO `avaliador_trabalho` VALUES (1782, 17, 67);
INSERT INTO `avaliador_trabalho` VALUES (1783, 17, 68);
INSERT INTO `avaliador_trabalho` VALUES (1784, 17, 69);
INSERT INTO `avaliador_trabalho` VALUES (1785, 17, 70);
INSERT INTO `avaliador_trabalho` VALUES (1786, 17, 71);
INSERT INTO `avaliador_trabalho` VALUES (1787, 17, 72);
INSERT INTO `avaliador_trabalho` VALUES (1788, 17, 73);
INSERT INTO `avaliador_trabalho` VALUES (1789, 17, 74);
INSERT INTO `avaliador_trabalho` VALUES (1790, 17, 75);
INSERT INTO `avaliador_trabalho` VALUES (1791, 17, 76);
INSERT INTO `avaliador_trabalho` VALUES (1792, 17, 77);
INSERT INTO `avaliador_trabalho` VALUES (1793, 17, 78);
INSERT INTO `avaliador_trabalho` VALUES (1794, 17, 79);
INSERT INTO `avaliador_trabalho` VALUES (1795, 17, 80);
INSERT INTO `avaliador_trabalho` VALUES (1796, 17, 81);
INSERT INTO `avaliador_trabalho` VALUES (1798, 18, 1);
INSERT INTO `avaliador_trabalho` VALUES (1799, 18, 2);
INSERT INTO `avaliador_trabalho` VALUES (1800, 18, 3);
INSERT INTO `avaliador_trabalho` VALUES (1801, 18, 4);
INSERT INTO `avaliador_trabalho` VALUES (1802, 18, 5);
INSERT INTO `avaliador_trabalho` VALUES (1803, 18, 6);
INSERT INTO `avaliador_trabalho` VALUES (1804, 18, 7);
INSERT INTO `avaliador_trabalho` VALUES (1805, 18, 8);
INSERT INTO `avaliador_trabalho` VALUES (1806, 18, 9);
INSERT INTO `avaliador_trabalho` VALUES (1807, 18, 10);
INSERT INTO `avaliador_trabalho` VALUES (1808, 18, 11);
INSERT INTO `avaliador_trabalho` VALUES (1809, 18, 12);
INSERT INTO `avaliador_trabalho` VALUES (1810, 18, 13);
INSERT INTO `avaliador_trabalho` VALUES (1811, 18, 14);
INSERT INTO `avaliador_trabalho` VALUES (1812, 18, 15);
INSERT INTO `avaliador_trabalho` VALUES (1813, 18, 16);
INSERT INTO `avaliador_trabalho` VALUES (1814, 18, 17);
INSERT INTO `avaliador_trabalho` VALUES (1815, 18, 18);
INSERT INTO `avaliador_trabalho` VALUES (1816, 18, 19);
INSERT INTO `avaliador_trabalho` VALUES (1817, 18, 20);
INSERT INTO `avaliador_trabalho` VALUES (1818, 18, 21);
INSERT INTO `avaliador_trabalho` VALUES (1819, 18, 22);
INSERT INTO `avaliador_trabalho` VALUES (1820, 18, 23);
INSERT INTO `avaliador_trabalho` VALUES (1821, 18, 24);
INSERT INTO `avaliador_trabalho` VALUES (1822, 18, 25);
INSERT INTO `avaliador_trabalho` VALUES (1823, 18, 26);
INSERT INTO `avaliador_trabalho` VALUES (1824, 18, 27);
INSERT INTO `avaliador_trabalho` VALUES (1825, 18, 28);
INSERT INTO `avaliador_trabalho` VALUES (1826, 18, 29);
INSERT INTO `avaliador_trabalho` VALUES (1827, 18, 30);
INSERT INTO `avaliador_trabalho` VALUES (1828, 18, 31);
INSERT INTO `avaliador_trabalho` VALUES (1829, 18, 32);
INSERT INTO `avaliador_trabalho` VALUES (1830, 18, 33);
INSERT INTO `avaliador_trabalho` VALUES (1831, 18, 34);
INSERT INTO `avaliador_trabalho` VALUES (1832, 18, 35);
INSERT INTO `avaliador_trabalho` VALUES (1833, 18, 36);
INSERT INTO `avaliador_trabalho` VALUES (1834, 18, 37);
INSERT INTO `avaliador_trabalho` VALUES (1835, 18, 38);
INSERT INTO `avaliador_trabalho` VALUES (1836, 18, 39);
INSERT INTO `avaliador_trabalho` VALUES (1837, 18, 40);
INSERT INTO `avaliador_trabalho` VALUES (1838, 18, 41);
INSERT INTO `avaliador_trabalho` VALUES (1839, 18, 42);
INSERT INTO `avaliador_trabalho` VALUES (1840, 18, 43);
INSERT INTO `avaliador_trabalho` VALUES (1841, 18, 44);
INSERT INTO `avaliador_trabalho` VALUES (1842, 18, 45);
INSERT INTO `avaliador_trabalho` VALUES (1843, 18, 46);
INSERT INTO `avaliador_trabalho` VALUES (1844, 18, 47);
INSERT INTO `avaliador_trabalho` VALUES (1845, 18, 48);
INSERT INTO `avaliador_trabalho` VALUES (1846, 18, 49);
INSERT INTO `avaliador_trabalho` VALUES (1847, 18, 50);
INSERT INTO `avaliador_trabalho` VALUES (1848, 18, 51);
INSERT INTO `avaliador_trabalho` VALUES (1849, 18, 52);
INSERT INTO `avaliador_trabalho` VALUES (1850, 18, 53);
INSERT INTO `avaliador_trabalho` VALUES (1851, 18, 54);
INSERT INTO `avaliador_trabalho` VALUES (1852, 18, 55);
INSERT INTO `avaliador_trabalho` VALUES (1853, 18, 56);
INSERT INTO `avaliador_trabalho` VALUES (1854, 18, 57);
INSERT INTO `avaliador_trabalho` VALUES (1855, 18, 58);
INSERT INTO `avaliador_trabalho` VALUES (1856, 18, 59);
INSERT INTO `avaliador_trabalho` VALUES (1857, 18, 60);
INSERT INTO `avaliador_trabalho` VALUES (1858, 18, 61);
INSERT INTO `avaliador_trabalho` VALUES (1859, 18, 62);
INSERT INTO `avaliador_trabalho` VALUES (1860, 18, 63);
INSERT INTO `avaliador_trabalho` VALUES (1861, 18, 64);
INSERT INTO `avaliador_trabalho` VALUES (1862, 18, 65);
INSERT INTO `avaliador_trabalho` VALUES (1863, 18, 66);
INSERT INTO `avaliador_trabalho` VALUES (1864, 18, 67);
INSERT INTO `avaliador_trabalho` VALUES (1865, 18, 68);
INSERT INTO `avaliador_trabalho` VALUES (1866, 18, 69);
INSERT INTO `avaliador_trabalho` VALUES (1867, 18, 70);
INSERT INTO `avaliador_trabalho` VALUES (1868, 18, 71);
INSERT INTO `avaliador_trabalho` VALUES (1869, 18, 72);
INSERT INTO `avaliador_trabalho` VALUES (1870, 18, 73);
INSERT INTO `avaliador_trabalho` VALUES (1871, 18, 74);
INSERT INTO `avaliador_trabalho` VALUES (1872, 18, 75);
INSERT INTO `avaliador_trabalho` VALUES (1873, 18, 76);
INSERT INTO `avaliador_trabalho` VALUES (1874, 18, 77);
INSERT INTO `avaliador_trabalho` VALUES (1875, 18, 78);
INSERT INTO `avaliador_trabalho` VALUES (1876, 18, 79);
INSERT INTO `avaliador_trabalho` VALUES (1877, 18, 80);
INSERT INTO `avaliador_trabalho` VALUES (1878, 18, 81);
INSERT INTO `avaliador_trabalho` VALUES (1880, 19, 1);
INSERT INTO `avaliador_trabalho` VALUES (1881, 19, 2);
INSERT INTO `avaliador_trabalho` VALUES (1882, 19, 3);
INSERT INTO `avaliador_trabalho` VALUES (1883, 19, 4);
INSERT INTO `avaliador_trabalho` VALUES (1884, 19, 5);
INSERT INTO `avaliador_trabalho` VALUES (1885, 19, 6);
INSERT INTO `avaliador_trabalho` VALUES (1886, 19, 7);
INSERT INTO `avaliador_trabalho` VALUES (1887, 19, 8);
INSERT INTO `avaliador_trabalho` VALUES (1888, 19, 9);
INSERT INTO `avaliador_trabalho` VALUES (1889, 19, 10);
INSERT INTO `avaliador_trabalho` VALUES (1890, 19, 11);
INSERT INTO `avaliador_trabalho` VALUES (1891, 19, 12);
INSERT INTO `avaliador_trabalho` VALUES (1892, 19, 13);
INSERT INTO `avaliador_trabalho` VALUES (1893, 19, 14);
INSERT INTO `avaliador_trabalho` VALUES (1894, 19, 15);
INSERT INTO `avaliador_trabalho` VALUES (1895, 19, 16);
INSERT INTO `avaliador_trabalho` VALUES (1896, 19, 17);
INSERT INTO `avaliador_trabalho` VALUES (1897, 19, 18);
INSERT INTO `avaliador_trabalho` VALUES (1898, 19, 19);
INSERT INTO `avaliador_trabalho` VALUES (1899, 19, 20);
INSERT INTO `avaliador_trabalho` VALUES (1900, 19, 21);
INSERT INTO `avaliador_trabalho` VALUES (1901, 19, 22);
INSERT INTO `avaliador_trabalho` VALUES (1902, 19, 23);
INSERT INTO `avaliador_trabalho` VALUES (1903, 19, 24);
INSERT INTO `avaliador_trabalho` VALUES (1904, 19, 25);
INSERT INTO `avaliador_trabalho` VALUES (1905, 19, 26);
INSERT INTO `avaliador_trabalho` VALUES (1906, 19, 27);
INSERT INTO `avaliador_trabalho` VALUES (1907, 19, 28);
INSERT INTO `avaliador_trabalho` VALUES (1908, 19, 29);
INSERT INTO `avaliador_trabalho` VALUES (1909, 19, 30);
INSERT INTO `avaliador_trabalho` VALUES (1910, 19, 31);
INSERT INTO `avaliador_trabalho` VALUES (1911, 19, 32);
INSERT INTO `avaliador_trabalho` VALUES (1912, 19, 33);
INSERT INTO `avaliador_trabalho` VALUES (1913, 19, 34);
INSERT INTO `avaliador_trabalho` VALUES (1914, 19, 35);
INSERT INTO `avaliador_trabalho` VALUES (1915, 19, 36);
INSERT INTO `avaliador_trabalho` VALUES (1916, 19, 37);
INSERT INTO `avaliador_trabalho` VALUES (1917, 19, 38);
INSERT INTO `avaliador_trabalho` VALUES (1918, 19, 39);
INSERT INTO `avaliador_trabalho` VALUES (1919, 19, 40);
INSERT INTO `avaliador_trabalho` VALUES (1920, 19, 41);
INSERT INTO `avaliador_trabalho` VALUES (1921, 19, 42);
INSERT INTO `avaliador_trabalho` VALUES (1922, 19, 43);
INSERT INTO `avaliador_trabalho` VALUES (1923, 19, 44);
INSERT INTO `avaliador_trabalho` VALUES (1924, 19, 45);
INSERT INTO `avaliador_trabalho` VALUES (1925, 19, 46);
INSERT INTO `avaliador_trabalho` VALUES (1926, 19, 47);
INSERT INTO `avaliador_trabalho` VALUES (1927, 19, 48);
INSERT INTO `avaliador_trabalho` VALUES (1928, 19, 49);
INSERT INTO `avaliador_trabalho` VALUES (1929, 19, 50);
INSERT INTO `avaliador_trabalho` VALUES (1930, 19, 51);
INSERT INTO `avaliador_trabalho` VALUES (1931, 19, 52);
INSERT INTO `avaliador_trabalho` VALUES (1932, 19, 53);
INSERT INTO `avaliador_trabalho` VALUES (1933, 19, 54);
INSERT INTO `avaliador_trabalho` VALUES (1934, 19, 55);
INSERT INTO `avaliador_trabalho` VALUES (1935, 19, 56);
INSERT INTO `avaliador_trabalho` VALUES (1936, 19, 57);
INSERT INTO `avaliador_trabalho` VALUES (1937, 19, 58);
INSERT INTO `avaliador_trabalho` VALUES (1938, 19, 59);
INSERT INTO `avaliador_trabalho` VALUES (1939, 19, 60);
INSERT INTO `avaliador_trabalho` VALUES (1940, 19, 61);
INSERT INTO `avaliador_trabalho` VALUES (1941, 19, 62);
INSERT INTO `avaliador_trabalho` VALUES (1942, 19, 63);
INSERT INTO `avaliador_trabalho` VALUES (1943, 19, 64);
INSERT INTO `avaliador_trabalho` VALUES (1944, 19, 65);
INSERT INTO `avaliador_trabalho` VALUES (1945, 19, 66);
INSERT INTO `avaliador_trabalho` VALUES (1946, 19, 67);
INSERT INTO `avaliador_trabalho` VALUES (1947, 19, 68);
INSERT INTO `avaliador_trabalho` VALUES (1948, 19, 69);
INSERT INTO `avaliador_trabalho` VALUES (1949, 19, 70);
INSERT INTO `avaliador_trabalho` VALUES (1950, 19, 71);
INSERT INTO `avaliador_trabalho` VALUES (1951, 19, 72);
INSERT INTO `avaliador_trabalho` VALUES (1952, 19, 73);
INSERT INTO `avaliador_trabalho` VALUES (1953, 19, 74);
INSERT INTO `avaliador_trabalho` VALUES (1954, 19, 75);
INSERT INTO `avaliador_trabalho` VALUES (1955, 19, 76);
INSERT INTO `avaliador_trabalho` VALUES (1956, 19, 77);
INSERT INTO `avaliador_trabalho` VALUES (1957, 19, 78);
INSERT INTO `avaliador_trabalho` VALUES (1958, 19, 79);
INSERT INTO `avaliador_trabalho` VALUES (1959, 19, 80);
INSERT INTO `avaliador_trabalho` VALUES (1960, 19, 81);
INSERT INTO `avaliador_trabalho` VALUES (1962, 20, 1);
INSERT INTO `avaliador_trabalho` VALUES (1963, 20, 2);
INSERT INTO `avaliador_trabalho` VALUES (1964, 20, 3);
INSERT INTO `avaliador_trabalho` VALUES (1965, 20, 4);
INSERT INTO `avaliador_trabalho` VALUES (1966, 20, 5);
INSERT INTO `avaliador_trabalho` VALUES (1967, 20, 6);
INSERT INTO `avaliador_trabalho` VALUES (1968, 20, 7);
INSERT INTO `avaliador_trabalho` VALUES (1969, 20, 8);
INSERT INTO `avaliador_trabalho` VALUES (1970, 20, 9);
INSERT INTO `avaliador_trabalho` VALUES (1971, 20, 10);
INSERT INTO `avaliador_trabalho` VALUES (1972, 20, 11);
INSERT INTO `avaliador_trabalho` VALUES (1973, 20, 12);
INSERT INTO `avaliador_trabalho` VALUES (1974, 20, 13);
INSERT INTO `avaliador_trabalho` VALUES (1975, 20, 14);
INSERT INTO `avaliador_trabalho` VALUES (1976, 20, 15);
INSERT INTO `avaliador_trabalho` VALUES (1977, 20, 16);
INSERT INTO `avaliador_trabalho` VALUES (1978, 20, 17);
INSERT INTO `avaliador_trabalho` VALUES (1979, 20, 18);
INSERT INTO `avaliador_trabalho` VALUES (1980, 20, 19);
INSERT INTO `avaliador_trabalho` VALUES (1981, 20, 20);
INSERT INTO `avaliador_trabalho` VALUES (1982, 20, 21);
INSERT INTO `avaliador_trabalho` VALUES (1983, 20, 22);
INSERT INTO `avaliador_trabalho` VALUES (1984, 20, 23);
INSERT INTO `avaliador_trabalho` VALUES (1985, 20, 24);
INSERT INTO `avaliador_trabalho` VALUES (1986, 20, 25);
INSERT INTO `avaliador_trabalho` VALUES (1987, 20, 26);
INSERT INTO `avaliador_trabalho` VALUES (1988, 20, 27);
INSERT INTO `avaliador_trabalho` VALUES (1989, 20, 28);
INSERT INTO `avaliador_trabalho` VALUES (1990, 20, 29);
INSERT INTO `avaliador_trabalho` VALUES (1991, 20, 30);
INSERT INTO `avaliador_trabalho` VALUES (1992, 20, 31);
INSERT INTO `avaliador_trabalho` VALUES (1993, 20, 32);
INSERT INTO `avaliador_trabalho` VALUES (1994, 20, 33);
INSERT INTO `avaliador_trabalho` VALUES (1995, 20, 34);
INSERT INTO `avaliador_trabalho` VALUES (1996, 20, 35);
INSERT INTO `avaliador_trabalho` VALUES (1997, 20, 36);
INSERT INTO `avaliador_trabalho` VALUES (1998, 20, 37);
INSERT INTO `avaliador_trabalho` VALUES (1999, 20, 38);
INSERT INTO `avaliador_trabalho` VALUES (2000, 20, 39);
INSERT INTO `avaliador_trabalho` VALUES (2001, 20, 40);
INSERT INTO `avaliador_trabalho` VALUES (2002, 20, 41);
INSERT INTO `avaliador_trabalho` VALUES (2003, 20, 42);
INSERT INTO `avaliador_trabalho` VALUES (2004, 20, 43);
INSERT INTO `avaliador_trabalho` VALUES (2005, 20, 44);
INSERT INTO `avaliador_trabalho` VALUES (2006, 20, 45);
INSERT INTO `avaliador_trabalho` VALUES (2007, 20, 46);
INSERT INTO `avaliador_trabalho` VALUES (2008, 20, 47);
INSERT INTO `avaliador_trabalho` VALUES (2009, 20, 48);
INSERT INTO `avaliador_trabalho` VALUES (2010, 20, 49);
INSERT INTO `avaliador_trabalho` VALUES (2011, 20, 50);
INSERT INTO `avaliador_trabalho` VALUES (2012, 20, 51);
INSERT INTO `avaliador_trabalho` VALUES (2013, 20, 52);
INSERT INTO `avaliador_trabalho` VALUES (2014, 20, 53);
INSERT INTO `avaliador_trabalho` VALUES (2015, 20, 54);
INSERT INTO `avaliador_trabalho` VALUES (2016, 20, 55);
INSERT INTO `avaliador_trabalho` VALUES (2017, 20, 56);
INSERT INTO `avaliador_trabalho` VALUES (2018, 20, 57);
INSERT INTO `avaliador_trabalho` VALUES (2019, 20, 58);
INSERT INTO `avaliador_trabalho` VALUES (2020, 20, 59);
INSERT INTO `avaliador_trabalho` VALUES (2021, 20, 60);
INSERT INTO `avaliador_trabalho` VALUES (2022, 20, 61);
INSERT INTO `avaliador_trabalho` VALUES (2023, 20, 62);
INSERT INTO `avaliador_trabalho` VALUES (2024, 20, 63);
INSERT INTO `avaliador_trabalho` VALUES (2025, 20, 64);
INSERT INTO `avaliador_trabalho` VALUES (2026, 20, 65);
INSERT INTO `avaliador_trabalho` VALUES (2027, 20, 66);
INSERT INTO `avaliador_trabalho` VALUES (2028, 20, 67);
INSERT INTO `avaliador_trabalho` VALUES (2029, 20, 68);
INSERT INTO `avaliador_trabalho` VALUES (2030, 20, 69);
INSERT INTO `avaliador_trabalho` VALUES (2031, 20, 70);
INSERT INTO `avaliador_trabalho` VALUES (2032, 20, 71);
INSERT INTO `avaliador_trabalho` VALUES (2033, 20, 72);
INSERT INTO `avaliador_trabalho` VALUES (2034, 20, 73);
INSERT INTO `avaliador_trabalho` VALUES (2035, 20, 74);
INSERT INTO `avaliador_trabalho` VALUES (2036, 20, 75);
INSERT INTO `avaliador_trabalho` VALUES (2037, 20, 76);
INSERT INTO `avaliador_trabalho` VALUES (2038, 20, 77);
INSERT INTO `avaliador_trabalho` VALUES (2039, 20, 78);
INSERT INTO `avaliador_trabalho` VALUES (2040, 20, 79);
INSERT INTO `avaliador_trabalho` VALUES (2041, 20, 80);
INSERT INTO `avaliador_trabalho` VALUES (2042, 20, 81);
INSERT INTO `avaliador_trabalho` VALUES (2044, 21, 1);
INSERT INTO `avaliador_trabalho` VALUES (2045, 21, 2);
INSERT INTO `avaliador_trabalho` VALUES (2046, 21, 3);
INSERT INTO `avaliador_trabalho` VALUES (2047, 21, 4);
INSERT INTO `avaliador_trabalho` VALUES (2048, 21, 5);
INSERT INTO `avaliador_trabalho` VALUES (2049, 21, 6);
INSERT INTO `avaliador_trabalho` VALUES (2050, 21, 7);
INSERT INTO `avaliador_trabalho` VALUES (2051, 21, 8);
INSERT INTO `avaliador_trabalho` VALUES (2052, 21, 9);
INSERT INTO `avaliador_trabalho` VALUES (2053, 21, 10);
INSERT INTO `avaliador_trabalho` VALUES (2054, 21, 11);
INSERT INTO `avaliador_trabalho` VALUES (2055, 21, 12);
INSERT INTO `avaliador_trabalho` VALUES (2056, 21, 13);
INSERT INTO `avaliador_trabalho` VALUES (2057, 21, 14);
INSERT INTO `avaliador_trabalho` VALUES (2058, 21, 15);
INSERT INTO `avaliador_trabalho` VALUES (2059, 21, 16);
INSERT INTO `avaliador_trabalho` VALUES (2060, 21, 17);
INSERT INTO `avaliador_trabalho` VALUES (2061, 21, 18);
INSERT INTO `avaliador_trabalho` VALUES (2062, 21, 19);
INSERT INTO `avaliador_trabalho` VALUES (2063, 21, 20);
INSERT INTO `avaliador_trabalho` VALUES (2064, 21, 21);
INSERT INTO `avaliador_trabalho` VALUES (2065, 21, 22);
INSERT INTO `avaliador_trabalho` VALUES (2066, 21, 23);
INSERT INTO `avaliador_trabalho` VALUES (2067, 21, 24);
INSERT INTO `avaliador_trabalho` VALUES (2068, 21, 25);
INSERT INTO `avaliador_trabalho` VALUES (2069, 21, 26);
INSERT INTO `avaliador_trabalho` VALUES (2070, 21, 27);
INSERT INTO `avaliador_trabalho` VALUES (2071, 21, 28);
INSERT INTO `avaliador_trabalho` VALUES (2072, 21, 29);
INSERT INTO `avaliador_trabalho` VALUES (2073, 21, 30);
INSERT INTO `avaliador_trabalho` VALUES (2074, 21, 31);
INSERT INTO `avaliador_trabalho` VALUES (2075, 21, 32);
INSERT INTO `avaliador_trabalho` VALUES (2076, 21, 33);
INSERT INTO `avaliador_trabalho` VALUES (2077, 21, 34);
INSERT INTO `avaliador_trabalho` VALUES (2078, 21, 35);
INSERT INTO `avaliador_trabalho` VALUES (2079, 21, 36);
INSERT INTO `avaliador_trabalho` VALUES (2080, 21, 37);
INSERT INTO `avaliador_trabalho` VALUES (2081, 21, 38);
INSERT INTO `avaliador_trabalho` VALUES (2082, 21, 39);
INSERT INTO `avaliador_trabalho` VALUES (2083, 21, 40);
INSERT INTO `avaliador_trabalho` VALUES (2084, 21, 41);
INSERT INTO `avaliador_trabalho` VALUES (2085, 21, 42);
INSERT INTO `avaliador_trabalho` VALUES (2086, 21, 43);
INSERT INTO `avaliador_trabalho` VALUES (2087, 21, 44);
INSERT INTO `avaliador_trabalho` VALUES (2088, 21, 45);
INSERT INTO `avaliador_trabalho` VALUES (2089, 21, 46);
INSERT INTO `avaliador_trabalho` VALUES (2090, 21, 47);
INSERT INTO `avaliador_trabalho` VALUES (2091, 21, 48);
INSERT INTO `avaliador_trabalho` VALUES (2092, 21, 49);
INSERT INTO `avaliador_trabalho` VALUES (2093, 21, 50);
INSERT INTO `avaliador_trabalho` VALUES (2094, 21, 51);
INSERT INTO `avaliador_trabalho` VALUES (2095, 21, 52);
INSERT INTO `avaliador_trabalho` VALUES (2096, 21, 53);
INSERT INTO `avaliador_trabalho` VALUES (2097, 21, 54);
INSERT INTO `avaliador_trabalho` VALUES (2098, 21, 55);
INSERT INTO `avaliador_trabalho` VALUES (2099, 21, 56);
INSERT INTO `avaliador_trabalho` VALUES (2100, 21, 57);
INSERT INTO `avaliador_trabalho` VALUES (2101, 21, 58);
INSERT INTO `avaliador_trabalho` VALUES (2102, 21, 59);
INSERT INTO `avaliador_trabalho` VALUES (2103, 21, 60);
INSERT INTO `avaliador_trabalho` VALUES (2104, 21, 61);
INSERT INTO `avaliador_trabalho` VALUES (2105, 21, 62);
INSERT INTO `avaliador_trabalho` VALUES (2106, 21, 63);
INSERT INTO `avaliador_trabalho` VALUES (2107, 21, 64);
INSERT INTO `avaliador_trabalho` VALUES (2108, 21, 65);
INSERT INTO `avaliador_trabalho` VALUES (2109, 21, 66);
INSERT INTO `avaliador_trabalho` VALUES (2110, 21, 67);
INSERT INTO `avaliador_trabalho` VALUES (2111, 21, 68);
INSERT INTO `avaliador_trabalho` VALUES (2112, 21, 69);
INSERT INTO `avaliador_trabalho` VALUES (2113, 21, 70);
INSERT INTO `avaliador_trabalho` VALUES (2114, 21, 71);
INSERT INTO `avaliador_trabalho` VALUES (2115, 21, 72);
INSERT INTO `avaliador_trabalho` VALUES (2116, 21, 73);
INSERT INTO `avaliador_trabalho` VALUES (2117, 21, 74);
INSERT INTO `avaliador_trabalho` VALUES (2118, 21, 75);
INSERT INTO `avaliador_trabalho` VALUES (2119, 21, 76);
INSERT INTO `avaliador_trabalho` VALUES (2120, 21, 77);
INSERT INTO `avaliador_trabalho` VALUES (2121, 21, 78);
INSERT INTO `avaliador_trabalho` VALUES (2122, 21, 79);
INSERT INTO `avaliador_trabalho` VALUES (2123, 21, 80);
INSERT INTO `avaliador_trabalho` VALUES (2124, 21, 81);
INSERT INTO `avaliador_trabalho` VALUES (2126, 1, 1);
INSERT INTO `avaliador_trabalho` VALUES (2127, 1, 2);
INSERT INTO `avaliador_trabalho` VALUES (2128, 1, 3);
INSERT INTO `avaliador_trabalho` VALUES (2129, 1, 4);
INSERT INTO `avaliador_trabalho` VALUES (2130, 1, 5);
INSERT INTO `avaliador_trabalho` VALUES (2131, 1, 6);
INSERT INTO `avaliador_trabalho` VALUES (2132, 1, 7);
INSERT INTO `avaliador_trabalho` VALUES (2133, 1, 8);
INSERT INTO `avaliador_trabalho` VALUES (2134, 1, 9);
INSERT INTO `avaliador_trabalho` VALUES (2135, 1, 10);
INSERT INTO `avaliador_trabalho` VALUES (2136, 1, 11);
INSERT INTO `avaliador_trabalho` VALUES (2137, 1, 12);
INSERT INTO `avaliador_trabalho` VALUES (2138, 1, 13);
INSERT INTO `avaliador_trabalho` VALUES (2139, 1, 14);
INSERT INTO `avaliador_trabalho` VALUES (2140, 1, 15);
INSERT INTO `avaliador_trabalho` VALUES (2141, 1, 16);
INSERT INTO `avaliador_trabalho` VALUES (2142, 1, 17);
INSERT INTO `avaliador_trabalho` VALUES (2143, 1, 18);
INSERT INTO `avaliador_trabalho` VALUES (2144, 1, 19);
INSERT INTO `avaliador_trabalho` VALUES (2145, 1, 20);
INSERT INTO `avaliador_trabalho` VALUES (2146, 1, 21);
INSERT INTO `avaliador_trabalho` VALUES (2147, 1, 22);
INSERT INTO `avaliador_trabalho` VALUES (2148, 1, 23);
INSERT INTO `avaliador_trabalho` VALUES (2149, 1, 24);
INSERT INTO `avaliador_trabalho` VALUES (2150, 1, 25);
INSERT INTO `avaliador_trabalho` VALUES (2151, 1, 26);
INSERT INTO `avaliador_trabalho` VALUES (2152, 1, 27);
INSERT INTO `avaliador_trabalho` VALUES (2153, 1, 28);
INSERT INTO `avaliador_trabalho` VALUES (2154, 1, 29);
INSERT INTO `avaliador_trabalho` VALUES (2155, 1, 30);
INSERT INTO `avaliador_trabalho` VALUES (2156, 1, 31);
INSERT INTO `avaliador_trabalho` VALUES (2157, 1, 32);
INSERT INTO `avaliador_trabalho` VALUES (2158, 1, 33);
INSERT INTO `avaliador_trabalho` VALUES (2159, 1, 34);
INSERT INTO `avaliador_trabalho` VALUES (2160, 1, 35);
INSERT INTO `avaliador_trabalho` VALUES (2161, 1, 36);
INSERT INTO `avaliador_trabalho` VALUES (2162, 1, 37);
INSERT INTO `avaliador_trabalho` VALUES (2163, 1, 38);
INSERT INTO `avaliador_trabalho` VALUES (2164, 1, 39);
INSERT INTO `avaliador_trabalho` VALUES (2165, 1, 40);
INSERT INTO `avaliador_trabalho` VALUES (2166, 1, 41);
INSERT INTO `avaliador_trabalho` VALUES (2167, 1, 42);
INSERT INTO `avaliador_trabalho` VALUES (2168, 1, 43);
INSERT INTO `avaliador_trabalho` VALUES (2169, 1, 44);
INSERT INTO `avaliador_trabalho` VALUES (2170, 1, 45);
INSERT INTO `avaliador_trabalho` VALUES (2171, 1, 46);
INSERT INTO `avaliador_trabalho` VALUES (2172, 1, 47);
INSERT INTO `avaliador_trabalho` VALUES (2173, 1, 48);
INSERT INTO `avaliador_trabalho` VALUES (2174, 1, 49);
INSERT INTO `avaliador_trabalho` VALUES (2175, 1, 50);
INSERT INTO `avaliador_trabalho` VALUES (2176, 1, 51);
INSERT INTO `avaliador_trabalho` VALUES (2177, 1, 52);
INSERT INTO `avaliador_trabalho` VALUES (2178, 1, 53);
INSERT INTO `avaliador_trabalho` VALUES (2179, 1, 54);
INSERT INTO `avaliador_trabalho` VALUES (2180, 1, 55);
INSERT INTO `avaliador_trabalho` VALUES (2181, 1, 56);
INSERT INTO `avaliador_trabalho` VALUES (2182, 1, 57);
INSERT INTO `avaliador_trabalho` VALUES (2183, 1, 58);
INSERT INTO `avaliador_trabalho` VALUES (2184, 1, 59);
INSERT INTO `avaliador_trabalho` VALUES (2185, 1, 60);
INSERT INTO `avaliador_trabalho` VALUES (2186, 1, 61);
INSERT INTO `avaliador_trabalho` VALUES (2187, 1, 62);
INSERT INTO `avaliador_trabalho` VALUES (2188, 1, 63);
INSERT INTO `avaliador_trabalho` VALUES (2189, 1, 64);
INSERT INTO `avaliador_trabalho` VALUES (2190, 1, 65);
INSERT INTO `avaliador_trabalho` VALUES (2191, 1, 66);
INSERT INTO `avaliador_trabalho` VALUES (2192, 1, 67);
INSERT INTO `avaliador_trabalho` VALUES (2193, 1, 68);
INSERT INTO `avaliador_trabalho` VALUES (2194, 1, 69);
INSERT INTO `avaliador_trabalho` VALUES (2195, 1, 70);
INSERT INTO `avaliador_trabalho` VALUES (2196, 1, 71);
INSERT INTO `avaliador_trabalho` VALUES (2197, 1, 72);
INSERT INTO `avaliador_trabalho` VALUES (2198, 1, 73);
INSERT INTO `avaliador_trabalho` VALUES (2199, 1, 74);
INSERT INTO `avaliador_trabalho` VALUES (2200, 1, 75);
INSERT INTO `avaliador_trabalho` VALUES (2201, 1, 76);
INSERT INTO `avaliador_trabalho` VALUES (2202, 1, 77);
INSERT INTO `avaliador_trabalho` VALUES (2203, 1, 78);
INSERT INTO `avaliador_trabalho` VALUES (2204, 1, 79);
INSERT INTO `avaliador_trabalho` VALUES (2205, 1, 80);
INSERT INTO `avaliador_trabalho` VALUES (2206, 1, 81);
INSERT INTO `avaliador_trabalho` VALUES (2208, 2, 1);
INSERT INTO `avaliador_trabalho` VALUES (2209, 2, 2);
INSERT INTO `avaliador_trabalho` VALUES (2210, 2, 3);
INSERT INTO `avaliador_trabalho` VALUES (2211, 2, 4);
INSERT INTO `avaliador_trabalho` VALUES (2212, 2, 5);
INSERT INTO `avaliador_trabalho` VALUES (2213, 2, 6);
INSERT INTO `avaliador_trabalho` VALUES (2214, 2, 7);
INSERT INTO `avaliador_trabalho` VALUES (2215, 2, 8);
INSERT INTO `avaliador_trabalho` VALUES (2216, 2, 9);
INSERT INTO `avaliador_trabalho` VALUES (2217, 2, 10);
INSERT INTO `avaliador_trabalho` VALUES (2218, 2, 11);
INSERT INTO `avaliador_trabalho` VALUES (2219, 2, 12);
INSERT INTO `avaliador_trabalho` VALUES (2220, 2, 13);
INSERT INTO `avaliador_trabalho` VALUES (2221, 2, 14);
INSERT INTO `avaliador_trabalho` VALUES (2222, 2, 15);
INSERT INTO `avaliador_trabalho` VALUES (2223, 2, 16);
INSERT INTO `avaliador_trabalho` VALUES (2224, 2, 17);
INSERT INTO `avaliador_trabalho` VALUES (2225, 2, 18);
INSERT INTO `avaliador_trabalho` VALUES (2226, 2, 19);
INSERT INTO `avaliador_trabalho` VALUES (2227, 2, 20);
INSERT INTO `avaliador_trabalho` VALUES (2228, 2, 21);
INSERT INTO `avaliador_trabalho` VALUES (2229, 2, 22);
INSERT INTO `avaliador_trabalho` VALUES (2230, 2, 23);
INSERT INTO `avaliador_trabalho` VALUES (2231, 2, 24);
INSERT INTO `avaliador_trabalho` VALUES (2232, 2, 25);
INSERT INTO `avaliador_trabalho` VALUES (2233, 2, 26);
INSERT INTO `avaliador_trabalho` VALUES (2234, 2, 27);
INSERT INTO `avaliador_trabalho` VALUES (2235, 2, 28);
INSERT INTO `avaliador_trabalho` VALUES (2236, 2, 29);
INSERT INTO `avaliador_trabalho` VALUES (2237, 2, 30);
INSERT INTO `avaliador_trabalho` VALUES (2238, 2, 31);
INSERT INTO `avaliador_trabalho` VALUES (2239, 2, 32);
INSERT INTO `avaliador_trabalho` VALUES (2240, 2, 33);
INSERT INTO `avaliador_trabalho` VALUES (2241, 2, 34);
INSERT INTO `avaliador_trabalho` VALUES (2242, 2, 35);
INSERT INTO `avaliador_trabalho` VALUES (2243, 2, 36);
INSERT INTO `avaliador_trabalho` VALUES (2244, 2, 37);
INSERT INTO `avaliador_trabalho` VALUES (2245, 2, 38);
INSERT INTO `avaliador_trabalho` VALUES (2246, 2, 39);
INSERT INTO `avaliador_trabalho` VALUES (2247, 2, 40);
INSERT INTO `avaliador_trabalho` VALUES (2248, 2, 41);
INSERT INTO `avaliador_trabalho` VALUES (2249, 2, 42);
INSERT INTO `avaliador_trabalho` VALUES (2250, 2, 43);
INSERT INTO `avaliador_trabalho` VALUES (2251, 2, 44);
INSERT INTO `avaliador_trabalho` VALUES (2252, 2, 45);
INSERT INTO `avaliador_trabalho` VALUES (2253, 2, 46);
INSERT INTO `avaliador_trabalho` VALUES (2254, 2, 47);
INSERT INTO `avaliador_trabalho` VALUES (2255, 2, 48);
INSERT INTO `avaliador_trabalho` VALUES (2256, 2, 49);
INSERT INTO `avaliador_trabalho` VALUES (2257, 2, 50);
INSERT INTO `avaliador_trabalho` VALUES (2258, 2, 51);
INSERT INTO `avaliador_trabalho` VALUES (2259, 2, 52);
INSERT INTO `avaliador_trabalho` VALUES (2260, 2, 53);
INSERT INTO `avaliador_trabalho` VALUES (2261, 2, 54);
INSERT INTO `avaliador_trabalho` VALUES (2262, 2, 55);
INSERT INTO `avaliador_trabalho` VALUES (2263, 2, 56);
INSERT INTO `avaliador_trabalho` VALUES (2264, 2, 57);
INSERT INTO `avaliador_trabalho` VALUES (2265, 2, 58);
INSERT INTO `avaliador_trabalho` VALUES (2266, 2, 59);
INSERT INTO `avaliador_trabalho` VALUES (2267, 2, 60);
INSERT INTO `avaliador_trabalho` VALUES (2268, 2, 61);
INSERT INTO `avaliador_trabalho` VALUES (2269, 2, 62);
INSERT INTO `avaliador_trabalho` VALUES (2270, 2, 63);
INSERT INTO `avaliador_trabalho` VALUES (2271, 2, 64);
INSERT INTO `avaliador_trabalho` VALUES (2272, 2, 65);
INSERT INTO `avaliador_trabalho` VALUES (2273, 2, 66);
INSERT INTO `avaliador_trabalho` VALUES (2274, 2, 67);
INSERT INTO `avaliador_trabalho` VALUES (2275, 2, 68);
INSERT INTO `avaliador_trabalho` VALUES (2276, 2, 69);
INSERT INTO `avaliador_trabalho` VALUES (2277, 2, 70);
INSERT INTO `avaliador_trabalho` VALUES (2278, 2, 71);
INSERT INTO `avaliador_trabalho` VALUES (2279, 2, 72);
INSERT INTO `avaliador_trabalho` VALUES (2280, 2, 73);
INSERT INTO `avaliador_trabalho` VALUES (2281, 2, 74);
INSERT INTO `avaliador_trabalho` VALUES (2282, 2, 75);
INSERT INTO `avaliador_trabalho` VALUES (2283, 2, 76);
INSERT INTO `avaliador_trabalho` VALUES (2284, 2, 77);
INSERT INTO `avaliador_trabalho` VALUES (2285, 2, 78);
INSERT INTO `avaliador_trabalho` VALUES (2286, 2, 79);
INSERT INTO `avaliador_trabalho` VALUES (2287, 2, 80);
INSERT INTO `avaliador_trabalho` VALUES (2288, 2, 81);

-- ----------------------------
-- Table structure for avaliadores
-- ----------------------------
DROP TABLE IF EXISTS `avaliadores`;
CREATE TABLE `avaliadores`  (
  `id_avaliador` int(11) NOT NULL AUTO_INCREMENT,
  `nome` varchar(255) CHARACTER SET latin1 COLLATE latin1_swedish_ci NULL DEFAULT NULL,
  `email` varchar(255) CHARACTER SET latin1 COLLATE latin1_swedish_ci NULL DEFAULT NULL,
  `fone` varchar(25) CHARACTER SET latin1 COLLATE latin1_swedish_ci NULL DEFAULT NULL,
  `login` varchar(255) CHARACTER SET latin1 COLLATE latin1_swedish_ci NULL DEFAULT NULL,
  `senha` varchar(255) CHARACTER SET latin1 COLLATE latin1_swedish_ci NULL DEFAULT NULL,
  `tipo` varchar(255) CHARACTER SET latin1 COLLATE latin1_swedish_ci NULL DEFAULT NULL,
  PRIMARY KEY (`id_avaliador`) USING BTREE
) ENGINE = InnoDB AUTO_INCREMENT = 23 CHARACTER SET = latin1 COLLATE = latin1_swedish_ci ROW_FORMAT = Compact;

-- ----------------------------
-- Records of avaliadores
-- ----------------------------
INSERT INTO `avaliadores` VALUES (1, 'alexandro', 'alexandro.t.ol@gmail.com', '45999788592', 'alexandro.t.o', '123', '1');
INSERT INTO `avaliadores` VALUES (2, 'fernando', 'fernando@fag.edu.br', '459991132888', 'fernando', '1234', '1');
INSERT INTO `avaliadores` VALUES (4, 'JAQUELINE GURGACZ FERREIRA', NULL, NULL, 'j.gurgacz', 'ava001', NULL);
INSERT INTO `avaliadores` VALUES (5, 'MARK REGINATTO', NULL, NULL, 'm.reginatto', 'ava002', NULL);
INSERT INTO `avaliadores` VALUES (6, 'ANA RIZZI', NULL, NULL, 'a.rizzi', 'ava003', NULL);
INSERT INTO `avaliadores` VALUES (7, 'EVERTON FOGAA', NULL, NULL, 'e.fogaca', 'ava004', NULL);
INSERT INTO `avaliadores` VALUES (8, 'JERSON KRACK', NULL, NULL, 'j.krack', 'ava005', NULL);
INSERT INTO `avaliadores` VALUES (9, 'JOS RODRIGUES DA COSTA NETO', NULL, NULL, 'j.neto', 'ava006', NULL);
INSERT INTO `avaliadores` VALUES (10, 'RAFAEL AMARAL ', NULL, NULL, 'r.amaral\r\n', 'ava007', NULL);
INSERT INTO `avaliadores` VALUES (11, 'ROSEMEIRE SILVA BUENO DE LIMA', NULL, NULL, 'r.lima', 'ava008', NULL);
INSERT INTO `avaliadores` VALUES (12, 'EDUARDO VALIAS', NULL, NULL, 'e.valias', 'ava009', NULL);
INSERT INTO `avaliadores` VALUES (13, 'SRGIO ALTAVINI', NULL, NULL, 's.altavini', 'ava010', NULL);
INSERT INTO `avaliadores` VALUES (14, 'DIOGO LONGHI', NULL, NULL, 'd.longhi', 'ava011', NULL);
INSERT INTO `avaliadores` VALUES (15, 'OLGA TSCHA', NULL, NULL, 'o.tscha', 'ava012', NULL);
INSERT INTO `avaliadores` VALUES (16, 'ANDREIA TEGONI', NULL, NULL, 'a.tegoni', 'ava013', NULL);
INSERT INTO `avaliadores` VALUES (17, 'CLEBER FAGUNDES RAMOS', NULL, NULL, 'c.ramos', 'ava014', NULL);
INSERT INTO `avaliadores` VALUES (18, 'SALETE KRUN', NULL, NULL, 's.krun', 'ava015', NULL);
INSERT INTO `avaliadores` VALUES (19, 'IARA DIETRICH', NULL, NULL, 'i.dietrich', 'ava016', NULL);
INSERT INTO `avaliadores` VALUES (20, 'JAQUELINE', NULL, NULL, 'avaliador20', 'ava020', NULL);
INSERT INTO `avaliadores` VALUES (21, 'AVALIADOR 21', NULL, NULL, 'avaliador21', 'ava021', NULL);
INSERT INTO `avaliadores` VALUES (22, 'TESTE', NULL, NULL, 'teste', 'teste', NULL);

-- ----------------------------
-- Table structure for categoria
-- ----------------------------
DROP TABLE IF EXISTS `categoria`;
CREATE TABLE `categoria`  (
  `id_categoria` int(2) NOT NULL,
  `categoria` varchar(20) CHARACTER SET latin1 COLLATE latin1_swedish_ci NULL DEFAULT NULL,
  PRIMARY KEY (`id_categoria`) USING BTREE
) ENGINE = InnoDB CHARACTER SET = latin1 COLLATE = latin1_swedish_ci ROW_FORMAT = Compact;

-- ----------------------------
-- Records of categoria
-- ----------------------------
INSERT INTO `categoria` VALUES (1, 'Produtos');
INSERT INTO `categoria` VALUES (2, 'Solues');
INSERT INTO `categoria` VALUES (3, 'Aplicativos');

-- ----------------------------
-- Table structure for config
-- ----------------------------
DROP TABLE IF EXISTS `config`;
CREATE TABLE `config`  (
  `num_avaliacaoTrab` int(11) NULL DEFAULT NULL,
  `num_trabalhosAva` int(11) NULL DEFAULT NULL
) ENGINE = InnoDB CHARACTER SET = latin1 COLLATE = latin1_swedish_ci ROW_FORMAT = Compact;

-- ----------------------------
-- Records of config
-- ----------------------------
INSERT INTO `config` VALUES (3, 10);

-- ----------------------------
-- Table structure for notasTrabalho
-- ----------------------------
DROP TABLE IF EXISTS `notasTrabalho`;
CREATE TABLE `notasTrabalho`  (
  `id_avaliacao` int(11) NOT NULL AUTO_INCREMENT,
  `nota_quest1` int(11) NULL DEFAULT NULL,
  `nota_quest2` int(11) NULL DEFAULT NULL,
  `nota_quest3` int(11) NULL DEFAULT NULL,
  `nota_quest4` int(11) NULL DEFAULT NULL,
  `nota_total` int(11) NULL DEFAULT NULL,
  `id_avaliador` int(11) NOT NULL,
  `id_projeto` int(11) NULL DEFAULT NULL,
  PRIMARY KEY (`id_avaliacao`) USING BTREE,
  INDEX `projeto_notasTrabalho___fk`(`id_projeto`) USING BTREE,
  INDEX `notasTrabalho_avaliadores_id_avaliador_fk`(`id_avaliador`) USING BTREE,
  CONSTRAINT `notasTrabalho_avaliadores_id_avaliador_fk` FOREIGN KEY (`id_avaliador`) REFERENCES `avaliadores` (`id_avaliador`) ON DELETE RESTRICT ON UPDATE RESTRICT,
  CONSTRAINT `projeto_notasTrabalho___fk` FOREIGN KEY (`id_projeto`) REFERENCES `projetos` (`id_projeto`) ON DELETE SET NULL ON UPDATE SET NULL
) ENGINE = InnoDB AUTO_INCREMENT = 372 CHARACTER SET = latin1 COLLATE = latin1_swedish_ci ROW_FORMAT = Compact;

-- ----------------------------
-- Records of notasTrabalho
-- ----------------------------
INSERT INTO `notasTrabalho` VALUES (30, 9, 10, 10, 10, 39, 15, 31);
INSERT INTO `notasTrabalho` VALUES (31, 8, 9, 7, 8, 32, 17, 51);
INSERT INTO `notasTrabalho` VALUES (32, 10, 10, 10, 9, 39, 15, 32);
INSERT INTO `notasTrabalho` VALUES (33, 8, 9, 5, 9, 31, 16, 41);
INSERT INTO `notasTrabalho` VALUES (34, 8, 6, 4, 7, 25, 8, 41);
INSERT INTO `notasTrabalho` VALUES (35, 7, 8, 7, 7, 29, 17, 52);
INSERT INTO `notasTrabalho` VALUES (36, 3, 4, 2, 2, 11, 11, 79);
INSERT INTO `notasTrabalho` VALUES (37, 9, 10, 9, 8, 36, 15, 33);
INSERT INTO `notasTrabalho` VALUES (38, 8, 8, 9, 10, 35, 13, 43);
INSERT INTO `notasTrabalho` VALUES (39, 8, 8, 8, 8, 32, 7, 42);
INSERT INTO `notasTrabalho` VALUES (40, 4, 4, 5, 6, 19, 7, 33);
INSERT INTO `notasTrabalho` VALUES (41, 5, 5, 5, 3, 18, 14, 24);
INSERT INTO `notasTrabalho` VALUES (42, 5, 7, 7, 7, 26, 5, 15);
INSERT INTO `notasTrabalho` VALUES (43, 6, 7, 3, 9, 25, 19, 1);
INSERT INTO `notasTrabalho` VALUES (44, 5, 7, 4, 7, 23, 13, 47);
INSERT INTO `notasTrabalho` VALUES (45, 7, 9, 6, 8, 30, 6, 25);
INSERT INTO `notasTrabalho` VALUES (46, 10, 10, 10, 10, 40, 15, 34);
INSERT INTO `notasTrabalho` VALUES (47, 8, 8, 10, 6, 32, 5, 11);
INSERT INTO `notasTrabalho` VALUES (48, 8, 7, 8, 8, 31, 8, 42);
INSERT INTO `notasTrabalho` VALUES (49, 7, 4, 2, 3, 16, 9, 54);
INSERT INTO `notasTrabalho` VALUES (50, 5, 1, 1, 1, 8, 9, 53);
INSERT INTO `notasTrabalho` VALUES (51, 3, 3, 5, 10, 21, 14, 25);
INSERT INTO `notasTrabalho` VALUES (52, 7, 7, 7, 8, 29, 7, 35);
INSERT INTO `notasTrabalho` VALUES (53, 10, 10, 10, 10, 40, 15, 35);
INSERT INTO `notasTrabalho` VALUES (54, 7, 7, 8, 9, 31, 13, 16);
INSERT INTO `notasTrabalho` VALUES (55, 4, 5, 5, 8, 22, 11, 78);
INSERT INTO `notasTrabalho` VALUES (56, 9, 9, 9, 9, 36, 19, 2);
INSERT INTO `notasTrabalho` VALUES (57, 5, 4, 4, 4, 17, 16, 13);
INSERT INTO `notasTrabalho` VALUES (58, 9, 9, 9, 9, 36, 8, 13);
INSERT INTO `notasTrabalho` VALUES (59, 8, 10, 6, 7, 31, 17, 53);
INSERT INTO `notasTrabalho` VALUES (60, 10, 10, 10, 10, 40, 5, 46);
INSERT INTO `notasTrabalho` VALUES (69, 9, 9, 5, 4, 27, 6, 26);
INSERT INTO `notasTrabalho` VALUES (71, 8, 8, 7, 10, 33, 13, 11);
INSERT INTO `notasTrabalho` VALUES (72, 9, 8, 9, 10, 36, 7, 41);
INSERT INTO `notasTrabalho` VALUES (73, 5, 7, 5, 1, 18, 14, 27);
INSERT INTO `notasTrabalho` VALUES (74, 10, 10, 10, 10, 40, 15, 36);
INSERT INTO `notasTrabalho` VALUES (75, 8, 9, 9, 9, 35, 9, 52);
INSERT INTO `notasTrabalho` VALUES (76, 8, 8, 9, 9, 34, 8, 44);
INSERT INTO `notasTrabalho` VALUES (77, 4, 4, 5, 8, 21, 16, 44);
INSERT INTO `notasTrabalho` VALUES (78, 4, 6, 9, 8, 27, 5, 43);
INSERT INTO `notasTrabalho` VALUES (79, 8, 9, 6, 9, 32, 17, 54);
INSERT INTO `notasTrabalho` VALUES (80, 10, 10, 10, 10, 40, 15, 37);
INSERT INTO `notasTrabalho` VALUES (81, 7, 7, 9, 8, 31, 13, 46);
INSERT INTO `notasTrabalho` VALUES (82, 7, 5, 3, 10, 25, 6, 24);
INSERT INTO `notasTrabalho` VALUES (83, 7, 10, 8, 5, 30, 5, 47);
INSERT INTO `notasTrabalho` VALUES (84, 9, 9, 9, 10, 37, 16, 12);
INSERT INTO `notasTrabalho` VALUES (85, 5, 8, 3, 7, 23, 19, 3);
INSERT INTO `notasTrabalho` VALUES (86, 10, 10, 10, 10, 40, 15, 38);
INSERT INTO `notasTrabalho` VALUES (87, 8, 9, 7, 8, 32, 17, 55);
INSERT INTO `notasTrabalho` VALUES (88, 5, 7, 5, 6, 23, 11, 75);
INSERT INTO `notasTrabalho` VALUES (89, 6, 4, 9, 5, 24, 14, 28);
INSERT INTO `notasTrabalho` VALUES (90, 8, 8, 8, 10, 34, 7, 13);
INSERT INTO `notasTrabalho` VALUES (91, 7, 6, 5, 5, 23, 9, 51);
INSERT INTO `notasTrabalho` VALUES (92, 8, 7, 8, 10, 33, 13, 15);
INSERT INTO `notasTrabalho` VALUES (93, 10, 9, 9, 9, 37, 8, 12);
INSERT INTO `notasTrabalho` VALUES (94, 10, 10, 10, 10, 40, 15, 39);
INSERT INTO `notasTrabalho` VALUES (95, 6, 7, 6, 7, 26, 4, 2);
INSERT INTO `notasTrabalho` VALUES (96, 5, 1, 2, 5, 13, 14, 26);
INSERT INTO `notasTrabalho` VALUES (97, 4, 4, 3, 7, 18, 5, 16);
INSERT INTO `notasTrabalho` VALUES (98, 9, 7, 7, 9, 32, 8, 45);
INSERT INTO `notasTrabalho` VALUES (99, 10, 10, 10, 9, 39, 16, 45);
INSERT INTO `notasTrabalho` VALUES (100, 6, 6, 5, 6, 23, 19, 6);
INSERT INTO `notasTrabalho` VALUES (101, 10, 10, 10, 10, 40, 15, 40);
INSERT INTO `notasTrabalho` VALUES (102, 5, 5, 5, 6, 21, 5, 17);
INSERT INTO `notasTrabalho` VALUES (103, 8, 8, 7, 8, 31, 17, 56);
INSERT INTO `notasTrabalho` VALUES (104, 5, 4, 7, 7, 23, 13, 17);
INSERT INTO `notasTrabalho` VALUES (105, 1, 1, 1, 1, 4, 13, 19);
INSERT INTO `notasTrabalho` VALUES (106, 5, 7, 3, 6, 21, 4, 1);
INSERT INTO `notasTrabalho` VALUES (107, 10, 10, 10, 10, 40, 15, 41);
INSERT INTO `notasTrabalho` VALUES (108, 6, 5, 6, 7, 24, 6, 32);
INSERT INTO `notasTrabalho` VALUES (109, 3, 3, 2, 10, 18, 19, 5);
INSERT INTO `notasTrabalho` VALUES (110, 8, 7, 8, 9, 32, 8, 49);
INSERT INTO `notasTrabalho` VALUES (111, 9, 9, 9, 9, 36, 16, 49);
INSERT INTO `notasTrabalho` VALUES (112, 9, 9, 8, 5, 31, 12, 3);
INSERT INTO `notasTrabalho` VALUES (113, 10, 10, 10, 10, 40, 15, 42);
INSERT INTO `notasTrabalho` VALUES (114, 8, 8, 9, 10, 35, 13, 48);
INSERT INTO `notasTrabalho` VALUES (115, 8, 9, 8, 10, 35, 11, 74);
INSERT INTO `notasTrabalho` VALUES (116, 2, 2, 1, 5, 10, 14, 38);
INSERT INTO `notasTrabalho` VALUES (117, 10, 10, 10, 10, 40, 15, 13);
INSERT INTO `notasTrabalho` VALUES (118, 4, 3, 3, 6, 16, 19, 69);
INSERT INTO `notasTrabalho` VALUES (119, 7, 10, 8, 10, 35, 5, 48);
INSERT INTO `notasTrabalho` VALUES (120, 5, 3, 3, 2, 13, 9, 55);
INSERT INTO `notasTrabalho` VALUES (121, 9, 9, 9, 9, 36, 4, 6);
INSERT INTO `notasTrabalho` VALUES (122, 10, 10, 10, 10, 40, 12, 6);
INSERT INTO `notasTrabalho` VALUES (123, 8, 10, 8, 8, 34, 6, 33);
INSERT INTO `notasTrabalho` VALUES (124, 10, 10, 10, 10, 40, 15, 44);
INSERT INTO `notasTrabalho` VALUES (125, 10, 10, 10, 10, 40, 16, 68);
INSERT INTO `notasTrabalho` VALUES (126, 3, 4, 3, 4, 14, 19, 7);
INSERT INTO `notasTrabalho` VALUES (127, 9, 9, 8, 10, 36, 17, 57);
INSERT INTO `notasTrabalho` VALUES (128, 10, 10, 10, 10, 40, 15, 12);
INSERT INTO `notasTrabalho` VALUES (129, 9, 10, 9, 10, 38, 7, 44);
INSERT INTO `notasTrabalho` VALUES (130, 4, 5, 3, 6, 18, 13, 21);
INSERT INTO `notasTrabalho` VALUES (131, 2, 1, 2, 2, 7, 5, 21);
INSERT INTO `notasTrabalho` VALUES (132, 10, 10, 10, 9, 39, 12, 5);
INSERT INTO `notasTrabalho` VALUES (133, 5, 6, 4, 9, 24, 11, 73);
INSERT INTO `notasTrabalho` VALUES (134, 10, 10, 10, 10, 40, 15, 45);
INSERT INTO `notasTrabalho` VALUES (135, 3, 4, 3, 2, 12, 9, 56);
INSERT INTO `notasTrabalho` VALUES (136, 3, 5, 5, 6, 19, 14, 40);
INSERT INTO `notasTrabalho` VALUES (137, 5, 8, 5, 7, 25, 6, 34);
INSERT INTO `notasTrabalho` VALUES (138, 6, 4, 4, 7, 21, 19, 8);
INSERT INTO `notasTrabalho` VALUES (139, 10, 10, 10, 10, 40, 15, 49);
INSERT INTO `notasTrabalho` VALUES (140, 10, 8, 9, 9, 36, 8, 68);
INSERT INTO `notasTrabalho` VALUES (141, 3, 4, 4, 6, 17, 4, 3);
INSERT INTO `notasTrabalho` VALUES (142, 5, 6, 10, 7, 28, 5, 24);
INSERT INTO `notasTrabalho` VALUES (143, 8, 9, 8, 8, 33, 13, 24);
INSERT INTO `notasTrabalho` VALUES (144, 3, 3, 2, 5, 13, 19, 9);
INSERT INTO `notasTrabalho` VALUES (145, 9, 9, 10, 9, 37, 17, 58);
INSERT INTO `notasTrabalho` VALUES (146, 10, 10, 10, 10, 40, 12, 2);
INSERT INTO `notasTrabalho` VALUES (147, 1, 2, 2, 3, 8, 11, 71);
INSERT INTO `notasTrabalho` VALUES (148, 5, 8, 8, 3, 24, 14, 39);
INSERT INTO `notasTrabalho` VALUES (149, 9, 8, 9, 10, 36, 6, 31);
INSERT INTO `notasTrabalho` VALUES (150, 3, 2, 3, 2, 10, 4, 5);
INSERT INTO `notasTrabalho` VALUES (151, 4, 4, 8, 10, 26, 5, 25);
INSERT INTO `notasTrabalho` VALUES (152, 6, 8, 5, 8, 27, 13, 25);
INSERT INTO `notasTrabalho` VALUES (153, 5, 2, 2, 6, 15, 19, 10);
INSERT INTO `notasTrabalho` VALUES (154, 5, 8, 7, 9, 29, 9, 57);
INSERT INTO `notasTrabalho` VALUES (155, 8, 8, 7, 7, 30, 12, 1);
INSERT INTO `notasTrabalho` VALUES (156, 10, 10, 10, 10, 40, 16, 14);
INSERT INTO `notasTrabalho` VALUES (157, 6, 6, 8, 10, 30, 5, 26);
INSERT INTO `notasTrabalho` VALUES (158, 9, 10, 9, 9, 37, 8, 14);
INSERT INTO `notasTrabalho` VALUES (159, 7, 7, 7, 8, 29, 13, 26);
INSERT INTO `notasTrabalho` VALUES (160, 2, 2, 1, 2, 7, 14, 37);
INSERT INTO `notasTrabalho` VALUES (161, 8, 8, 8, 8, 32, 12, 7);
INSERT INTO `notasTrabalho` VALUES (162, 3, 2, 2, 4, 11, 19, 71);
INSERT INTO `notasTrabalho` VALUES (163, 7, 8, 7, 8, 30, 11, 3);
INSERT INTO `notasTrabalho` VALUES (164, 3, 7, 7, 9, 26, 4, 69);
INSERT INTO `notasTrabalho` VALUES (165, 8, 9, 8, 10, 35, 17, 59);
INSERT INTO `notasTrabalho` VALUES (166, 3, 3, 4, 6, 16, 5, 27);
INSERT INTO `notasTrabalho` VALUES (167, 5, 9, 8, 10, 32, 13, 27);
INSERT INTO `notasTrabalho` VALUES (168, 9, 8, 4, 10, 31, 12, 8);
INSERT INTO `notasTrabalho` VALUES (169, 7, 7, 7, 10, 31, 16, 50);
INSERT INTO `notasTrabalho` VALUES (170, 9, 9, 8, 10, 36, 17, 60);
INSERT INTO `notasTrabalho` VALUES (171, 5, 4, 5, 6, 20, 19, 73);
INSERT INTO `notasTrabalho` VALUES (172, 9, 10, 8, 10, 37, 7, 32);
INSERT INTO `notasTrabalho` VALUES (173, 9, 9, 9, 9, 36, 12, 69);
INSERT INTO `notasTrabalho` VALUES (174, 3, 6, 4, 3, 16, 4, 7);
INSERT INTO `notasTrabalho` VALUES (175, 2, 4, 6, 5, 17, 5, 28);
INSERT INTO `notasTrabalho` VALUES (176, 8, 8, 5, 9, 30, 13, 28);
INSERT INTO `notasTrabalho` VALUES (177, 9, 9, 9, 9, 36, 8, 50);
INSERT INTO `notasTrabalho` VALUES (178, 10, 10, 10, 10, 40, 12, 47);
INSERT INTO `notasTrabalho` VALUES (179, 9, 9, 10, 10, 38, 11, 2);
INSERT INTO `notasTrabalho` VALUES (180, 2, 5, 9, 6, 22, 14, 36);
INSERT INTO `notasTrabalho` VALUES (181, 6, 5, 4, 8, 23, 19, 72);
INSERT INTO `notasTrabalho` VALUES (182, 4, 5, 4, 5, 18, 4, 8);
INSERT INTO `notasTrabalho` VALUES (183, 10, 10, 10, 10, 40, 17, 61);
INSERT INTO `notasTrabalho` VALUES (184, 5, 4, 5, 5, 19, 16, 52);
INSERT INTO `notasTrabalho` VALUES (185, 8, 10, 10, 10, 38, 15, 68);
INSERT INTO `notasTrabalho` VALUES (186, 10, 10, 7, 10, 37, 12, 43);
INSERT INTO `notasTrabalho` VALUES (187, 9, 10, 10, 10, 39, 15, 14);
INSERT INTO `notasTrabalho` VALUES (188, 10, 10, 3, 5, 28, 5, 80);
INSERT INTO `notasTrabalho` VALUES (189, 9, 10, 9, 9, 37, 17, 62);
INSERT INTO `notasTrabalho` VALUES (190, 10, 10, 10, 10, 40, 12, 46);
INSERT INTO `notasTrabalho` VALUES (191, 8, 8, 8, 6, 30, 13, 30);
INSERT INTO `notasTrabalho` VALUES (192, 7, 9, 5, 6, 27, 9, 58);
INSERT INTO `notasTrabalho` VALUES (193, 8, 9, 8, 9, 34, 8, 52);
INSERT INTO `notasTrabalho` VALUES (194, 2, 7, 4, 4, 17, 13, 29);
INSERT INTO `notasTrabalho` VALUES (195, 5, 9, 9, 2, 25, 14, 35);
INSERT INTO `notasTrabalho` VALUES (196, 9, 10, 10, 10, 39, 15, 50);
INSERT INTO `notasTrabalho` VALUES (197, 3, 2, 3, 9, 17, 11, 1);
INSERT INTO `notasTrabalho` VALUES (198, 7, 7, 7, 8, 29, 4, 9);
INSERT INTO `notasTrabalho` VALUES (199, 7, 6, 5, 7, 25, 19, 74);
INSERT INTO `notasTrabalho` VALUES (200, 9, 9, 7, 10, 35, 17, 63);
INSERT INTO `notasTrabalho` VALUES (201, 6, 5, 8, 9, 28, 16, 51);
INSERT INTO `notasTrabalho` VALUES (202, 6, 7, 7, 7, 27, 4, 10);
INSERT INTO `notasTrabalho` VALUES (203, 9, 7, 7, 8, 31, 8, 51);
INSERT INTO `notasTrabalho` VALUES (204, 8, 9, 8, 6, 31, 11, 5);
INSERT INTO `notasTrabalho` VALUES (205, 10, 10, 5, 6, 31, 12, 11);
INSERT INTO `notasTrabalho` VALUES (206, 5, 4, 3, 5, 17, 19, 75);
INSERT INTO `notasTrabalho` VALUES (207, 10, 10, 8, 9, 37, 17, 67);
INSERT INTO `notasTrabalho` VALUES (208, 8, 8, 6, 7, 29, 11, 69);
INSERT INTO `notasTrabalho` VALUES (209, 10, 8, 8, 5, 31, 12, 10);
INSERT INTO `notasTrabalho` VALUES (210, 3, 5, 5, 2, 15, 14, 34);
INSERT INTO `notasTrabalho` VALUES (211, 7, 9, 5, 9, 30, 6, 28);
INSERT INTO `notasTrabalho` VALUES (212, 10, 10, 10, 10, 40, 4, 46);
INSERT INTO `notasTrabalho` VALUES (213, 7, 7, 3, 5, 22, 16, 53);
INSERT INTO `notasTrabalho` VALUES (214, 10, 10, 10, 10, 40, 15, 80);
INSERT INTO `notasTrabalho` VALUES (215, 9, 9, 7, 10, 35, 17, 66);
INSERT INTO `notasTrabalho` VALUES (216, 9, 8, 8, 9, 34, 8, 53);
INSERT INTO `notasTrabalho` VALUES (217, 8, 8, 9, 6, 31, 11, 7);
INSERT INTO `notasTrabalho` VALUES (218, 10, 10, 10, 10, 40, 12, 48);
INSERT INTO `notasTrabalho` VALUES (219, 5, 6, 4, 5, 20, 6, 27);
INSERT INTO `notasTrabalho` VALUES (220, 7, 5, 4, 5, 21, 19, 77);
INSERT INTO `notasTrabalho` VALUES (221, 5, 1, 3, 6, 15, 14, 33);
INSERT INTO `notasTrabalho` VALUES (222, 8, 8, 8, 9, 33, 16, 54);
INSERT INTO `notasTrabalho` VALUES (223, 9, 8, 9, 9, 35, 8, 54);
INSERT INTO `notasTrabalho` VALUES (224, 3, 8, 6, 5, 22, 6, 21);
INSERT INTO `notasTrabalho` VALUES (225, 10, 10, 10, 10, 40, 4, 43);
INSERT INTO `notasTrabalho` VALUES (226, 8, 9, 7, 9, 33, 17, 65);
INSERT INTO `notasTrabalho` VALUES (227, 8, 7, 7, 5, 27, 12, 17);
INSERT INTO `notasTrabalho` VALUES (228, 8, 10, 10, 10, 38, 11, 6);
INSERT INTO `notasTrabalho` VALUES (229, 4, 3, 2, 5, 14, 19, 78);
INSERT INTO `notasTrabalho` VALUES (230, 5, 5, 4, 3, 17, 16, 55);
INSERT INTO `notasTrabalho` VALUES (231, 8, 8, 8, 7, 31, 8, 55);
INSERT INTO `notasTrabalho` VALUES (232, 3, 3, 6, 10, 22, 14, 31);
INSERT INTO `notasTrabalho` VALUES (233, 8, 8, 8, 8, 32, 12, 16);
INSERT INTO `notasTrabalho` VALUES (234, 10, 10, 9, 10, 39, 9, 59);
INSERT INTO `notasTrabalho` VALUES (235, 5, 4, 4, 8, 21, 11, 8);
INSERT INTO `notasTrabalho` VALUES (236, 6, 4, 4, 6, 20, 19, 79);
INSERT INTO `notasTrabalho` VALUES (237, 4, 4, 3, 6, 17, 16, 56);
INSERT INTO `notasTrabalho` VALUES (238, 10, 10, 8, 9, 37, 17, 4);
INSERT INTO `notasTrabalho` VALUES (239, 8, 9, 9, 9, 35, 11, 9);
INSERT INTO `notasTrabalho` VALUES (240, 10, 10, 10, 7, 37, 12, 9);
INSERT INTO `notasTrabalho` VALUES (241, 10, 10, 10, 10, 40, 4, 47);
INSERT INTO `notasTrabalho` VALUES (242, 2, 3, 2, 5, 12, 19, 55);
INSERT INTO `notasTrabalho` VALUES (243, 4, 5, 5, 7, 21, 11, 10);
INSERT INTO `notasTrabalho` VALUES (244, 4, 4, 4, 3, 15, 18, 75);
INSERT INTO `notasTrabalho` VALUES (245, 7, 7, 7, 7, 28, 8, 56);
INSERT INTO `notasTrabalho` VALUES (246, 8, 8, 4, 3, 23, 14, 30);
INSERT INTO `notasTrabalho` VALUES (247, 9, 9, 7, 9, 34, 17, 70);
INSERT INTO `notasTrabalho` VALUES (248, 7, 9, 7, 8, 31, 7, 50);
INSERT INTO `notasTrabalho` VALUES (249, 9, 10, 6, 10, 35, 6, 80);
INSERT INTO `notasTrabalho` VALUES (250, 6, 3, 3, 6, 18, 19, 57);
INSERT INTO `notasTrabalho` VALUES (251, 3, 4, 3, 5, 15, 16, 57);
INSERT INTO `notasTrabalho` VALUES (252, 4, 3, 1, 1, 9, 9, 60);
INSERT INTO `notasTrabalho` VALUES (253, 3, 3, 4, 4, 14, 18, 76);
INSERT INTO `notasTrabalho` VALUES (254, 7, 8, 9, 8, 32, 11, 11);
INSERT INTO `notasTrabalho` VALUES (255, 10, 10, 7, 9, 36, 17, 71);
INSERT INTO `notasTrabalho` VALUES (256, 7, 4, 5, 7, 23, 14, 29);
INSERT INTO `notasTrabalho` VALUES (257, 8, 7, 7, 7, 29, 8, 57);
INSERT INTO `notasTrabalho` VALUES (258, 10, 10, 10, 10, 40, 12, 14);
INSERT INTO `notasTrabalho` VALUES (259, 7, 7, 8, 7, 29, 4, 15);
INSERT INTO `notasTrabalho` VALUES (260, 5, 4, 4, 10, 23, 5, 65);
INSERT INTO `notasTrabalho` VALUES (261, 6, 7, 6, 5, 24, 5, 67);
INSERT INTO `notasTrabalho` VALUES (262, 4, 4, 3, 5, 16, 18, 77);
INSERT INTO `notasTrabalho` VALUES (263, 9, 10, 7, 10, 36, 17, 72);
INSERT INTO `notasTrabalho` VALUES (264, 7, 6, 6, 7, 26, 5, 74);
INSERT INTO `notasTrabalho` VALUES (265, 5, 4, 4, 8, 21, 16, 58);
INSERT INTO `notasTrabalho` VALUES (266, 7, 7, 7, 10, 31, 14, 32);
INSERT INTO `notasTrabalho` VALUES (267, 7, 8, 4, 8, 27, 21, 74);
INSERT INTO `notasTrabalho` VALUES (268, 8, 7, 7, 7, 29, 8, 58);
INSERT INTO `notasTrabalho` VALUES (269, 4, 4, 4, 4, 16, 11, 80);
INSERT INTO `notasTrabalho` VALUES (270, 5, 10, 4, 7, 26, 5, 75);
INSERT INTO `notasTrabalho` VALUES (271, 7, 7, 8, 7, 29, 4, 11);
INSERT INTO `notasTrabalho` VALUES (272, 5, 3, 4, 6, 18, 21, 65);
INSERT INTO `notasTrabalho` VALUES (273, 7, 7, 7, 7, 28, 19, 67);
INSERT INTO `notasTrabalho` VALUES (274, 5, 5, 4, 3, 17, 18, 78);
INSERT INTO `notasTrabalho` VALUES (275, 10, 10, 10, 10, 40, 12, 68);
INSERT INTO `notasTrabalho` VALUES (276, 10, 10, 10, 10, 40, 7, 14);
INSERT INTO `notasTrabalho` VALUES (277, 7, 9, 8, 8, 32, 2, 29);
INSERT INTO `notasTrabalho` VALUES (278, 10, 9, 9, 10, 38, 9, 61);
INSERT INTO `notasTrabalho` VALUES (279, 9, 10, 10, 10, 39, 15, 73);
INSERT INTO `notasTrabalho` VALUES (280, 6, 8, 7, 6, 27, 5, 62);
INSERT INTO `notasTrabalho` VALUES (281, 4, 5, 5, 4, 18, 18, 79);
INSERT INTO `notasTrabalho` VALUES (282, 8, 9, 8, 9, 34, 21, 72);
INSERT INTO `notasTrabalho` VALUES (283, 4, 3, 5, 3, 15, 11, 66);
INSERT INTO `notasTrabalho` VALUES (284, 8, 7, 7, 7, 29, 5, 77);
INSERT INTO `notasTrabalho` VALUES (285, 4, 5, 5, 2, 16, 14, 21);
INSERT INTO `notasTrabalho` VALUES (286, 3, 4, 3, 3, 13, 4, 16);
INSERT INTO `notasTrabalho` VALUES (287, 4, 4, 5, 5, 18, 16, 59);
INSERT INTO `notasTrabalho` VALUES (288, 10, 10, 10, 8, 38, 2, 24);
INSERT INTO `notasTrabalho` VALUES (289, 6, 7, 7, 7, 27, 18, 80);
INSERT INTO `notasTrabalho` VALUES (290, 8, 8, 10, 6, 32, 5, 61);
INSERT INTO `notasTrabalho` VALUES (291, 4, 4, 4, 3, 15, 18, 61);
INSERT INTO `notasTrabalho` VALUES (292, 10, 9, 6, 10, 35, 21, 4);
INSERT INTO `notasTrabalho` VALUES (293, 4, 5, 5, 4, 18, 18, 62);
INSERT INTO `notasTrabalho` VALUES (294, 8, 7, 7, 7, 29, 8, 59);
INSERT INTO `notasTrabalho` VALUES (295, 4, 5, 5, 4, 18, 18, 63);
INSERT INTO `notasTrabalho` VALUES (296, 4, 4, 4, 5, 17, 18, 65);
INSERT INTO `notasTrabalho` VALUES (297, 4, 4, 4, 5, 17, 11, 70);
INSERT INTO `notasTrabalho` VALUES (298, 8, 8, 8, 10, 34, 7, 49);
INSERT INTO `notasTrabalho` VALUES (299, 10, 9, 10, 10, 39, 18, 66);
INSERT INTO `notasTrabalho` VALUES (300, 10, 10, 10, 8, 38, 2, 61);
INSERT INTO `notasTrabalho` VALUES (301, 9, 8, 9, 9, 35, 16, 60);
INSERT INTO `notasTrabalho` VALUES (302, 6, 7, 7, 6, 26, 18, 67);
INSERT INTO `notasTrabalho` VALUES (303, 9, 8, 9, 8, 34, 8, 60);
INSERT INTO `notasTrabalho` VALUES (304, 6, 5, 4, 4, 19, 4, 17);
INSERT INTO `notasTrabalho` VALUES (305, 7, 7, 8, 8, 30, 18, 18);
INSERT INTO `notasTrabalho` VALUES (306, 10, 6, 0, 4, 20, 5, 78);
INSERT INTO `notasTrabalho` VALUES (307, 10, 9, 9, 10, 38, 16, 42);
INSERT INTO `notasTrabalho` VALUES (308, 9, 10, 10, 10, 39, 14, 48);
INSERT INTO `notasTrabalho` VALUES (309, 6, 6, 7, 8, 27, 18, 4);
INSERT INTO `notasTrabalho` VALUES (310, 8, 6, 7, 8, 29, 18, 70);
INSERT INTO `notasTrabalho` VALUES (311, 6, 7, 6, 6, 25, 11, 17);
INSERT INTO `notasTrabalho` VALUES (312, 5, 5, 5, 5, 20, 2, 42);
INSERT INTO `notasTrabalho` VALUES (313, 6, 8, 6, 7, 27, 18, 72);
INSERT INTO `notasTrabalho` VALUES (314, 9, 9, 8, 9, 35, 21, 12);
INSERT INTO `notasTrabalho` VALUES (315, 5, 6, 8, 5, 24, 18, 73);
INSERT INTO `notasTrabalho` VALUES (316, 8, 8, 8, 9, 33, 8, 66);
INSERT INTO `notasTrabalho` VALUES (317, 7, 6, 5, 9, 27, 5, 79);
INSERT INTO `notasTrabalho` VALUES (318, 10, 10, 10, 10, 40, 20, 4);
INSERT INTO `notasTrabalho` VALUES (319, 6, 6, 6, 6, 24, 18, 74);
INSERT INTO `notasTrabalho` VALUES (320, 7, 8, 8, 8, 31, 14, 67);
INSERT INTO `notasTrabalho` VALUES (321, 9, 8, 7, 9, 33, 11, 45);
INSERT INTO `notasTrabalho` VALUES (322, 10, 10, 10, 10, 40, 4, 48);
INSERT INTO `notasTrabalho` VALUES (323, 7, 9, 8, 8, 32, 9, 63);
INSERT INTO `notasTrabalho` VALUES (324, 10, 10, 10, 10, 40, 7, 18);
INSERT INTO `notasTrabalho` VALUES (325, 7, 8, 7, 7, 29, 11, 42);
INSERT INTO `notasTrabalho` VALUES (326, 7, 8, 7, 4, 26, 18, 39);
INSERT INTO `notasTrabalho` VALUES (327, 10, 10, 9, 10, 39, 8, 70);
INSERT INTO `notasTrabalho` VALUES (328, 8, 7, 8, 8, 31, 7, 45);
INSERT INTO `notasTrabalho` VALUES (329, 7, 8, 8, 8, 31, 11, 18);
INSERT INTO `notasTrabalho` VALUES (330, 7, 9, 7, 9, 32, 14, 73);
INSERT INTO `notasTrabalho` VALUES (331, 10, 10, 10, 10, 40, 7, 76);
INSERT INTO `notasTrabalho` VALUES (332, 10, 10, 10, 10, 40, 20, 18);
INSERT INTO `notasTrabalho` VALUES (333, 5, 4, 3, 3, 15, 9, 62);
INSERT INTO `notasTrabalho` VALUES (334, 4, 5, 4, 5, 18, 18, 38);
INSERT INTO `notasTrabalho` VALUES (335, 9, 10, 8, 10, 37, 7, 39);
INSERT INTO `notasTrabalho` VALUES (336, 10, 10, 10, 10, 40, 5, 76);
INSERT INTO `notasTrabalho` VALUES (337, 8, 9, 10, 9, 36, 5, 45);
INSERT INTO `notasTrabalho` VALUES (338, 4, 4, 4, 4, 16, 18, 36);
INSERT INTO `notasTrabalho` VALUES (339, 4, 5, 3, 4, 16, 5, 29);
INSERT INTO `notasTrabalho` VALUES (340, 10, 10, 10, 10, 40, 7, 15);
INSERT INTO `notasTrabalho` VALUES (341, 4, 5, 4, 6, 19, 18, 31);
INSERT INTO `notasTrabalho` VALUES (342, 2, 2, 2, 5, 11, 5, 30);
INSERT INTO `notasTrabalho` VALUES (343, 10, 10, 0, 10, 30, 20, 36);
INSERT INTO `notasTrabalho` VALUES (344, 8, 8, 8, 8, 32, 11, 76);
INSERT INTO `notasTrabalho` VALUES (345, 3, 5, 3, 4, 15, 5, 31);
INSERT INTO `notasTrabalho` VALUES (346, 5, 4, 4, 4, 17, 18, 30);
INSERT INTO `notasTrabalho` VALUES (347, 10, 10, 10, 9, 39, 15, 38);
INSERT INTO `notasTrabalho` VALUES (348, 10, 10, 10, 8, 38, 15, 63);
INSERT INTO `notasTrabalho` VALUES (349, 10, 10, 10, 9, 39, 15, 34);
INSERT INTO `notasTrabalho` VALUES (350, 8, 9, 9, 7, 33, 15, 35);
INSERT INTO `notasTrabalho` VALUES (351, 10, 10, 10, 10, 40, 15, 37);
INSERT INTO `notasTrabalho` VALUES (352, 9, 9, 9, 9, 36, 15, 40);
INSERT INTO `notasTrabalho` VALUES (353, 8, 8, 8, 8, 32, 16, 40);
INSERT INTO `notasTrabalho` VALUES (354, 8, 8, 8, 7, 31, 16, 37);
INSERT INTO `notasTrabalho` VALUES (355, 5, 5, 4, 6, 20, 15, 71);
INSERT INTO `notasTrabalho` VALUES (356, 6, 5, 5, 5, 21, 15, 77);
INSERT INTO `notasTrabalho` VALUES (357, 8, 8, 8, 7, 31, 4, 79);
INSERT INTO `notasTrabalho` VALUES (358, 5, 5, 5, 5, 20, 2, 2);
INSERT INTO `notasTrabalho` VALUES (359, 5, 5, 5, 5, 20, 2, 2);
INSERT INTO `notasTrabalho` VALUES (360, 5, 5, 5, 5, 20, 2, 2);
INSERT INTO `notasTrabalho` VALUES (361, 5, 5, 5, 5, 20, 22, 2);
INSERT INTO `notasTrabalho` VALUES (362, 5, 5, 5, 5, 20, 22, 2);
INSERT INTO `notasTrabalho` VALUES (363, 5, 5, 5, 5, 20, 22, 2);
INSERT INTO `notasTrabalho` VALUES (364, 5, 5, 5, 5, 20, 22, 2);
INSERT INTO `notasTrabalho` VALUES (365, 5, 8, 5, 10, 28, 2, 7);
INSERT INTO `notasTrabalho` VALUES (366, 5, 8, 5, 10, 28, 2, 7);
INSERT INTO `notasTrabalho` VALUES (367, 7, 6, 7, 8, 28, 2, 6);
INSERT INTO `notasTrabalho` VALUES (368, 5, 7, 7, 6, 25, 2, 26);
INSERT INTO `notasTrabalho` VALUES (369, 5, 5, 5, 5, 20, 22, 2);
INSERT INTO `notasTrabalho` VALUES (370, 8, 4, 5, 7, 24, 2, 21);
INSERT INTO `notasTrabalho` VALUES (371, 7, 5, 5, 7, 24, 2, 19);

-- ----------------------------
-- Table structure for projetos
-- ----------------------------
DROP TABLE IF EXISTS `projetos`;
CREATE TABLE `projetos`  (
  `id_projeto` int(11) NOT NULL AUTO_INCREMENT,
  `titulo` varchar(255) CHARACTER SET latin1 COLLATE latin1_swedish_ci NULL DEFAULT NULL,
  `categoria` int(11) NULL DEFAULT NULL,
  `permite_avaliacao` char(255) CHARACTER SET latin1 COLLATE latin1_swedish_ci NULL DEFAULT NULL,
  `status` varchar(255) CHARACTER SET latin1 COLLATE latin1_swedish_ci NULL DEFAULT NULL,
  PRIMARY KEY (`id_projeto`) USING BTREE,
  INDEX `id_categoria___fk`(`categoria`) USING BTREE,
  CONSTRAINT `id_categoria___fk` FOREIGN KEY (`categoria`) REFERENCES `categoria` (`id_categoria`) ON DELETE RESTRICT ON UPDATE RESTRICT
) ENGINE = InnoDB AUTO_INCREMENT = 83 CHARACTER SET = latin1 COLLATE = latin1_swedish_ci ROW_FORMAT = Compact;

-- ----------------------------
-- Records of projetos
-- ----------------------------
INSERT INTO `projetos` VALUES (1, ' Aplicativo Unlock Job', 1, 'S', NULL);
INSERT INTO `projetos` VALUES (2, ' Aplicativo Alimentou', 2, 'S', NULL);
INSERT INTO `projetos` VALUES (3, ' Vias de Medicao  Segurana do Paciente HSL', 2, 'S', NULL);
INSERT INTO `projetos` VALUES (4, ' T-Oxicarb', 1, 'S', NULL);
INSERT INTO `projetos` VALUES (5, ' Smart Nurses', 1, 'S', NULL);
INSERT INTO `projetos` VALUES (6, ' Pulseira de Compreenso Radial', 1, 'S', NULL);
INSERT INTO `projetos` VALUES (7, ' CONFORT', 1, 'S', NULL);
INSERT INTO `projetos` VALUES (8, ' Agendamento Fcil UBS/USF', 2, 'S', NULL);
INSERT INTO `projetos` VALUES (9, ' Adaptador para Filtro de Ventilao Mecnica', 1, 'S', NULL);
INSERT INTO `projetos` VALUES (10, ' Engenho do Hardware (Rob)', 1, 'S', NULL);
INSERT INTO `projetos` VALUES (11, ' Engenho do Hardware I (Bon)', 2, 'S', NULL);
INSERT INTO `projetos` VALUES (12, ' CinesioMecnica', 2, 'S', NULL);
INSERT INTO `projetos` VALUES (13, ' rtese de Baixo Custo para Adaptao em Paciente com Malformao Congenita de Membros Superiores', 2, 'S', NULL);
INSERT INTO `projetos` VALUES (14, ' Independncia', 2, 'S', NULL);
INSERT INTO `projetos` VALUES (15, ' Mutiro Fisio Sade', 2, 'S', NULL);
INSERT INTO `projetos` VALUES (16, ' Finance Control', 1, 'S', NULL);
INSERT INTO `projetos` VALUES (17, ' Agroviso', 2, 'S', NULL);
INSERT INTO `projetos` VALUES (18, ' Contato Libras', 1, 'S', NULL);
INSERT INTO `projetos` VALUES (19, ' Easy Change', 2, 'S', NULL);
INSERT INTO `projetos` VALUES (20, ' Nota Fcil', 2, 'S', NULL);
INSERT INTO `projetos` VALUES (21, ' Procurou Achou', 1, 'S', NULL);
INSERT INTO `projetos` VALUES (22, ' Tecservice', 1, 'S', NULL);
INSERT INTO `projetos` VALUES (23, ' X9 (Code Life)', 2, 'S', NULL);
INSERT INTO `projetos` VALUES (24, ' Engenhar Sustentvel', 2, 'S', NULL);
INSERT INTO `projetos` VALUES (25, ' Digpass  Mais Passagem Digital', 1, 'S', NULL);
INSERT INTO `projetos` VALUES (26, ' Tecsem', 2, 'S', NULL);
INSERT INTO `projetos` VALUES (27, ' Acessit', 2, 'S', NULL);
INSERT INTO `projetos` VALUES (28, ' EROS  Energia Renovvel: Uma nova Maneira', 2, 'S', NULL);
INSERT INTO `projetos` VALUES (29, ' Compopet', 2, 'S', NULL);
INSERT INTO `projetos` VALUES (30, ' My Trash', 2, 'S', NULL);
INSERT INTO `projetos` VALUES (31, ' Buslet', 2, 'S', NULL);
INSERT INTO `projetos` VALUES (32, ' Laboratorios Tecnolgicos Para Engenharia', 1, 'S', NULL);
INSERT INTO `projetos` VALUES (33, ' Sute Acessivel Para Motel em Cascavel/PR', 1, 'S', NULL);
INSERT INTO `projetos` VALUES (34, ' AgroHealph', 2, 'S', NULL);
INSERT INTO `projetos` VALUES (35, ' Agroidentificao', 1, 'S', NULL);
INSERT INTO `projetos` VALUES (36, ' AGRO PUB', 2, 'S', NULL);
INSERT INTO `projetos` VALUES (37, ' Farming', 2, 'S', NULL);
INSERT INTO `projetos` VALUES (38, ' Galleus', 1, 'S', NULL);
INSERT INTO `projetos` VALUES (39, ' Mecaniza Ao', 1, 'S', NULL);
INSERT INTO `projetos` VALUES (40, ' Os Guri', 2, 'S', NULL);
INSERT INTO `projetos` VALUES (41, ' Oziotrat', 1, 'S', NULL);
INSERT INTO `projetos` VALUES (42, ' Agro Depende', 2, 'S', NULL);
INSERT INTO `projetos` VALUES (43, ' Os mata mato', 2, 'S', NULL);
INSERT INTO `projetos` VALUES (44, ' Choco Fit ', 2, 'S', NULL);
INSERT INTO `projetos` VALUES (45, ' Natudia', 2, 'S', NULL);
INSERT INTO `projetos` VALUES (46, ' Nutrindo Aes', 2, 'S', NULL);
INSERT INTO `projetos` VALUES (47, ' NutriVida', 2, 'S', NULL);
INSERT INTO `projetos` VALUES (48, ' Planto Mais', 1, 'S', NULL);
INSERT INTO `projetos` VALUES (49, ' Wearables Cardiology', 2, 'S', NULL);
INSERT INTO `projetos` VALUES (50, ' NPJ 4.0', 2, 'S', NULL);
INSERT INTO `projetos` VALUES (51, ' Boiaque', 2, 'S', NULL);
INSERT INTO `projetos` VALUES (52, ' Danso Platform', 1, 'S', NULL);
INSERT INTO `projetos` VALUES (53, ' Estao M P C ( Multi Exerccios para Cadeirante)', 2, 'S', NULL);
INSERT INTO `projetos` VALUES (54, ' Nedsica', 1, 'S', NULL);
INSERT INTO `projetos` VALUES (55, ' Sade Flexivel ', 2, 'S', NULL);
INSERT INTO `projetos` VALUES (56, ' Sua Sade', 1, 'S', NULL);
INSERT INTO `projetos` VALUES (57, ' + Sade para Idosos', 2, 'S', NULL);
INSERT INTO `projetos` VALUES (58, ' Projeto Acolher ', 1, 'S', NULL);
INSERT INTO `projetos` VALUES (59, ' Projeto Psiconecta', 1, 'S', NULL);
INSERT INTO `projetos` VALUES (60, ' Farma Evolution', 2, 'S', NULL);
INSERT INTO `projetos` VALUES (61, ' FharmaSix', 2, 'S', NULL);
INSERT INTO `projetos` VALUES (62, ' Ladizzia', 2, 'S', NULL);
INSERT INTO `projetos` VALUES (63, ' Aplicativo Seu Guia', 2, 'S', NULL);
INSERT INTO `projetos` VALUES (64, ' Carreteiros', 1, 'S', NULL);
INSERT INTO `projetos` VALUES (65, ' Commodus', 2, 'S', NULL);
INSERT INTO `projetos` VALUES (66, ' Demeter', 1, 'S', NULL);
INSERT INTO `projetos` VALUES (67, ' Exeke Solues em Engenharia', 1, 'S', NULL);
INSERT INTO `projetos` VALUES (68, ' Folhas Dgua', 1, 'S', NULL);
INSERT INTO `projetos` VALUES (69, ' Horizon/Animal Life ', 1, 'S', NULL);
INSERT INTO `projetos` VALUES (70, ' Indoor Routes', 2, 'S', NULL);
INSERT INTO `projetos` VALUES (71, ' Nossa Escola ', 2, 'S', NULL);
INSERT INTO `projetos` VALUES (72, ' Sade nica', 1, 'S', NULL);
INSERT INTO `projetos` VALUES (73, ' Ubs Consultas ', 1, 'S', NULL);
INSERT INTO `projetos` VALUES (74, ' Virtual Label', 2, 'S', NULL);
INSERT INTO `projetos` VALUES (75, ' Western Development', 2, 'S', NULL);
INSERT INTO `projetos` VALUES (76, 'FAG META', 1, 'S', NULL);
INSERT INTO `projetos` VALUES (77, ' Bilogos contra a falta de alimento', 2, 'S', NULL);
INSERT INTO `projetos` VALUES (78, ' Germoplasma em foco', 1, 'S', NULL);
INSERT INTO `projetos` VALUES (79, 'Os Orqudeos', 2, 'S', NULL);
INSERT INTO `projetos` VALUES (80, 'SILOMETRIA', 1, 'S', NULL);
INSERT INTO `projetos` VALUES (81, 'ALARMES DE AVIRIOS', 1, 'S', NULL);
INSERT INTO `projetos` VALUES (82, 'PROJETO TESTE', 3, 'S', NULL);

-- ----------------------------
-- Table structure for votoPopular
-- ----------------------------
DROP TABLE IF EXISTS `votoPopular`;
CREATE TABLE `votoPopular`  (
  `id` int(11) NOT NULL AUTO_INCREMENT,
  `id_pessoa` varchar(40) CHARACTER SET latin1 COLLATE latin1_swedish_ci NOT NULL,
  `id_projeto` int(11) NULL DEFAULT NULL,
  `data` datetime NULL DEFAULT NULL,
  PRIMARY KEY (`id`) USING BTREE,
  INDEX `votoPopular_projetos_id_projeto_fk`(`id_projeto`) USING BTREE,
  CONSTRAINT `votoPopular_projetos_id_projeto_fk` FOREIGN KEY (`id_projeto`) REFERENCES `projetos` (`id_projeto`) ON DELETE RESTRICT ON UPDATE RESTRICT
) ENGINE = InnoDB AUTO_INCREMENT = 2814 CHARACTER SET = latin1 COLLATE = latin1_swedish_ci ROW_FORMAT = Compact;

-- ----------------------------
-- Records of votoPopular
-- ----------------------------
INSERT INTO `votoPopular` VALUES (363, '5000232692', 15, '2022-11-10 07:11:13');
INSERT INTO `votoPopular` VALUES (364, '1000195969', 49, '2022-11-10 07:11:17');
INSERT INTO `votoPopular` VALUES (365, '5000219557', 27, '2022-11-10 07:11:19');
INSERT INTO `votoPopular` VALUES (366, '5000235113', 17, '2022-11-10 07:11:21');
INSERT INTO `votoPopular` VALUES (367, '5000223683', 59, '2022-11-10 07:11:23');
INSERT INTO `votoPopular` VALUES (368, '1000178934', 27, '2022-11-10 07:11:40');
INSERT INTO `votoPopular` VALUES (369, '5000226180', 49, '2022-11-10 07:11:45');
INSERT INTO `votoPopular` VALUES (370, '5000215137', 3, '2022-11-10 07:11:45');
INSERT INTO `votoPopular` VALUES (371, '5000234532', 68, '2022-11-10 07:11:00');
INSERT INTO `votoPopular` VALUES (372, '1000196085', 27, '2022-11-10 07:11:04');
INSERT INTO `votoPopular` VALUES (373, '5000225810', 18, '2022-11-10 07:11:18');
INSERT INTO `votoPopular` VALUES (374, '1000164012', 33, '2022-11-10 07:11:20');
INSERT INTO `votoPopular` VALUES (375, '5000224562', 71, '2022-11-10 07:11:23');
INSERT INTO `votoPopular` VALUES (376, '5000211755', 23, '2022-11-10 07:11:42');
INSERT INTO `votoPopular` VALUES (377, '5000233106', 24, '2022-11-10 07:11:47');
INSERT INTO `votoPopular` VALUES (378, '5000201974', 59, '2022-11-10 07:11:47');
INSERT INTO `votoPopular` VALUES (379, '5000228058', 17, '2022-11-10 07:11:52');
INSERT INTO `votoPopular` VALUES (380, '5000212445', 49, '2022-11-10 07:11:59');
INSERT INTO `votoPopular` VALUES (381, '5000212225', 33, '2022-11-10 07:11:03');
INSERT INTO `votoPopular` VALUES (382, '1000181385', 14, '2022-11-10 07:11:05');
INSERT INTO `votoPopular` VALUES (383, '5000216371', 32, '2022-11-10 07:11:06');
INSERT INTO `votoPopular` VALUES (384, '5000216371', 32, '2022-11-10 07:11:06');
INSERT INTO `votoPopular` VALUES (385, '5000228646', 9, '2022-11-10 07:11:16');
INSERT INTO `votoPopular` VALUES (386, '5000217146', 5, '2022-11-10 07:11:19');
INSERT INTO `votoPopular` VALUES (387, '5000220176', 49, '2022-11-10 07:11:32');
INSERT INTO `votoPopular` VALUES (388, '5000231196', 29, '2022-11-10 07:11:35');
INSERT INTO `votoPopular` VALUES (389, '5000219611', 72, '2022-11-10 07:11:49');
INSERT INTO `votoPopular` VALUES (390, '5000203814', 30, '2022-11-10 07:11:52');
INSERT INTO `votoPopular` VALUES (391, '1000196175', 13, '2022-11-10 07:11:53');
INSERT INTO `votoPopular` VALUES (392, '5000235732', 59, '2022-11-10 07:11:02');
INSERT INTO `votoPopular` VALUES (393, '5000211852', 33, '2022-11-10 07:11:08');
INSERT INTO `votoPopular` VALUES (394, '5000232654', 15, '2022-11-10 07:11:08');
INSERT INTO `votoPopular` VALUES (395, '5000228598', 49, '2022-11-10 07:11:10');
INSERT INTO `votoPopular` VALUES (396, '5000223697', 49, '2022-11-10 07:11:11');
INSERT INTO `votoPopular` VALUES (397, '1000191879', 41, '2022-11-10 07:11:14');
INSERT INTO `votoPopular` VALUES (398, '1000181474', 18, '2022-11-10 07:11:18');
INSERT INTO `votoPopular` VALUES (399, '5000226270', 49, '2022-11-10 07:11:18');
INSERT INTO `votoPopular` VALUES (400, '5000221169', 49, '2022-11-10 07:11:20');
INSERT INTO `votoPopular` VALUES (401, '5000229123', 71, '2022-11-10 07:11:21');
INSERT INTO `votoPopular` VALUES (402, '', 15, '2022-11-10 07:11:22');
INSERT INTO `votoPopular` VALUES (403, '5000235370', 2, '2022-11-10 07:11:25');
INSERT INTO `votoPopular` VALUES (404, '1000124254', 18, '2022-11-10 07:11:27');
INSERT INTO `votoPopular` VALUES (405, '1000005380', 14, '2022-11-10 07:11:35');
INSERT INTO `votoPopular` VALUES (406, '5000232690', 15, '2022-11-10 07:11:35');
INSERT INTO `votoPopular` VALUES (407, '1000188927', 15, '2022-11-10 07:11:39');
INSERT INTO `votoPopular` VALUES (408, '5000226483', 49, '2022-11-10 07:11:43');
INSERT INTO `votoPopular` VALUES (409, '5000235505', 15, '2022-11-10 07:11:48');
INSERT INTO `votoPopular` VALUES (410, '', 29, '2022-11-10 07:11:51');
INSERT INTO `votoPopular` VALUES (411, '5000231969', 17, '2022-11-10 07:11:53');
INSERT INTO `votoPopular` VALUES (412, '', 2, '2022-11-10 07:11:54');
INSERT INTO `votoPopular` VALUES (413, '5000201450', 49, '2022-11-10 07:11:58');
INSERT INTO `votoPopular` VALUES (414, '5000214234', 18, '2022-11-10 07:11:00');
INSERT INTO `votoPopular` VALUES (415, '5000234753', 2, '2022-11-10 07:11:00');
INSERT INTO `votoPopular` VALUES (416, '5000225746', 40, '2022-11-10 07:11:02');
INSERT INTO `votoPopular` VALUES (417, '5000217785', 73, '2022-11-10 07:11:07');
INSERT INTO `votoPopular` VALUES (418, '5000223947', 59, '2022-11-10 07:11:07');
INSERT INTO `votoPopular` VALUES (419, '5000224537', 18, '2022-11-10 07:11:08');
INSERT INTO `votoPopular` VALUES (420, '5000237331', 2, '2022-11-10 07:11:19');
INSERT INTO `votoPopular` VALUES (421, '5000234584', 15, '2022-11-10 07:11:21');
INSERT INTO `votoPopular` VALUES (422, '5000230927', 49, '2022-11-10 07:11:23');
INSERT INTO `votoPopular` VALUES (423, '1000039384', 14, '2022-11-10 07:11:25');
INSERT INTO `votoPopular` VALUES (424, '1000167309', 14, '2022-11-10 07:11:32');
INSERT INTO `votoPopular` VALUES (425, '5000202420', 32, '2022-11-10 07:11:33');
INSERT INTO `votoPopular` VALUES (426, '5000216152', 15, '2022-11-10 07:11:36');
INSERT INTO `votoPopular` VALUES (427, '5000228074', 15, '2022-11-10 07:11:37');
INSERT INTO `votoPopular` VALUES (428, '1000181783', 16, '2022-11-10 07:11:41');
INSERT INTO `votoPopular` VALUES (429, '5000228187', 15, '2022-11-10 07:11:44');
INSERT INTO `votoPopular` VALUES (430, '5000219555', 29, '2022-11-10 07:11:45');
INSERT INTO `votoPopular` VALUES (431, '5000212540', 9, '2022-11-10 07:11:50');
INSERT INTO `votoPopular` VALUES (432, '5000215508', 18, '2022-11-10 07:11:55');
INSERT INTO `votoPopular` VALUES (433, '', 15, '2022-11-10 07:11:55');
INSERT INTO `votoPopular` VALUES (434, '5000227200', 49, '2022-11-10 07:11:58');
INSERT INTO `votoPopular` VALUES (435, '5000232684', 15, '2022-11-10 07:11:00');
INSERT INTO `votoPopular` VALUES (436, '5000219513', 30, '2022-11-10 07:11:07');
INSERT INTO `votoPopular` VALUES (437, '5000209320', 38, '2022-11-10 07:11:08');
INSERT INTO `votoPopular` VALUES (438, '5000198860', 33, '2022-11-10 07:11:32');
INSERT INTO `votoPopular` VALUES (439, '5000225134', 49, '2022-11-10 07:11:34');
INSERT INTO `votoPopular` VALUES (440, '5000224283', 15, '2022-11-10 07:11:35');
INSERT INTO `votoPopular` VALUES (441, '5000214554', 12, '2022-11-10 07:11:36');
INSERT INTO `votoPopular` VALUES (442, '5000235065', 15, '2022-11-10 07:11:44');
INSERT INTO `votoPopular` VALUES (443, '1000120361', 29, '2022-11-10 07:11:44');
INSERT INTO `votoPopular` VALUES (444, '5000223762', 12, '2022-11-10 07:11:48');
INSERT INTO `votoPopular` VALUES (445, '1000005134', 58, '2022-11-10 07:11:55');
INSERT INTO `votoPopular` VALUES (446, '5000207257', 38, '2022-11-10 07:11:58');
INSERT INTO `votoPopular` VALUES (447, '5000233311', 15, '2022-11-10 07:11:58');
INSERT INTO `votoPopular` VALUES (448, '5000232641', 15, '2022-11-10 07:11:00');
INSERT INTO `votoPopular` VALUES (449, '5000234482', 15, '2022-11-10 07:11:05');
INSERT INTO `votoPopular` VALUES (450, '5000217256', 77, '2022-11-10 07:11:05');
INSERT INTO `votoPopular` VALUES (451, '5000228396', 15, '2022-11-10 07:11:06');
INSERT INTO `votoPopular` VALUES (452, '5000215147', 5, '2022-11-10 07:11:19');
INSERT INTO `votoPopular` VALUES (453, '1000197267', 27, '2022-11-10 07:11:22');
INSERT INTO `votoPopular` VALUES (454, '5000227254', 49, '2022-11-10 07:11:23');
INSERT INTO `votoPopular` VALUES (455, '5000225191', 49, '2022-11-10 07:11:26');
INSERT INTO `votoPopular` VALUES (456, '1000170906', 13, '2022-11-10 07:11:31');
INSERT INTO `votoPopular` VALUES (457, '5000232677', 15, '2022-11-10 07:11:35');
INSERT INTO `votoPopular` VALUES (458, '5000233313', 15, '2022-11-10 07:11:36');
INSERT INTO `votoPopular` VALUES (459, '5000226511', 49, '2022-11-10 07:11:36');
INSERT INTO `votoPopular` VALUES (460, '5000235284', 15, '2022-11-10 07:11:37');
INSERT INTO `votoPopular` VALUES (461, '1000039674', 77, '2022-11-10 07:11:37');
INSERT INTO `votoPopular` VALUES (462, '5000216176', 18, '2022-11-10 07:11:41');
INSERT INTO `votoPopular` VALUES (463, '1000007033', 13, '2022-11-10 07:11:42');
INSERT INTO `votoPopular` VALUES (464, '5000211802', 49, '2022-11-10 07:11:44');
INSERT INTO `votoPopular` VALUES (465, '', 7, '2022-11-10 07:11:47');
INSERT INTO `votoPopular` VALUES (466, '5000232682', 15, '2022-11-10 07:11:48');
INSERT INTO `votoPopular` VALUES (467, '5000229307', 24, '2022-11-10 07:11:50');
INSERT INTO `votoPopular` VALUES (468, '5000212495', 29, '2022-11-10 07:11:52');
INSERT INTO `votoPopular` VALUES (469, '5000209592', 30, '2022-11-10 07:11:57');
INSERT INTO `votoPopular` VALUES (470, '5000237001', 15, '2022-11-10 07:11:10');
INSERT INTO `votoPopular` VALUES (471, '1000195536', 29, '2022-11-10 07:11:10');
INSERT INTO `votoPopular` VALUES (472, '5000212355', 32, '2022-11-10 07:11:18');
INSERT INTO `votoPopular` VALUES (473, '5000235270', 15, '2022-11-10 07:11:20');
INSERT INTO `votoPopular` VALUES (474, '', 1, '2022-11-10 07:11:20');
INSERT INTO `votoPopular` VALUES (475, '5000227327', 4, '2022-11-10 07:11:27');
INSERT INTO `votoPopular` VALUES (476, '5000224412', 14, '2022-11-10 07:11:28');
INSERT INTO `votoPopular` VALUES (477, '5000209051', 24, '2022-11-10 07:11:37');
INSERT INTO `votoPopular` VALUES (478, '5000209051', 24, '2022-11-10 07:11:37');
INSERT INTO `votoPopular` VALUES (479, '', 1, '2022-11-10 07:11:41');
INSERT INTO `votoPopular` VALUES (480, '5000209051', 24, '2022-11-10 07:11:41');
INSERT INTO `votoPopular` VALUES (481, '', 2, '2022-11-10 07:11:56');
INSERT INTO `votoPopular` VALUES (482, '5000234213', 15, '2022-11-10 07:11:57');
INSERT INTO `votoPopular` VALUES (483, '', 1, '2022-11-10 07:11:00');
INSERT INTO `votoPopular` VALUES (484, '5000216320', 33, '2022-11-10 07:11:07');
INSERT INTO `votoPopular` VALUES (485, '5000228303', 47, '2022-11-10 07:11:07');
INSERT INTO `votoPopular` VALUES (486, '1000195205', 13, '2022-11-10 07:11:10');
INSERT INTO `votoPopular` VALUES (487, '5000230654', 49, '2022-11-10 07:11:12');
INSERT INTO `votoPopular` VALUES (488, '5000234753', 1, '2022-11-10 07:11:14');
INSERT INTO `votoPopular` VALUES (489, '5000229210', 15, '2022-11-10 07:11:21');
INSERT INTO `votoPopular` VALUES (490, '5000225822', 33, '2022-11-10 07:11:29');
INSERT INTO `votoPopular` VALUES (491, '5000217226', 77, '2022-11-10 07:11:33');
INSERT INTO `votoPopular` VALUES (492, '5000236425', 32, '2022-11-10 07:11:38');
INSERT INTO `votoPopular` VALUES (493, '1000179389', 25, '2022-11-10 07:11:52');
INSERT INTO `votoPopular` VALUES (494, '5000208104', 77, '2022-11-10 07:11:53');
INSERT INTO `votoPopular` VALUES (495, '5000227928', 24, '2022-11-10 07:11:57');
INSERT INTO `votoPopular` VALUES (496, '1000041241', 24, '2022-11-10 07:11:58');
INSERT INTO `votoPopular` VALUES (497, '5000237134', 49, '2022-11-10 07:11:01');
INSERT INTO `votoPopular` VALUES (498, '5000228283', 27, '2022-11-10 07:11:01');
INSERT INTO `votoPopular` VALUES (499, '5000205867', 59, '2022-11-10 07:11:04');
INSERT INTO `votoPopular` VALUES (500, '5000206499', 27, '2022-11-10 07:11:09');
INSERT INTO `votoPopular` VALUES (501, '5000232672', 15, '2022-11-10 07:11:14');
INSERT INTO `votoPopular` VALUES (502, '5000199230', 12, '2022-11-10 07:11:15');
INSERT INTO `votoPopular` VALUES (503, '5000201265', 59, '2022-11-10 07:11:19');
INSERT INTO `votoPopular` VALUES (504, '5000231200', 24, '2022-11-10 07:11:51');
INSERT INTO `votoPopular` VALUES (505, '5000234578', 24, '2022-11-10 07:11:51');
INSERT INTO `votoPopular` VALUES (506, '', 27, '2022-11-10 07:11:54');
INSERT INTO `votoPopular` VALUES (507, '5000237264', 15, '2022-11-10 07:11:56');
INSERT INTO `votoPopular` VALUES (508, '5000219853', 12, '2022-11-10 07:11:57');
INSERT INTO `votoPopular` VALUES (509, '1000014909', 18, '2022-11-10 07:11:58');
INSERT INTO `votoPopular` VALUES (510, '5000208627', 2, '2022-11-10 07:11:59');
INSERT INTO `votoPopular` VALUES (511, '5000234917', 24, '2022-11-10 07:11:01');
INSERT INTO `votoPopular` VALUES (512, '5000230706', 27, '2022-11-10 07:11:11');
INSERT INTO `votoPopular` VALUES (513, '1000154834', 12, '2022-11-10 07:11:12');
INSERT INTO `votoPopular` VALUES (514, '5000227315', 49, '2022-11-10 07:11:23');
INSERT INTO `votoPopular` VALUES (515, '5000230853', 14, '2022-11-10 07:11:30');
INSERT INTO `votoPopular` VALUES (516, '1000189657', 4, '2022-11-10 07:11:30');
INSERT INTO `votoPopular` VALUES (517, '', 1, '2022-11-10 07:11:36');
INSERT INTO `votoPopular` VALUES (518, '1000191974', 32, '2022-11-10 07:11:36');
INSERT INTO `votoPopular` VALUES (519, '1000192338', 12, '2022-11-10 07:11:40');
INSERT INTO `votoPopular` VALUES (520, '1000188966', 49, '2022-11-10 07:11:42');
INSERT INTO `votoPopular` VALUES (521, '5000233129', 24, '2022-11-10 07:11:43');
INSERT INTO `votoPopular` VALUES (522, '5000226294', 49, '2022-11-10 07:11:45');
INSERT INTO `votoPopular` VALUES (523, '1000187859', 9, '2022-11-10 07:11:49');
INSERT INTO `votoPopular` VALUES (524, '5000214990', 24, '2022-11-10 07:11:52');
INSERT INTO `votoPopular` VALUES (525, '5000228723', 59, '2022-11-10 07:11:53');
INSERT INTO `votoPopular` VALUES (526, '5000229042', 49, '2022-11-10 07:11:00');
INSERT INTO `votoPopular` VALUES (527, '5000232378', 15, '2022-11-10 07:11:15');
INSERT INTO `votoPopular` VALUES (528, '1000192056', 49, '2022-11-10 07:11:15');
INSERT INTO `votoPopular` VALUES (529, '5000237625', 11, '2022-11-10 07:11:19');
INSERT INTO `votoPopular` VALUES (530, '5000228149', 78, '2022-11-10 07:11:32');
INSERT INTO `votoPopular` VALUES (531, '5000205646', 29, '2022-11-10 07:11:34');
INSERT INTO `votoPopular` VALUES (532, '5000202483', 29, '2022-11-10 07:11:36');
INSERT INTO `votoPopular` VALUES (533, '5000216658', 48, '2022-11-10 07:11:37');
INSERT INTO `votoPopular` VALUES (534, '', 75, '2022-11-10 07:11:47');
INSERT INTO `votoPopular` VALUES (535, '5000217817', 7, '2022-11-10 07:11:50');
INSERT INTO `votoPopular` VALUES (536, '5000215376', 13, '2022-11-10 07:11:51');
INSERT INTO `votoPopular` VALUES (537, '5000235725', 15, '2022-11-10 07:11:02');
INSERT INTO `votoPopular` VALUES (538, '5000234975', 75, '2022-11-10 07:11:02');
INSERT INTO `votoPopular` VALUES (539, '5000200506', 49, '2022-11-10 07:11:07');
INSERT INTO `votoPopular` VALUES (540, '5000206467', 12, '2022-11-10 07:11:10');
INSERT INTO `votoPopular` VALUES (541, '5000211858', 33, '2022-11-10 07:11:12');
INSERT INTO `votoPopular` VALUES (542, '1000192859', 12, '2022-11-10 07:11:14');
INSERT INTO `votoPopular` VALUES (543, '5000207498', 75, '2022-11-10 07:11:15');
INSERT INTO `votoPopular` VALUES (544, '5000219479', 59, '2022-11-10 07:11:16');
INSERT INTO `votoPopular` VALUES (545, '5000215028', 11, '2022-11-10 07:11:16');
INSERT INTO `votoPopular` VALUES (546, '5000215028', 11, '2022-11-10 07:11:16');
INSERT INTO `votoPopular` VALUES (547, '5000215028', 11, '2022-11-10 07:11:16');
INSERT INTO `votoPopular` VALUES (548, '5000230663', 49, '2022-11-10 07:11:36');
INSERT INTO `votoPopular` VALUES (549, '5000209481', 30, '2022-11-10 07:11:36');
INSERT INTO `votoPopular` VALUES (550, '5000227930', 11, '2022-11-10 07:11:46');
INSERT INTO `votoPopular` VALUES (551, '1000192648', 49, '2022-11-10 07:11:52');
INSERT INTO `votoPopular` VALUES (552, '1000029113', 27, '2022-11-10 07:11:56');
INSERT INTO `votoPopular` VALUES (553, '5000229823', 70, '2022-11-10 07:11:01');
INSERT INTO `votoPopular` VALUES (554, '5000232681', 15, '2022-11-10 07:11:02');
INSERT INTO `votoPopular` VALUES (555, '5000224684', 49, '2022-11-10 07:11:03');
INSERT INTO `votoPopular` VALUES (556, '5000217091', 29, '2022-11-10 07:11:05');
INSERT INTO `votoPopular` VALUES (557, '1000186331', 24, '2022-11-10 07:11:15');
INSERT INTO `votoPopular` VALUES (558, '5000206941', 49, '2022-11-10 07:11:15');
INSERT INTO `votoPopular` VALUES (559, '5000217775', 3, '2022-11-10 07:11:15');
INSERT INTO `votoPopular` VALUES (560, '5000227381', 63, '2022-11-10 07:11:20');
INSERT INTO `votoPopular` VALUES (561, '5000209534', 17, '2022-11-10 07:11:23');
INSERT INTO `votoPopular` VALUES (562, '5000209534', 17, '2022-11-10 07:11:24');
INSERT INTO `votoPopular` VALUES (563, '5000235598', 4, '2022-11-10 07:11:27');
INSERT INTO `votoPopular` VALUES (564, '1000153485', 44, '2022-11-10 07:11:27');
INSERT INTO `votoPopular` VALUES (565, '5000215599', 3, '2022-11-10 07:11:29');
INSERT INTO `votoPopular` VALUES (566, '5000223869', 12, '2022-11-10 07:11:33');
INSERT INTO `votoPopular` VALUES (567, '5000219418', 47, '2022-11-10 07:11:35');
INSERT INTO `votoPopular` VALUES (568, '', 3, '2022-11-10 07:11:44');
INSERT INTO `votoPopular` VALUES (569, '', 4, '2022-11-10 07:11:57');
INSERT INTO `votoPopular` VALUES (570, '5000226276', 29, '2022-11-10 07:11:00');
INSERT INTO `votoPopular` VALUES (571, '5000205900', 59, '2022-11-10 07:11:00');
INSERT INTO `votoPopular` VALUES (572, '1000189662', 47, '2022-11-10 07:11:02');
INSERT INTO `votoPopular` VALUES (573, '5000236564', 15, '2022-11-10 07:11:02');
INSERT INTO `votoPopular` VALUES (574, '1000192157', 7, '2022-11-10 07:11:06');
INSERT INTO `votoPopular` VALUES (575, '5000209729', 13, '2022-11-10 07:11:08');
INSERT INTO `votoPopular` VALUES (576, '1000178781', 27, '2022-11-10 07:11:12');
INSERT INTO `votoPopular` VALUES (577, '5000211824', 49, '2022-11-10 07:11:23');
INSERT INTO `votoPopular` VALUES (578, '5000207207', 59, '2022-11-10 07:11:35');
INSERT INTO `votoPopular` VALUES (579, '1000154041', 38, '2022-11-10 07:11:39');
INSERT INTO `votoPopular` VALUES (580, '5000235151', 12, '2022-11-10 07:11:45');
INSERT INTO `votoPopular` VALUES (581, '5000232643', 15, '2022-11-10 07:11:58');
INSERT INTO `votoPopular` VALUES (582, '5000234881', 15, '2022-11-10 07:11:02');
INSERT INTO `votoPopular` VALUES (583, '', 2, '2022-11-10 07:11:05');
INSERT INTO `votoPopular` VALUES (584, '5000201333', 24, '2022-11-10 07:11:09');
INSERT INTO `votoPopular` VALUES (585, '5000202309', 27, '2022-11-10 07:11:19');
INSERT INTO `votoPopular` VALUES (586, '5000226469', 2, '2022-11-10 07:11:19');
INSERT INTO `votoPopular` VALUES (587, '5000224577', 12, '2022-11-10 07:11:34');
INSERT INTO `votoPopular` VALUES (588, '5000228068', 15, '2022-11-10 07:11:38');
INSERT INTO `votoPopular` VALUES (589, '1000122746', 63, '2022-11-10 07:11:42');
INSERT INTO `votoPopular` VALUES (590, '1000163287', 29, '2022-11-10 07:11:58');
INSERT INTO `votoPopular` VALUES (591, '5000228845', 63, '2022-11-10 07:11:58');
INSERT INTO `votoPopular` VALUES (592, '5000223289', 1, '2022-11-10 07:11:08');
INSERT INTO `votoPopular` VALUES (593, '1000094512', 13, '2022-11-10 07:11:19');
INSERT INTO `votoPopular` VALUES (594, '1000110014', 24, '2022-11-10 07:11:35');
INSERT INTO `votoPopular` VALUES (595, '1000187321', 12, '2022-11-10 07:11:38');
INSERT INTO `votoPopular` VALUES (596, '5000206703', 49, '2022-11-10 07:11:44');
INSERT INTO `votoPopular` VALUES (597, '1000192313', 29, '2022-11-10 07:11:55');
INSERT INTO `votoPopular` VALUES (598, '1000181630', 24, '2022-11-10 07:11:57');
INSERT INTO `votoPopular` VALUES (599, '5000232312', 58, '2022-11-10 07:11:57');
INSERT INTO `votoPopular` VALUES (600, '5000226207', 15, '2022-11-10 07:11:59');
INSERT INTO `votoPopular` VALUES (601, '1000197152', 27, '2022-11-10 07:11:03');
INSERT INTO `votoPopular` VALUES (602, '5000212080', 32, '2022-11-10 07:11:07');
INSERT INTO `votoPopular` VALUES (603, '5000226477', 58, '2022-11-10 07:11:42');
INSERT INTO `votoPopular` VALUES (604, '1000192826', 49, '2022-11-10 07:11:46');
INSERT INTO `votoPopular` VALUES (605, '5000232670', 15, '2022-11-10 07:11:50');
INSERT INTO `votoPopular` VALUES (606, '', 40, '2022-11-10 07:11:52');
INSERT INTO `votoPopular` VALUES (607, '1000170137', 29, '2022-11-10 07:11:57');
INSERT INTO `votoPopular` VALUES (608, '5000225152', 49, '2022-11-10 07:11:10');
INSERT INTO `votoPopular` VALUES (609, '5000231161', 49, '2022-11-10 07:11:13');
INSERT INTO `votoPopular` VALUES (610, '5000237397', 58, '2022-11-10 07:11:21');
INSERT INTO `votoPopular` VALUES (611, '', 2, '2022-11-10 07:11:22');
INSERT INTO `votoPopular` VALUES (612, '5000207225', 40, '2022-11-10 07:11:22');
INSERT INTO `votoPopular` VALUES (613, '', 18, '2022-11-10 07:11:49');
INSERT INTO `votoPopular` VALUES (614, '5000213612', 25, '2022-11-10 07:11:52');
INSERT INTO `votoPopular` VALUES (615, '1000192281', 27, '2022-11-10 07:11:10');
INSERT INTO `votoPopular` VALUES (616, '5000234367', 25, '2022-11-10 07:11:17');
INSERT INTO `votoPopular` VALUES (617, '5000234367', 25, '2022-11-10 07:11:18');
INSERT INTO `votoPopular` VALUES (618, '1000164582', 15, '2022-11-10 07:11:19');
INSERT INTO `votoPopular` VALUES (619, '5000231215', 2, '2022-11-10 07:11:25');
INSERT INTO `votoPopular` VALUES (620, '5000227891', 24, '2022-11-10 07:11:27');
INSERT INTO `votoPopular` VALUES (621, '1000186773', 12, '2022-11-10 07:11:30');
INSERT INTO `votoPopular` VALUES (622, '', 36, '2022-11-10 07:11:31');
INSERT INTO `votoPopular` VALUES (623, '1000186773', 12, '2022-11-10 07:11:32');
INSERT INTO `votoPopular` VALUES (624, '5000228276', 29, '2022-11-10 07:11:55');
INSERT INTO `votoPopular` VALUES (625, '5000223442', 38, '2022-11-10 07:11:56');
INSERT INTO `votoPopular` VALUES (626, '5000224768', 3, '2022-11-10 07:11:57');
INSERT INTO `votoPopular` VALUES (627, '5000212145', 33, '2022-11-10 07:11:59');
INSERT INTO `votoPopular` VALUES (628, '1000170909', 70, '2022-11-10 07:11:59');
INSERT INTO `votoPopular` VALUES (629, '5000234633', 15, '2022-11-10 07:11:25');
INSERT INTO `votoPopular` VALUES (630, '5000224324', 3, '2022-11-10 07:11:30');
INSERT INTO `votoPopular` VALUES (631, '5000234039', 18, '2022-11-10 07:11:33');
INSERT INTO `votoPopular` VALUES (632, '', 38, '2022-11-10 07:11:33');
INSERT INTO `votoPopular` VALUES (633, '5000215864', 3, '2022-11-10 07:11:42');
INSERT INTO `votoPopular` VALUES (634, '5000228701', 29, '2022-11-10 07:11:52');
INSERT INTO `votoPopular` VALUES (635, '5000226191', 27, '2022-11-10 07:11:55');
INSERT INTO `votoPopular` VALUES (636, '5000223852', 63, '2022-11-10 08:11:09');
INSERT INTO `votoPopular` VALUES (637, '5000223852', 63, '2022-11-10 08:11:09');
INSERT INTO `votoPopular` VALUES (638, '5000223852', 63, '2022-11-10 08:11:09');
INSERT INTO `votoPopular` VALUES (639, '5000223852', 63, '2022-11-10 08:11:09');
INSERT INTO `votoPopular` VALUES (640, '5000223852', 63, '2022-11-10 08:11:09');
INSERT INTO `votoPopular` VALUES (641, '5000223852', 63, '2022-11-10 08:11:09');
INSERT INTO `votoPopular` VALUES (642, '5000223852', 63, '2022-11-10 08:11:09');
INSERT INTO `votoPopular` VALUES (643, '5000223852', 63, '2022-11-10 08:11:09');
INSERT INTO `votoPopular` VALUES (644, '5000223852', 63, '2022-11-10 08:11:09');
INSERT INTO `votoPopular` VALUES (645, '', 1, '2022-11-10 08:11:18');
INSERT INTO `votoPopular` VALUES (646, '', 2, '2022-11-10 08:11:19');
INSERT INTO `votoPopular` VALUES (647, '5000216979', 66, '2022-11-10 08:11:35');
INSERT INTO `votoPopular` VALUES (648, '1000192253', 14, '2022-11-10 08:11:42');
INSERT INTO `votoPopular` VALUES (649, '5000229003', 29, '2022-11-10 08:11:54');
INSERT INTO `votoPopular` VALUES (650, '5000227888', 24, '2022-11-10 08:11:57');
INSERT INTO `votoPopular` VALUES (651, '5000226354', 3, '2022-11-10 08:11:59');
INSERT INTO `votoPopular` VALUES (652, '5000225875', 66, '2022-11-10 08:11:04');
INSERT INTO `votoPopular` VALUES (653, '1000190639', 27, '2022-11-10 08:11:10');
INSERT INTO `votoPopular` VALUES (654, '5000227790', 29, '2022-11-10 08:11:20');
INSERT INTO `votoPopular` VALUES (655, '5000202256', 29, '2022-11-10 08:11:20');
INSERT INTO `votoPopular` VALUES (656, '5000235455', 15, '2022-11-10 08:11:41');
INSERT INTO `votoPopular` VALUES (657, '1000096673', 15, '2022-11-10 08:11:41');
INSERT INTO `votoPopular` VALUES (658, '5000235455', 15, '2022-11-10 08:11:51');
INSERT INTO `votoPopular` VALUES (659, '5000235455', 15, '2022-11-10 08:11:51');
INSERT INTO `votoPopular` VALUES (660, '5000235455', 15, '2022-11-10 08:11:51');
INSERT INTO `votoPopular` VALUES (661, '5000224692', 44, '2022-11-10 08:11:57');
INSERT INTO `votoPopular` VALUES (662, '1000116107', 15, '2022-11-10 08:11:57');
INSERT INTO `votoPopular` VALUES (663, '5000226300', 44, '2022-11-10 08:11:03');
INSERT INTO `votoPopular` VALUES (664, '5000228310', 45, '2022-11-10 08:11:03');
INSERT INTO `votoPopular` VALUES (665, '5000231300', 45, '2022-11-10 08:11:09');
INSERT INTO `votoPopular` VALUES (666, '5000228277', 31, '2022-11-10 08:11:16');
INSERT INTO `votoPopular` VALUES (667, '', 33, '2022-11-10 08:11:18');
INSERT INTO `votoPopular` VALUES (668, '1000192107', 32, '2022-11-10 08:11:21');
INSERT INTO `votoPopular` VALUES (669, '5000235338', 15, '2022-11-10 08:11:23');
INSERT INTO `votoPopular` VALUES (670, '5000218489', 12, '2022-11-10 08:11:48');
INSERT INTO `votoPopular` VALUES (671, '1000155354', 72, '2022-11-10 08:11:08');
INSERT INTO `votoPopular` VALUES (672, '1000170165', 27, '2022-11-10 08:11:13');
INSERT INTO `votoPopular` VALUES (673, '5000229637', 65, '2022-11-10 08:11:33');
INSERT INTO `votoPopular` VALUES (674, '5000215492', 4, '2022-11-10 08:11:50');
INSERT INTO `votoPopular` VALUES (675, '5000225671', 49, '2022-11-10 08:11:55');
INSERT INTO `votoPopular` VALUES (676, '5000227999', 50, '2022-11-10 08:11:16');
INSERT INTO `votoPopular` VALUES (677, '5000227999', 50, '2022-11-10 08:11:16');
INSERT INTO `votoPopular` VALUES (678, '5000227999', 50, '2022-11-10 08:11:16');
INSERT INTO `votoPopular` VALUES (679, '5000227999', 50, '2022-11-10 08:11:16');
INSERT INTO `votoPopular` VALUES (680, '5000227999', 50, '2022-11-10 08:11:16');
INSERT INTO `votoPopular` VALUES (681, '5000227999', 50, '2022-11-10 08:11:16');
INSERT INTO `votoPopular` VALUES (682, '5000227999', 50, '2022-11-10 08:11:16');
INSERT INTO `votoPopular` VALUES (683, '5000227999', 50, '2022-11-10 08:11:16');
INSERT INTO `votoPopular` VALUES (684, '5000227999', 50, '2022-11-10 08:11:16');
INSERT INTO `votoPopular` VALUES (685, '5000227999', 50, '2022-11-10 08:11:16');
INSERT INTO `votoPopular` VALUES (686, '5000227999', 50, '2022-11-10 08:11:16');
INSERT INTO `votoPopular` VALUES (687, '5000227999', 50, '2022-11-10 08:11:16');
INSERT INTO `votoPopular` VALUES (688, '5000227999', 50, '2022-11-10 08:11:16');
INSERT INTO `votoPopular` VALUES (689, '5000227999', 50, '2022-11-10 08:11:16');
INSERT INTO `votoPopular` VALUES (690, '5000207448', 63, '2022-11-10 08:11:18');
INSERT INTO `votoPopular` VALUES (691, '5000205478', 56, '2022-11-10 08:11:49');
INSERT INTO `votoPopular` VALUES (692, '5000227020', 8, '2022-11-10 08:11:50');
INSERT INTO `votoPopular` VALUES (693, '', 2, '2022-11-10 08:11:55');
INSERT INTO `votoPopular` VALUES (694, '5000202382', 36, '2022-11-10 08:11:02');
INSERT INTO `votoPopular` VALUES (695, '5000232290', 59, '2022-11-10 08:11:14');
INSERT INTO `votoPopular` VALUES (696, '5000232290', 59, '2022-11-10 08:11:14');
INSERT INTO `votoPopular` VALUES (697, '5000225480', 59, '2022-11-10 08:11:16');
INSERT INTO `votoPopular` VALUES (698, '5000224187', 56, '2022-11-10 08:11:20');
INSERT INTO `votoPopular` VALUES (699, '5000219668', 61, '2022-11-10 08:11:24');
INSERT INTO `votoPopular` VALUES (700, '5000214154', 49, '2022-11-10 08:11:24');
INSERT INTO `votoPopular` VALUES (701, '5000216596', 49, '2022-11-10 08:11:28');
INSERT INTO `votoPopular` VALUES (702, '5000219260', 24, '2022-11-10 08:11:31');
INSERT INTO `votoPopular` VALUES (703, '5000235121', 12, '2022-11-10 08:11:34');
INSERT INTO `votoPopular` VALUES (704, '5000205445', 59, '2022-11-10 08:11:39');
INSERT INTO `votoPopular` VALUES (705, '5000205591', 59, '2022-11-10 08:11:43');
INSERT INTO `votoPopular` VALUES (706, '5000228452', 70, '2022-11-10 08:11:46');
INSERT INTO `votoPopular` VALUES (707, '5000207149', 70, '2022-11-10 08:11:49');
INSERT INTO `votoPopular` VALUES (708, '5000228436', 70, '2022-11-10 08:11:51');
INSERT INTO `votoPopular` VALUES (709, '5000212195', 59, '2022-11-10 08:11:57');
INSERT INTO `votoPopular` VALUES (710, '5000229478', 67, '2022-11-10 08:11:10');
INSERT INTO `votoPopular` VALUES (711, '5000230325', 67, '2022-11-10 08:11:11');
INSERT INTO `votoPopular` VALUES (712, '5000226034', 49, '2022-11-10 08:11:12');
INSERT INTO `votoPopular` VALUES (713, '5000217772', 38, '2022-11-10 08:11:20');
INSERT INTO `votoPopular` VALUES (714, '5000229266', 61, '2022-11-10 08:11:25');
INSERT INTO `votoPopular` VALUES (715, '5000225154', 49, '2022-11-10 08:11:31');
INSERT INTO `votoPopular` VALUES (716, '', 2, '2022-11-10 08:11:56');
INSERT INTO `votoPopular` VALUES (717, '5000224004', 27, '2022-11-10 08:11:57');
INSERT INTO `votoPopular` VALUES (718, '1000188967', 2, '2022-11-10 08:11:00');
INSERT INTO `votoPopular` VALUES (719, '1000131639', 41, '2022-11-10 08:11:10');
INSERT INTO `votoPopular` VALUES (720, '1000191751', 18, '2022-11-10 08:11:15');
INSERT INTO `votoPopular` VALUES (721, '5000227908', 24, '2022-11-10 08:11:22');
INSERT INTO `votoPopular` VALUES (722, '5000206878', 59, '2022-11-10 08:11:27');
INSERT INTO `votoPopular` VALUES (723, '5000206878', 59, '2022-11-10 08:11:27');
INSERT INTO `votoPopular` VALUES (724, '1000187516', 59, '2022-11-10 08:11:49');
INSERT INTO `votoPopular` VALUES (725, '1000161567', 33, '2022-11-10 08:11:55');
INSERT INTO `votoPopular` VALUES (726, '5000224298', 3, '2022-11-10 08:11:58');
INSERT INTO `votoPopular` VALUES (727, '5000228739', 70, '2022-11-10 08:11:23');
INSERT INTO `votoPopular` VALUES (728, '5000229348', 14, '2022-11-10 08:11:24');
INSERT INTO `votoPopular` VALUES (729, '5000233312', 15, '2022-11-10 08:11:27');
INSERT INTO `votoPopular` VALUES (730, '5000219954', 24, '2022-11-10 08:11:45');
INSERT INTO `votoPopular` VALUES (731, '', 1, '2022-11-10 08:11:05');
INSERT INTO `votoPopular` VALUES (732, '5000230278', 18, '2022-11-10 08:11:14');
INSERT INTO `votoPopular` VALUES (733, '5000226182', 15, '2022-11-10 08:11:20');
INSERT INTO `votoPopular` VALUES (734, '5000224717', 59, '2022-11-10 08:11:30');
INSERT INTO `votoPopular` VALUES (735, '5000232212', 59, '2022-11-10 08:11:36');
INSERT INTO `votoPopular` VALUES (736, '5000224285', 3, '2022-11-10 08:11:36');
INSERT INTO `votoPopular` VALUES (737, '5000219736', 75, '2022-11-10 08:11:46');
INSERT INTO `votoPopular` VALUES (738, '5000231933', 15, '2022-11-10 08:11:57');
INSERT INTO `votoPopular` VALUES (739, '5000202017', 27, '2022-11-10 08:11:01');
INSERT INTO `votoPopular` VALUES (740, '5000212210', 49, '2022-11-10 08:11:15');
INSERT INTO `votoPopular` VALUES (741, '5000217987', 8, '2022-11-10 08:11:20');
INSERT INTO `votoPopular` VALUES (742, '5000205749', 15, '2022-11-10 08:11:21');
INSERT INTO `votoPopular` VALUES (743, '1000196740', 59, '2022-11-10 08:11:27');
INSERT INTO `votoPopular` VALUES (744, '5000223831', 63, '2022-11-10 08:11:42');
INSERT INTO `votoPopular` VALUES (745, '5000206789', 32, '2022-11-10 08:11:53');
INSERT INTO `votoPopular` VALUES (746, '5000230384', 70, '2022-11-10 08:11:02');
INSERT INTO `votoPopular` VALUES (747, '5000228295', 33, '2022-11-10 08:11:04');
INSERT INTO `votoPopular` VALUES (748, '1000113611', 29, '2022-11-10 08:11:17');
INSERT INTO `votoPopular` VALUES (749, '5000229526', 63, '2022-11-10 08:11:28');
INSERT INTO `votoPopular` VALUES (750, '5000223976', 30, '2022-11-10 08:11:33');
INSERT INTO `votoPopular` VALUES (751, '1000196639', 32, '2022-11-10 08:11:51');
INSERT INTO `votoPopular` VALUES (752, '', 1, '2022-11-10 08:11:59');
INSERT INTO `votoPopular` VALUES (753, '', 1, '2022-11-10 08:11:01');
INSERT INTO `votoPopular` VALUES (754, '5000216432', 5, '2022-11-10 08:11:02');
INSERT INTO `votoPopular` VALUES (755, '5000216432', 5, '2022-11-10 08:11:02');
INSERT INTO `votoPopular` VALUES (756, '', 1, '2022-11-10 08:11:03');
INSERT INTO `votoPopular` VALUES (757, '5000216432', 5, '2022-11-10 08:11:03');
INSERT INTO `votoPopular` VALUES (758, '5000223837', 63, '2022-11-10 08:11:10');
INSERT INTO `votoPopular` VALUES (759, '5000223837', 63, '2022-11-10 08:11:10');
INSERT INTO `votoPopular` VALUES (760, '', 2, '2022-11-10 08:11:16');
INSERT INTO `votoPopular` VALUES (761, '5000219560', 49, '2022-11-10 08:11:26');
INSERT INTO `votoPopular` VALUES (762, '5000227151', 63, '2022-11-10 08:11:29');
INSERT INTO `votoPopular` VALUES (763, '5000235022', 68, '2022-11-10 08:11:30');
INSERT INTO `votoPopular` VALUES (764, '5000234767', 33, '2022-11-10 08:11:31');
INSERT INTO `votoPopular` VALUES (765, '5000233199', 27, '2022-11-10 08:11:36');
INSERT INTO `votoPopular` VALUES (766, '5000230965', 75, '2022-11-10 08:11:37');
INSERT INTO `votoPopular` VALUES (767, '5000234462', 1, '2022-11-10 08:11:45');
INSERT INTO `votoPopular` VALUES (768, '5000237933', 39, '2022-11-10 08:11:01');
INSERT INTO `votoPopular` VALUES (769, '1000043253', 21, '2022-11-10 08:11:12');
INSERT INTO `votoPopular` VALUES (770, '5000214509', 63, '2022-11-10 08:11:16');
INSERT INTO `votoPopular` VALUES (771, '', 1, '2022-11-10 08:11:33');
INSERT INTO `votoPopular` VALUES (772, '5000230701', 49, '2022-11-10 08:11:35');
INSERT INTO `votoPopular` VALUES (773, '5000202387', 29, '2022-11-10 08:11:38');
INSERT INTO `votoPopular` VALUES (774, '5000212460', 33, '2022-11-10 08:11:49');
INSERT INTO `votoPopular` VALUES (775, '5000212321', 12, '2022-11-10 08:11:59');
INSERT INTO `votoPopular` VALUES (776, '', 33, '2022-11-10 08:11:14');
INSERT INTO `votoPopular` VALUES (777, '', 2, '2022-11-10 08:11:19');
INSERT INTO `votoPopular` VALUES (778, '5000234118', 7, '2022-11-10 08:11:33');
INSERT INTO `votoPopular` VALUES (779, '5000221161', 49, '2022-11-10 08:11:51');
INSERT INTO `votoPopular` VALUES (780, '5000227950', 13, '2022-11-10 08:11:52');
INSERT INTO `votoPopular` VALUES (781, '5000214168', 15, '2022-11-10 08:11:57');
INSERT INTO `votoPopular` VALUES (782, '', 13, '2022-11-10 08:11:57');
INSERT INTO `votoPopular` VALUES (783, '5000218325', 15, '2022-11-10 08:11:30');
INSERT INTO `votoPopular` VALUES (784, '1000197619', 14, '2022-11-10 08:11:38');
INSERT INTO `votoPopular` VALUES (785, '1000179309', 44, '2022-11-10 08:11:39');
INSERT INTO `votoPopular` VALUES (786, '', 15, '2022-11-10 08:11:40');
INSERT INTO `votoPopular` VALUES (787, '5000219861', 14, '2022-11-10 08:11:56');
INSERT INTO `votoPopular` VALUES (788, '5000232294', 27, '2022-11-10 08:11:57');
INSERT INTO `votoPopular` VALUES (789, '1000195204', 44, '2022-11-10 08:11:58');
INSERT INTO `votoPopular` VALUES (790, '1000192474', 49, '2022-11-10 08:11:00');
INSERT INTO `votoPopular` VALUES (791, '', 2, '2022-11-10 08:11:15');
INSERT INTO `votoPopular` VALUES (792, '5000224682', 44, '2022-11-10 08:11:16');
INSERT INTO `votoPopular` VALUES (793, '5000214172', 15, '2022-11-10 08:11:45');
INSERT INTO `votoPopular` VALUES (794, '5000225505', 63, '2022-11-10 08:11:51');
INSERT INTO `votoPopular` VALUES (795, '5000227901', 24, '2022-11-10 08:11:55');
INSERT INTO `votoPopular` VALUES (796, '5000228340', 4, '2022-11-10 08:11:07');
INSERT INTO `votoPopular` VALUES (797, '5000214381', 63, '2022-11-10 08:11:08');
INSERT INTO `votoPopular` VALUES (798, '1000185970', 63, '2022-11-10 08:11:11');
INSERT INTO `votoPopular` VALUES (799, '5000234564', 44, '2022-11-10 08:11:54');
INSERT INTO `votoPopular` VALUES (800, '5000227890', 24, '2022-11-10 08:11:00');
INSERT INTO `votoPopular` VALUES (801, '5000212091', 13, '2022-11-10 08:11:03');
INSERT INTO `votoPopular` VALUES (802, '5000230976', 29, '2022-11-10 08:11:12');
INSERT INTO `votoPopular` VALUES (803, '5000219831', 14, '2022-11-10 08:11:21');
INSERT INTO `votoPopular` VALUES (804, '5000235249', 15, '2022-11-10 08:11:27');
INSERT INTO `votoPopular` VALUES (805, '5000219285', 24, '2022-11-10 08:11:29');
INSERT INTO `votoPopular` VALUES (806, '1000195303', 13, '2022-11-10 08:11:34');
INSERT INTO `votoPopular` VALUES (807, '1000195303', 13, '2022-11-10 08:11:34');
INSERT INTO `votoPopular` VALUES (808, '5000214881', 15, '2022-11-10 08:11:38');
INSERT INTO `votoPopular` VALUES (809, '5000228793', 17, '2022-11-10 08:11:41');
INSERT INTO `votoPopular` VALUES (810, '5000215369', 9, '2022-11-10 08:11:46');
INSERT INTO `votoPopular` VALUES (811, '5000204738', 15, '2022-11-10 08:11:00');
INSERT INTO `votoPopular` VALUES (812, '5000215173', 29, '2022-11-10 08:11:01');
INSERT INTO `votoPopular` VALUES (813, '5000232706', 44, '2022-11-10 08:11:15');
INSERT INTO `votoPopular` VALUES (814, '5000227946', 24, '2022-11-10 08:11:18');
INSERT INTO `votoPopular` VALUES (815, '5000217129', 3, '2022-11-10 08:11:24');
INSERT INTO `votoPopular` VALUES (816, '5000229974', 13, '2022-11-10 08:11:35');
INSERT INTO `votoPopular` VALUES (817, '5000235889', 44, '2022-11-10 08:11:36');
INSERT INTO `votoPopular` VALUES (818, '5000205632', 27, '2022-11-10 08:11:43');
INSERT INTO `votoPopular` VALUES (819, '', 3, '2022-11-10 08:11:49');
INSERT INTO `votoPopular` VALUES (820, '5000229750', 29, '2022-11-10 08:11:52');
INSERT INTO `votoPopular` VALUES (821, '5000237339', 15, '2022-11-10 08:11:56');
INSERT INTO `votoPopular` VALUES (822, '5000223806', 12, '2022-11-10 08:11:12');
INSERT INTO `votoPopular` VALUES (823, '5000226709', 12, '2022-11-10 08:11:16');
INSERT INTO `votoPopular` VALUES (824, '5000226038', 12, '2022-11-10 08:11:17');
INSERT INTO `votoPopular` VALUES (825, '1000185822', 3, '2022-11-10 08:11:17');
INSERT INTO `votoPopular` VALUES (826, '5000235389', 15, '2022-11-10 08:11:23');
INSERT INTO `votoPopular` VALUES (827, '5000232683', 15, '2022-11-10 08:11:50');
INSERT INTO `votoPopular` VALUES (828, '5000232476', 3, '2022-11-10 08:11:50');
INSERT INTO `votoPopular` VALUES (829, '2100044559', 36, '2022-11-10 08:11:54');
INSERT INTO `votoPopular` VALUES (830, '5000226425', 44, '2022-11-10 08:11:58');
INSERT INTO `votoPopular` VALUES (831, '5000226527', 49, '2022-11-10 08:11:04');
INSERT INTO `votoPopular` VALUES (832, '5000228401', 24, '2022-11-10 08:11:24');
INSERT INTO `votoPopular` VALUES (833, '5000227081', 3, '2022-11-10 08:11:34');
INSERT INTO `votoPopular` VALUES (834, '5000202274', 48, '2022-11-10 08:11:03');
INSERT INTO `votoPopular` VALUES (835, '5000234915', 2, '2022-11-10 08:11:06');
INSERT INTO `votoPopular` VALUES (836, '5000217453', 24, '2022-11-10 08:11:08');
INSERT INTO `votoPopular` VALUES (837, '5000227725', 7, '2022-11-10 08:11:15');
INSERT INTO `votoPopular` VALUES (838, '1000193716', 18, '2022-11-10 08:11:18');
INSERT INTO `votoPopular` VALUES (839, '5000220782', 18, '2022-11-10 08:11:33');
INSERT INTO `votoPopular` VALUES (840, '1000192847', 44, '2022-11-10 08:11:36');
INSERT INTO `votoPopular` VALUES (841, '', 2, '2022-11-10 08:11:44');
INSERT INTO `votoPopular` VALUES (842, '5000207303', 41, '2022-11-10 08:11:46');
INSERT INTO `votoPopular` VALUES (843, '1000129555', 26, '2022-11-10 08:11:54');
INSERT INTO `votoPopular` VALUES (844, '5000224058', 18, '2022-11-10 08:11:57');
INSERT INTO `votoPopular` VALUES (845, '', 46, '2022-11-10 08:11:02');
INSERT INTO `votoPopular` VALUES (846, '5000207528', 18, '2022-11-10 08:11:08');
INSERT INTO `votoPopular` VALUES (847, '5000229045', 56, '2022-11-10 08:11:10');
INSERT INTO `votoPopular` VALUES (848, '', 1, '2022-11-10 08:11:14');
INSERT INTO `votoPopular` VALUES (849, '', 1, '2022-11-10 08:11:23');
INSERT INTO `votoPopular` VALUES (850, '5000215946', 33, '2022-11-10 08:11:28');
INSERT INTO `votoPopular` VALUES (851, '1000189945', 15, '2022-11-10 08:11:30');
INSERT INTO `votoPopular` VALUES (852, '5000217778', 24, '2022-11-10 08:11:40');
INSERT INTO `votoPopular` VALUES (853, '1000040500', 35, '2022-11-10 08:11:40');
INSERT INTO `votoPopular` VALUES (854, '5000215234', 20, '2022-11-10 08:11:51');
INSERT INTO `votoPopular` VALUES (855, '5000224281', 4, '2022-11-10 08:11:57');
INSERT INTO `votoPopular` VALUES (856, '', 59, '2022-11-10 08:11:03');
INSERT INTO `votoPopular` VALUES (857, '5000225242', 4, '2022-11-10 08:11:03');
INSERT INTO `votoPopular` VALUES (858, '5000224243', 4, '2022-11-10 08:11:05');
INSERT INTO `votoPopular` VALUES (859, '2100056370', 33, '2022-11-10 08:11:06');
INSERT INTO `votoPopular` VALUES (860, '5000231002', 31, '2022-11-10 08:11:32');
INSERT INTO `votoPopular` VALUES (861, '5000227866', 7, '2022-11-10 08:11:32');
INSERT INTO `votoPopular` VALUES (862, '5000214534', 24, '2022-11-10 08:11:38');
INSERT INTO `votoPopular` VALUES (863, '5000224245', 4, '2022-11-10 08:11:48');
INSERT INTO `votoPopular` VALUES (864, '1000178075', 11, '2022-11-10 08:11:49');
INSERT INTO `votoPopular` VALUES (865, '5000206686', 14, '2022-11-10 08:11:52');
INSERT INTO `votoPopular` VALUES (866, '5000212087', 14, '2022-11-10 08:11:56');
INSERT INTO `votoPopular` VALUES (867, '', 4, '2022-11-10 08:11:06');
INSERT INTO `votoPopular` VALUES (868, '5000227325', 48, '2022-11-10 08:11:29');
INSERT INTO `votoPopular` VALUES (869, '1000154696', 27, '2022-11-10 08:11:36');
INSERT INTO `votoPopular` VALUES (870, '5000215278', 13, '2022-11-10 08:11:43');
INSERT INTO `votoPopular` VALUES (871, '5000226637', 34, '2022-11-10 08:11:43');
INSERT INTO `votoPopular` VALUES (872, '1000179642', 35, '2022-11-10 08:11:07');
INSERT INTO `votoPopular` VALUES (873, '5000227271', 48, '2022-11-10 08:11:18');
INSERT INTO `votoPopular` VALUES (874, '5000217700', 18, '2022-11-10 08:11:24');
INSERT INTO `votoPopular` VALUES (875, '5000237937', 9, '2022-11-10 08:11:25');
INSERT INTO `votoPopular` VALUES (876, '5000220131', 8, '2022-11-10 08:11:43');
INSERT INTO `votoPopular` VALUES (877, '5000229423', 57, '2022-11-10 08:11:15');
INSERT INTO `votoPopular` VALUES (878, '5000205829', 13, '2022-11-10 08:11:20');
INSERT INTO `votoPopular` VALUES (879, '5000226387', 44, '2022-11-10 08:11:31');
INSERT INTO `votoPopular` VALUES (880, '5000229406', 10, '2022-11-10 08:11:39');
INSERT INTO `votoPopular` VALUES (881, '5000225762', 24, '2022-11-10 08:11:40');
INSERT INTO `votoPopular` VALUES (882, '', 2, '2022-11-10 08:11:52');
INSERT INTO `votoPopular` VALUES (883, '5000230296', 12, '2022-11-10 08:11:57');
INSERT INTO `votoPopular` VALUES (884, '5000212188', 43, '2022-11-10 08:11:15');
INSERT INTO `votoPopular` VALUES (885, '5000212401', 14, '2022-11-10 08:11:44');
INSERT INTO `votoPopular` VALUES (886, '5000228306', 45, '2022-11-10 08:11:50');
INSERT INTO `votoPopular` VALUES (887, '5000228341', 6, '2022-11-10 08:11:51');
INSERT INTO `votoPopular` VALUES (888, '1000130854', 3, '2022-11-10 08:11:57');
INSERT INTO `votoPopular` VALUES (889, '1000187410', 27, '2022-11-10 08:11:09');
INSERT INTO `votoPopular` VALUES (890, '5000202208', 48, '2022-11-10 08:11:20');
INSERT INTO `votoPopular` VALUES (891, '5000235829', 44, '2022-11-10 08:11:25');
INSERT INTO `votoPopular` VALUES (892, '5000224647', 43, '2022-11-10 08:11:25');
INSERT INTO `votoPopular` VALUES (893, '5000236414', 38, '2022-11-10 08:11:28');
INSERT INTO `votoPopular` VALUES (894, '5000227738', 8, '2022-11-10 08:11:32');
INSERT INTO `votoPopular` VALUES (895, '5000212743', 48, '2022-11-10 08:11:36');
INSERT INTO `votoPopular` VALUES (896, '5000212952', 43, '2022-11-10 08:11:37');
INSERT INTO `votoPopular` VALUES (897, '5000202307', 27, '2022-11-10 08:11:46');
INSERT INTO `votoPopular` VALUES (898, '5000230970', 63, '2022-11-10 08:11:51');
INSERT INTO `votoPopular` VALUES (899, '5000224536', 56, '2022-11-10 08:11:19');
INSERT INTO `votoPopular` VALUES (900, '5000231108', 45, '2022-11-10 08:11:23');
INSERT INTO `votoPopular` VALUES (901, '5000216959', 4, '2022-11-10 08:11:30');
INSERT INTO `votoPopular` VALUES (902, '1000183325', 18, '2022-11-10 08:11:32');
INSERT INTO `votoPopular` VALUES (903, '5000211949', 38, '2022-11-10 08:11:38');
INSERT INTO `votoPopular` VALUES (904, '5000228137', 3, '2022-11-10 08:11:38');
INSERT INTO `votoPopular` VALUES (905, '5000212392', 38, '2022-11-10 08:11:50');
INSERT INTO `votoPopular` VALUES (906, '', 45, '2022-11-10 08:11:03');
INSERT INTO `votoPopular` VALUES (907, '1000191726', 48, '2022-11-10 08:11:10');
INSERT INTO `votoPopular` VALUES (908, '5000220143', 73, '2022-11-10 08:11:12');
INSERT INTO `votoPopular` VALUES (909, '5000235169', 4, '2022-11-10 08:11:14');
INSERT INTO `votoPopular` VALUES (910, '5000229448', 43, '2022-11-10 08:11:14');
INSERT INTO `votoPopular` VALUES (911, '5000206218', 11, '2022-11-10 08:11:26');
INSERT INTO `votoPopular` VALUES (912, '5000216652', 48, '2022-11-10 08:11:37');
INSERT INTO `votoPopular` VALUES (913, '5000228986', 3, '2022-11-10 08:11:58');
INSERT INTO `votoPopular` VALUES (914, '5000218208', 29, '2022-11-10 08:11:30');
INSERT INTO `votoPopular` VALUES (915, '1000192095', 48, '2022-11-10 08:11:33');
INSERT INTO `votoPopular` VALUES (916, '1000191838', 27, '2022-11-10 08:11:34');
INSERT INTO `votoPopular` VALUES (917, '5000229759', 48, '2022-11-10 08:11:40');
INSERT INTO `votoPopular` VALUES (918, '1000191933', 29, '2022-11-10 08:11:43');
INSERT INTO `votoPopular` VALUES (919, '1000191933', 29, '2022-11-10 08:11:44');
INSERT INTO `votoPopular` VALUES (920, '1000189026', 15, '2022-11-10 08:11:51');
INSERT INTO `votoPopular` VALUES (921, '', 1, '2022-11-10 08:11:18');
INSERT INTO `votoPopular` VALUES (922, '5000212371', 73, '2022-11-10 08:11:19');
INSERT INTO `votoPopular` VALUES (923, '5000217643', 43, '2022-11-10 08:11:22');
INSERT INTO `votoPopular` VALUES (924, '5000235178', 2, '2022-11-10 08:11:32');
INSERT INTO `votoPopular` VALUES (925, '1000011560', 77, '2022-11-10 08:11:34');
INSERT INTO `votoPopular` VALUES (926, '5000229417', 5, '2022-11-10 08:11:43');
INSERT INTO `votoPopular` VALUES (927, '5000224672', 45, '2022-11-10 08:11:44');
INSERT INTO `votoPopular` VALUES (928, '5000224540', 5, '2022-11-10 08:11:46');
INSERT INTO `votoPopular` VALUES (929, '5000220016', 48, '2022-11-10 08:11:46');
INSERT INTO `votoPopular` VALUES (930, '1000165086', 38, '2022-11-10 08:11:49');
INSERT INTO `votoPopular` VALUES (931, '5000202310', 5, '2022-11-10 08:11:54');
INSERT INTO `votoPopular` VALUES (932, '1000192878', 48, '2022-11-10 08:11:01');
INSERT INTO `votoPopular` VALUES (933, '1000192916', 29, '2022-11-10 08:11:02');
INSERT INTO `votoPopular` VALUES (934, '5000235137', 16, '2022-11-10 08:11:05');
INSERT INTO `votoPopular` VALUES (935, '5000229613', 50, '2022-11-10 08:11:15');
INSERT INTO `votoPopular` VALUES (936, '5000217989', 58, '2022-11-10 08:11:16');
INSERT INTO `votoPopular` VALUES (937, '5000217642', 35, '2022-11-10 08:11:24');
INSERT INTO `votoPopular` VALUES (938, '5000214438', 17, '2022-11-10 08:11:35');
INSERT INTO `votoPopular` VALUES (939, '5000230885', 9, '2022-11-10 08:11:45');
INSERT INTO `votoPopular` VALUES (940, '5000235137', 16, '2022-11-10 08:11:48');
INSERT INTO `votoPopular` VALUES (941, '5000235137', 16, '2022-11-10 08:11:48');
INSERT INTO `votoPopular` VALUES (942, '5000235137', 16, '2022-11-10 08:11:48');
INSERT INTO `votoPopular` VALUES (943, '5000235137', 16, '2022-11-10 08:11:48');
INSERT INTO `votoPopular` VALUES (944, '5000235137', 16, '2022-11-10 08:11:48');
INSERT INTO `votoPopular` VALUES (945, '5000226302', 50, '2022-11-10 08:11:49');
INSERT INTO `votoPopular` VALUES (946, '5000235137', 16, '2022-11-10 08:11:49');
INSERT INTO `votoPopular` VALUES (947, '5000235137', 16, '2022-11-10 08:11:49');
INSERT INTO `votoPopular` VALUES (948, '5000235002', 15, '2022-11-10 08:11:55');
INSERT INTO `votoPopular` VALUES (949, '', 2, '2022-11-10 08:11:09');
INSERT INTO `votoPopular` VALUES (950, '5000206572', 1, '2022-11-10 08:11:12');
INSERT INTO `votoPopular` VALUES (951, '5000235137', 16, '2022-11-10 08:11:18');
INSERT INTO `votoPopular` VALUES (952, '1000189023', 15, '2022-11-10 08:11:28');
INSERT INTO `votoPopular` VALUES (953, '1000183368', 15, '2022-11-10 08:11:11');
INSERT INTO `votoPopular` VALUES (954, '1000192532', 25, '2022-11-10 08:11:48');
INSERT INTO `votoPopular` VALUES (955, '1000192532', 25, '2022-11-10 08:11:48');
INSERT INTO `votoPopular` VALUES (956, '1000192532', 25, '2022-11-10 08:11:50');
INSERT INTO `votoPopular` VALUES (957, '1000192532', 25, '2022-11-10 08:11:51');
INSERT INTO `votoPopular` VALUES (958, '5000232249', 27, '2022-11-10 08:11:15');
INSERT INTO `votoPopular` VALUES (959, '', 2, '2022-11-10 08:11:17');
INSERT INTO `votoPopular` VALUES (960, '1000195318', 62, '2022-11-10 08:11:37');
INSERT INTO `votoPopular` VALUES (961, '5000222997', 50, '2022-11-10 08:11:37');
INSERT INTO `votoPopular` VALUES (962, '5000210527', 35, '2022-11-10 08:11:39');
INSERT INTO `votoPopular` VALUES (963, '5000228383', 12, '2022-11-10 08:11:44');
INSERT INTO `votoPopular` VALUES (964, '5000228383', 12, '2022-11-10 08:11:44');
INSERT INTO `votoPopular` VALUES (965, '5000228383', 12, '2022-11-10 08:11:44');
INSERT INTO `votoPopular` VALUES (966, '5000229435', 34, '2022-11-10 08:11:46');
INSERT INTO `votoPopular` VALUES (967, '5000214413', 38, '2022-11-10 08:11:46');
INSERT INTO `votoPopular` VALUES (968, '5000215118', 15, '2022-11-10 08:11:19');
INSERT INTO `votoPopular` VALUES (969, '5000228185', 78, '2022-11-10 08:11:31');
INSERT INTO `votoPopular` VALUES (970, '5000232799', 75, '2022-11-10 08:11:33');
INSERT INTO `votoPopular` VALUES (971, '5000216195', 75, '2022-11-10 08:11:38');
INSERT INTO `votoPopular` VALUES (972, '5000229471', 34, '2022-11-10 08:11:42');
INSERT INTO `votoPopular` VALUES (973, '5000223766', 14, '2022-11-10 08:11:47');
INSERT INTO `votoPopular` VALUES (974, '1000198503', 58, '2022-11-10 08:11:51');
INSERT INTO `votoPopular` VALUES (975, '5000228803', 14, '2022-11-10 08:11:52');
INSERT INTO `votoPopular` VALUES (976, '5000223916', 10, '2022-11-10 08:11:01');
INSERT INTO `votoPopular` VALUES (977, '1000149638', 80, '2022-11-10 08:11:08');
INSERT INTO `votoPopular` VALUES (978, '', 13, '2022-11-10 08:11:21');
INSERT INTO `votoPopular` VALUES (979, '5000229538', 50, '2022-11-10 08:11:43');
INSERT INTO `votoPopular` VALUES (980, '1000178868', 50, '2022-11-10 08:11:52');
INSERT INTO `votoPopular` VALUES (981, '1000192558', 41, '2022-11-10 08:11:05');
INSERT INTO `votoPopular` VALUES (982, '1000123106', 31, '2022-11-10 08:11:11');
INSERT INTO `votoPopular` VALUES (983, '1000194595', 48, '2022-11-10 08:11:18');
INSERT INTO `votoPopular` VALUES (984, '5000234602', 17, '2022-11-10 08:11:21');
INSERT INTO `votoPopular` VALUES (985, '5000219738', 26, '2022-11-10 08:11:28');
INSERT INTO `votoPopular` VALUES (986, '5000237468', 56, '2022-11-10 08:11:30');
INSERT INTO `votoPopular` VALUES (987, '5000219658', 9, '2022-11-10 08:11:32');
INSERT INTO `votoPopular` VALUES (988, '5000220201', 34, '2022-11-10 08:11:42');
INSERT INTO `votoPopular` VALUES (989, '5000232708', 10, '2022-11-10 08:11:46');
INSERT INTO `votoPopular` VALUES (990, '5000214138', 48, '2022-11-10 08:11:50');
INSERT INTO `votoPopular` VALUES (991, '1000183513', 48, '2022-11-10 08:11:52');
INSERT INTO `votoPopular` VALUES (992, '5000211932', 43, '2022-11-10 08:11:59');
INSERT INTO `votoPopular` VALUES (993, '5000205980', 44, '2022-11-10 08:11:06');
INSERT INTO `votoPopular` VALUES (994, '5000214467', 37, '2022-11-10 08:11:42');
INSERT INTO `votoPopular` VALUES (995, '5000235585', 12, '2022-11-10 08:11:43');
INSERT INTO `votoPopular` VALUES (996, '5000218169', 37, '2022-11-10 08:11:47');
INSERT INTO `votoPopular` VALUES (997, '5000205999', 38, '2022-11-10 08:11:48');
INSERT INTO `votoPopular` VALUES (998, '1000196388', 63, '2022-11-10 08:11:49');
INSERT INTO `votoPopular` VALUES (999, '5000232747', 10, '2022-11-10 08:11:10');
INSERT INTO `votoPopular` VALUES (1000, '5000204734', 48, '2022-11-10 08:11:15');
INSERT INTO `votoPopular` VALUES (1001, '5000235849', 31, '2022-11-10 08:11:17');
INSERT INTO `votoPopular` VALUES (1002, '5000229727', 58, '2022-11-10 08:11:38');
INSERT INTO `votoPopular` VALUES (1003, '5000217269', 34, '2022-11-10 08:11:38');
INSERT INTO `votoPopular` VALUES (1004, '1000126007', 48, '2022-11-10 08:11:39');
INSERT INTO `votoPopular` VALUES (1005, '1000180969', 4, '2022-11-10 08:11:43');
INSERT INTO `votoPopular` VALUES (1006, '5000232812', 10, '2022-11-10 08:11:10');
INSERT INTO `votoPopular` VALUES (1007, '5000205721', 31, '2022-11-10 08:11:13');
INSERT INTO `votoPopular` VALUES (1008, '5000226577', 48, '2022-11-10 08:11:24');
INSERT INTO `votoPopular` VALUES (1009, '5000207112', 44, '2022-11-10 08:11:28');
INSERT INTO `votoPopular` VALUES (1010, '5000224370', 24, '2022-11-10 08:11:34');
INSERT INTO `votoPopular` VALUES (1011, '5000201050', 48, '2022-11-10 08:11:41');
INSERT INTO `votoPopular` VALUES (1012, '1000195448', 31, '2022-11-10 08:11:49');
INSERT INTO `votoPopular` VALUES (1013, '5000237200', 44, '2022-11-10 08:11:20');
INSERT INTO `votoPopular` VALUES (1014, '5000205858', 8, '2022-11-10 08:11:21');
INSERT INTO `votoPopular` VALUES (1015, '5000237476', 47, '2022-11-10 08:11:37');
INSERT INTO `votoPopular` VALUES (1016, '5000206704', 31, '2022-11-10 08:11:42');
INSERT INTO `votoPopular` VALUES (1017, '', 8, '2022-11-10 08:11:47');
INSERT INTO `votoPopular` VALUES (1018, '5000236144', 47, '2022-11-10 08:11:51');
INSERT INTO `votoPopular` VALUES (1019, '1000008915', 50, '2022-11-10 08:11:56');
INSERT INTO `votoPopular` VALUES (1020, '5000237081', 34, '2022-11-10 08:11:56');
INSERT INTO `votoPopular` VALUES (1021, '1000189893', 50, '2022-11-10 08:11:01');
INSERT INTO `votoPopular` VALUES (1022, '1000177645', 5, '2022-11-10 08:11:03');
INSERT INTO `votoPopular` VALUES (1023, '5000225872', 80, '2022-11-10 08:11:30');
INSERT INTO `votoPopular` VALUES (1024, '5000232798', 68, '2022-11-10 08:11:33');
INSERT INTO `votoPopular` VALUES (1025, '5000223801', 13, '2022-11-10 08:11:45');
INSERT INTO `votoPopular` VALUES (1026, '1000179668', 50, '2022-11-10 08:11:50');
INSERT INTO `votoPopular` VALUES (1027, '5000215126', 37, '2022-11-10 08:11:51');
INSERT INTO `votoPopular` VALUES (1028, '1000195752', 37, '2022-11-10 08:11:56');
INSERT INTO `votoPopular` VALUES (1029, '5000217822', 48, '2022-11-10 08:11:01');
INSERT INTO `votoPopular` VALUES (1030, '5000232794', 68, '2022-11-10 08:11:04');
INSERT INTO `votoPopular` VALUES (1031, '5000235929', 29, '2022-11-10 08:11:14');
INSERT INTO `votoPopular` VALUES (1032, '5000234191', 68, '2022-11-10 08:11:14');
INSERT INTO `votoPopular` VALUES (1033, '1000029910', 4, '2022-11-10 08:11:39');
INSERT INTO `votoPopular` VALUES (1034, '5000232813', 80, '2022-11-10 08:11:43');
INSERT INTO `votoPopular` VALUES (1035, '5000219445', 80, '2022-11-10 08:11:45');
INSERT INTO `votoPopular` VALUES (1036, '5000223805', 13, '2022-11-10 08:11:49');
INSERT INTO `votoPopular` VALUES (1037, '1000195592', 2, '2022-11-10 08:11:50');
INSERT INTO `votoPopular` VALUES (1038, '5000211818', 24, '2022-11-10 08:11:51');
INSERT INTO `votoPopular` VALUES (1039, '5000207266', 12, '2022-11-10 08:11:58');
INSERT INTO `votoPopular` VALUES (1040, '', 3, '2022-11-10 08:11:59');
INSERT INTO `votoPopular` VALUES (1041, '5000215967', 24, '2022-11-10 08:11:06');
INSERT INTO `votoPopular` VALUES (1042, '5000235122', 31, '2022-11-10 08:11:10');
INSERT INTO `votoPopular` VALUES (1043, '5000205531', 58, '2022-11-10 08:11:46');
INSERT INTO `votoPopular` VALUES (1044, '1000191964', 48, '2022-11-10 08:11:49');
INSERT INTO `votoPopular` VALUES (1045, '5000219125', 48, '2022-11-10 08:11:58');
INSERT INTO `votoPopular` VALUES (1046, '5000231999', 79, '2022-11-10 08:11:05');
INSERT INTO `votoPopular` VALUES (1047, '1000176565', 48, '2022-11-10 08:11:13');
INSERT INTO `votoPopular` VALUES (1048, '1000192540', 8, '2022-11-10 08:11:13');
INSERT INTO `votoPopular` VALUES (1049, '5000219863', 13, '2022-11-10 08:11:22');
INSERT INTO `votoPopular` VALUES (1050, '5000203654', 3, '2022-11-10 08:11:33');
INSERT INTO `votoPopular` VALUES (1051, '5000232705', 18, '2022-11-10 08:11:38');
INSERT INTO `votoPopular` VALUES (1052, '5000214851', 13, '2022-11-10 08:11:09');
INSERT INTO `votoPopular` VALUES (1053, '5000229120', 29, '2022-11-10 08:11:11');
INSERT INTO `votoPopular` VALUES (1054, '5000232060', 31, '2022-11-10 08:11:22');
INSERT INTO `votoPopular` VALUES (1055, '5000232069', 31, '2022-11-10 08:11:23');
INSERT INTO `votoPopular` VALUES (1056, '5000219852', 13, '2022-11-10 08:11:27');
INSERT INTO `votoPopular` VALUES (1057, '5000234570', 31, '2022-11-10 08:11:31');
INSERT INTO `votoPopular` VALUES (1058, '5000229010', 1, '2022-11-10 08:11:56');
INSERT INTO `votoPopular` VALUES (1059, '5000224450', 13, '2022-11-10 08:11:00');
INSERT INTO `votoPopular` VALUES (1060, '1000189234', 50, '2022-11-10 08:11:02');
INSERT INTO `votoPopular` VALUES (1061, '5000230574', 28, '2022-11-10 08:11:06');
INSERT INTO `votoPopular` VALUES (1062, '5000224970', 45, '2022-11-10 08:11:06');
INSERT INTO `votoPopular` VALUES (1063, '5000230574', 28, '2022-11-10 08:11:06');
INSERT INTO `votoPopular` VALUES (1064, '5000220065', 48, '2022-11-10 08:11:11');
INSERT INTO `votoPopular` VALUES (1065, '1000161593', 12, '2022-11-10 08:11:14');
INSERT INTO `votoPopular` VALUES (1066, '1000194772', 44, '2022-11-10 08:11:17');
INSERT INTO `votoPopular` VALUES (1067, '', 5, '2022-11-10 08:11:34');
INSERT INTO `votoPopular` VALUES (1068, '1000120888', 12, '2022-11-10 08:11:54');
INSERT INTO `votoPopular` VALUES (1069, '5000219737', 12, '2022-11-10 08:11:00');
INSERT INTO `votoPopular` VALUES (1070, '5000216261', 55, '2022-11-10 08:11:25');
INSERT INTO `votoPopular` VALUES (1071, '1000185870', 29, '2022-11-10 08:11:31');
INSERT INTO `votoPopular` VALUES (1072, '5000203010', 8, '2022-11-10 08:11:36');
INSERT INTO `votoPopular` VALUES (1073, '5000233205', 31, '2022-11-10 08:11:55');
INSERT INTO `votoPopular` VALUES (1074, '1000038469', 27, '2022-11-10 08:11:58');
INSERT INTO `votoPopular` VALUES (1075, '5000237154', 49, '2022-11-10 08:11:59');
INSERT INTO `votoPopular` VALUES (1076, '5000224525', 45, '2022-11-10 08:11:21');
INSERT INTO `votoPopular` VALUES (1077, '5000235801', 31, '2022-11-10 08:11:22');
INSERT INTO `votoPopular` VALUES (1078, '1000188478', 48, '2022-11-10 08:11:24');
INSERT INTO `votoPopular` VALUES (1079, '5000233192', 31, '2022-11-10 08:11:38');
INSERT INTO `votoPopular` VALUES (1080, '5000224136', 55, '2022-11-10 08:11:42');
INSERT INTO `votoPopular` VALUES (1081, '5000225083', 8, '2022-11-10 08:11:55');
INSERT INTO `votoPopular` VALUES (1082, '5000224158', 55, '2022-11-10 08:11:08');
INSERT INTO `votoPopular` VALUES (1083, '5000225990', 8, '2022-11-10 08:11:37');
INSERT INTO `votoPopular` VALUES (1084, '1000123105', 32, '2022-11-10 08:11:38');
INSERT INTO `votoPopular` VALUES (1085, '1000028664', 35, '2022-11-10 08:11:47');
INSERT INTO `votoPopular` VALUES (1086, '1000192657', 15, '2022-11-10 08:11:52');
INSERT INTO `votoPopular` VALUES (1087, '5000230905', 16, '2022-11-10 08:11:55');
INSERT INTO `votoPopular` VALUES (1088, '5000233197', 29, '2022-11-10 08:11:03');
INSERT INTO `votoPopular` VALUES (1089, '5000235011', 15, '2022-11-10 08:11:09');
INSERT INTO `votoPopular` VALUES (1090, '5000227894', 10, '2022-11-10 08:11:25');
INSERT INTO `votoPopular` VALUES (1091, '5000215196', 77, '2022-11-10 08:11:50');
INSERT INTO `votoPopular` VALUES (1092, '5000228943', 16, '2022-11-10 08:11:53');
INSERT INTO `votoPopular` VALUES (1093, '5000229305', 65, '2022-11-10 08:11:16');
INSERT INTO `votoPopular` VALUES (1094, '5000229301', 16, '2022-11-10 08:11:25');
INSERT INTO `votoPopular` VALUES (1095, '5000229301', 16, '2022-11-10 08:11:25');
INSERT INTO `votoPopular` VALUES (1096, '5000229301', 16, '2022-11-10 08:11:25');
INSERT INTO `votoPopular` VALUES (1097, '5000229301', 16, '2022-11-10 08:11:25');
INSERT INTO `votoPopular` VALUES (1098, '5000229301', 16, '2022-11-10 08:11:25');
INSERT INTO `votoPopular` VALUES (1099, '5000229301', 16, '2022-11-10 08:11:25');
INSERT INTO `votoPopular` VALUES (1100, '5000229301', 16, '2022-11-10 08:11:25');
INSERT INTO `votoPopular` VALUES (1101, '5000229301', 16, '2022-11-10 08:11:25');
INSERT INTO `votoPopular` VALUES (1102, '5000229301', 16, '2022-11-10 08:11:25');
INSERT INTO `votoPopular` VALUES (1103, '5000229301', 16, '2022-11-10 08:11:25');
INSERT INTO `votoPopular` VALUES (1104, '5000229301', 16, '2022-11-10 08:11:25');
INSERT INTO `votoPopular` VALUES (1105, '5000229301', 16, '2022-11-10 08:11:25');
INSERT INTO `votoPopular` VALUES (1106, '5000229301', 16, '2022-11-10 08:11:25');
INSERT INTO `votoPopular` VALUES (1107, '5000229301', 16, '2022-11-10 08:11:25');
INSERT INTO `votoPopular` VALUES (1108, '5000229895', 3, '2022-11-10 08:11:42');
INSERT INTO `votoPopular` VALUES (1109, '1000191628', 48, '2022-11-10 08:11:42');
INSERT INTO `votoPopular` VALUES (1110, '5000204061', 8, '2022-11-10 08:11:45');
INSERT INTO `votoPopular` VALUES (1111, '5000229190', 31, '2022-11-10 08:11:47');
INSERT INTO `votoPopular` VALUES (1112, '1000192554', 4, '2022-11-10 08:11:52');
INSERT INTO `votoPopular` VALUES (1113, '1000196234', 37, '2022-11-10 08:11:01');
INSERT INTO `votoPopular` VALUES (1114, '5000224678', 62, '2022-11-10 08:11:04');
INSERT INTO `votoPopular` VALUES (1115, '1000183776', 25, '2022-11-10 08:11:13');
INSERT INTO `votoPopular` VALUES (1116, '5000217755', 32, '2022-11-10 08:11:13');
INSERT INTO `votoPopular` VALUES (1117, '5000201364', 31, '2022-11-10 08:11:44');
INSERT INTO `votoPopular` VALUES (1118, '5000225954', 31, '2022-11-10 08:11:03');
INSERT INTO `votoPopular` VALUES (1119, '1000181091', 28, '2022-11-10 08:11:11');
INSERT INTO `votoPopular` VALUES (1120, '5000223829', 62, '2022-11-10 08:11:11');
INSERT INTO `votoPopular` VALUES (1121, '5000214152', 48, '2022-11-10 08:11:28');
INSERT INTO `votoPopular` VALUES (1122, '1000177741', 3, '2022-11-10 08:11:42');
INSERT INTO `votoPopular` VALUES (1123, '5000230405', 27, '2022-11-10 08:11:44');
INSERT INTO `votoPopular` VALUES (1124, '5000227225', 15, '2022-11-10 08:11:08');
INSERT INTO `votoPopular` VALUES (1125, '5000223353', 62, '2022-11-10 08:11:09');
INSERT INTO `votoPopular` VALUES (1126, '5000233194', 24, '2022-11-10 08:11:28');
INSERT INTO `votoPopular` VALUES (1127, '5000201818', 30, '2022-11-10 08:11:34');
INSERT INTO `votoPopular` VALUES (1128, '5000235032', 15, '2022-11-10 08:11:43');
INSERT INTO `votoPopular` VALUES (1129, '5000235527', 15, '2022-11-10 08:11:05');
INSERT INTO `votoPopular` VALUES (1130, '5000223371', 58, '2022-11-10 08:11:06');
INSERT INTO `votoPopular` VALUES (1131, '1000191754', 52, '2022-11-10 08:11:10');
INSERT INTO `votoPopular` VALUES (1132, '5000216559', 48, '2022-11-10 08:11:15');
INSERT INTO `votoPopular` VALUES (1133, '5000224459', 12, '2022-11-10 08:11:17');
INSERT INTO `votoPopular` VALUES (1134, '5000224119', 44, '2022-11-10 08:11:18');
INSERT INTO `votoPopular` VALUES (1135, '5000232615', 63, '2022-11-10 08:11:20');
INSERT INTO `votoPopular` VALUES (1136, '5000231793', 31, '2022-11-10 08:11:37');
INSERT INTO `votoPopular` VALUES (1137, '5000232787', 69, '2022-11-10 08:11:52');
INSERT INTO `votoPopular` VALUES (1138, '5000230697', 75, '2022-11-10 09:11:03');
INSERT INTO `votoPopular` VALUES (1139, '5000235770', 31, '2022-11-10 09:11:09');
INSERT INTO `votoPopular` VALUES (1140, '5000201933', 31, '2022-11-10 09:11:22');
INSERT INTO `votoPopular` VALUES (1141, '5000219659', 31, '2022-11-10 09:11:32');
INSERT INTO `votoPopular` VALUES (1142, '5000231802', 31, '2022-11-10 09:11:41');
INSERT INTO `votoPopular` VALUES (1143, '5000235641', 15, '2022-11-10 09:11:42');
INSERT INTO `votoPopular` VALUES (1144, '5000226281', 53, '2022-11-10 09:11:58');
INSERT INTO `votoPopular` VALUES (1145, '5000237630', 4, '2022-11-10 09:11:11');
INSERT INTO `votoPopular` VALUES (1146, '', 53, '2022-11-10 09:11:11');
INSERT INTO `votoPopular` VALUES (1147, '1000165682', 25, '2022-11-10 09:11:40');
INSERT INTO `votoPopular` VALUES (1148, '5000233196', 28, '2022-11-10 09:11:49');
INSERT INTO `votoPopular` VALUES (1149, '5000233180', 33, '2022-11-10 09:11:02');
INSERT INTO `votoPopular` VALUES (1150, '5000226391', 24, '2022-11-10 09:11:04');
INSERT INTO `votoPopular` VALUES (1151, '5000235003', 15, '2022-11-10 09:11:05');
INSERT INTO `votoPopular` VALUES (1152, '5000210199', 15, '2022-11-10 09:11:23');
INSERT INTO `votoPopular` VALUES (1153, '5000207405', 59, '2022-11-10 09:11:24');
INSERT INTO `votoPopular` VALUES (1154, '5000225909', 28, '2022-11-10 09:11:33');
INSERT INTO `votoPopular` VALUES (1155, '5000218248', 48, '2022-11-10 09:11:33');
INSERT INTO `votoPopular` VALUES (1156, '5000230664', 49, '2022-11-10 09:11:40');
INSERT INTO `votoPopular` VALUES (1157, '5000225530', 34, '2022-11-10 09:11:50');
INSERT INTO `votoPopular` VALUES (1158, '1000110721', 31, '2022-11-10 09:11:04');
INSERT INTO `votoPopular` VALUES (1159, '5000228414', 15, '2022-11-10 09:11:06');
INSERT INTO `votoPopular` VALUES (1160, '5000216241', 69, '2022-11-10 09:11:20');
INSERT INTO `votoPopular` VALUES (1162, '1000125982', 68, '2022-11-10 09:11:21');
INSERT INTO `votoPopular` VALUES (1163, '5000215490', 25, '2022-11-10 09:11:21');
INSERT INTO `votoPopular` VALUES (1164, '5000230805', 12, '2022-11-10 09:11:25');
INSERT INTO `votoPopular` VALUES (1165, '5000234400', 28, '2022-11-10 09:11:40');
INSERT INTO `votoPopular` VALUES (1166, '1000197529', 44, '2022-11-10 09:11:54');
INSERT INTO `votoPopular` VALUES (1167, '5000220325', 48, '2022-11-10 09:11:57');
INSERT INTO `votoPopular` VALUES (1168, '5000229246', 16, '2022-11-10 09:11:28');
INSERT INTO `votoPopular` VALUES (1169, '5000237519', 11, '2022-11-10 09:11:54');
INSERT INTO `votoPopular` VALUES (1170, '5000234961', 15, '2022-11-10 09:11:00');
INSERT INTO `votoPopular` VALUES (1172, '5000205854', 18, '2022-11-10 09:11:12');
INSERT INTO `votoPopular` VALUES (1173, '5000209646', 48, '2022-11-10 09:11:13');
INSERT INTO `votoPopular` VALUES (1174, '', 1, '2022-11-10 09:11:16');
INSERT INTO `votoPopular` VALUES (1175, '5000234572', 12, '2022-11-10 09:11:20');
INSERT INTO `votoPopular` VALUES (1176, '', 60, '2022-11-10 09:11:21');
INSERT INTO `votoPopular` VALUES (1177, '5000233193', 28, '2022-11-10 09:11:39');
INSERT INTO `votoPopular` VALUES (1178, '5000202563', 48, '2022-11-10 09:11:56');
INSERT INTO `votoPopular` VALUES (1180, '5000209347', 48, '2022-11-10 09:11:59');
INSERT INTO `votoPopular` VALUES (1181, '5000216454', 54, '2022-11-10 09:11:12');
INSERT INTO `votoPopular` VALUES (1182, '5000234455', 28, '2022-11-10 09:11:14');
INSERT INTO `votoPopular` VALUES (1183, '5000233209', 28, '2022-11-10 09:11:25');
INSERT INTO `votoPopular` VALUES (1184, '1000192065', 27, '2022-11-10 09:11:28');
INSERT INTO `votoPopular` VALUES (1185, '5000214133', 38, '2022-11-10 09:11:28');
INSERT INTO `votoPopular` VALUES (1186, '', 75, '2022-11-10 09:11:29');
INSERT INTO `votoPopular` VALUES (1187, '5000235309', 33, '2022-11-10 09:11:36');
INSERT INTO `votoPopular` VALUES (1188, '5000233766', 33, '2022-11-10 09:11:41');
INSERT INTO `votoPopular` VALUES (1189, '5000232779', 68, '2022-11-10 09:11:57');
INSERT INTO `votoPopular` VALUES (1190, '5000220324', 48, '2022-11-10 09:11:00');
INSERT INTO `votoPopular` VALUES (1191, '5000232580', 15, '2022-11-10 09:11:13');
INSERT INTO `votoPopular` VALUES (1192, '5000232580', 15, '2022-11-10 09:11:13');
INSERT INTO `votoPopular` VALUES (1194, '5000212504', 12, '2022-11-10 09:11:20');
INSERT INTO `votoPopular` VALUES (1195, '5000234649', 15, '2022-11-10 09:11:25');
INSERT INTO `votoPopular` VALUES (1197, '5000201727', 26, '2022-11-10 09:11:01');
INSERT INTO `votoPopular` VALUES (1198, '1000192270', 26, '2022-11-10 09:11:06');
INSERT INTO `votoPopular` VALUES (1199, '1000195466', 30, '2022-11-10 09:11:57');
INSERT INTO `votoPopular` VALUES (1201, '1000163383', 29, '2022-11-10 09:11:04');
INSERT INTO `votoPopular` VALUES (1202, '', 75, '2022-11-10 09:11:12');
INSERT INTO `votoPopular` VALUES (1204, '5000235595', 44, '2022-11-10 09:11:19');
INSERT INTO `votoPopular` VALUES (1205, '', 76, '2022-11-10 09:11:26');
INSERT INTO `votoPopular` VALUES (1206, '', 76, '2022-11-10 09:11:52');
INSERT INTO `votoPopular` VALUES (1207, '5000206977', 36, '2022-11-10 09:11:56');
INSERT INTO `votoPopular` VALUES (1208, '1000188579', 48, '2022-11-10 09:11:01');
INSERT INTO `votoPopular` VALUES (1209, '', 76, '2022-11-10 09:11:17');
INSERT INTO `votoPopular` VALUES (1210, '5000223496', 44, '2022-11-10 09:11:49');
INSERT INTO `votoPopular` VALUES (1211, '2100058361', 76, '2022-11-10 09:11:17');
INSERT INTO `votoPopular` VALUES (1212, '5000214803', 12, '2022-11-10 09:11:25');
INSERT INTO `votoPopular` VALUES (1213, '1000153145', 80, '2022-11-10 09:11:50');
INSERT INTO `votoPopular` VALUES (1214, '', 76, '2022-11-10 09:11:53');
INSERT INTO `votoPopular` VALUES (1215, '5000211952', 80, '2022-11-10 09:11:54');
INSERT INTO `votoPopular` VALUES (1216, '', 76, '2022-11-10 09:11:59');
INSERT INTO `votoPopular` VALUES (1217, '5000218183', 36, '2022-11-10 09:11:02');
INSERT INTO `votoPopular` VALUES (1218, '5000212572', 33, '2022-11-10 09:11:05');
INSERT INTO `votoPopular` VALUES (1219, '5000233179', 24, '2022-11-10 09:11:09');
INSERT INTO `votoPopular` VALUES (1220, '', 76, '2022-11-10 09:11:11');
INSERT INTO `votoPopular` VALUES (1221, '5000205901', 59, '2022-11-10 09:11:17');
INSERT INTO `votoPopular` VALUES (1222, '5000214791', 59, '2022-11-10 09:11:20');
INSERT INTO `votoPopular` VALUES (1223, '', 16, '2022-11-10 09:11:23');
INSERT INTO `votoPopular` VALUES (1224, '5000202092', 32, '2022-11-10 09:11:23');
INSERT INTO `votoPopular` VALUES (1225, '5000233003', 76, '2022-11-10 09:11:25');
INSERT INTO `votoPopular` VALUES (1226, '5000233003', 76, '2022-11-10 09:11:25');
INSERT INTO `votoPopular` VALUES (1227, '5000234510', 75, '2022-11-10 09:11:40');
INSERT INTO `votoPopular` VALUES (1228, '5000233188', 24, '2022-11-10 09:11:47');
INSERT INTO `votoPopular` VALUES (1229, '1000162220', 33, '2022-11-10 09:11:48');
INSERT INTO `votoPopular` VALUES (1230, '5000206611', 80, '2022-11-10 09:11:52');
INSERT INTO `votoPopular` VALUES (1231, '5000226016', 58, '2022-11-10 09:11:53');
INSERT INTO `votoPopular` VALUES (1232, '1000123634', 12, '2022-11-10 09:11:00');
INSERT INTO `votoPopular` VALUES (1233, '1000094725', 44, '2022-11-10 09:11:05');
INSERT INTO `votoPopular` VALUES (1234, '1000195392', 59, '2022-11-10 09:11:15');
INSERT INTO `votoPopular` VALUES (1235, '', 76, '2022-11-10 09:11:16');
INSERT INTO `votoPopular` VALUES (1236, '5000212418', 32, '2022-11-10 09:11:24');
INSERT INTO `votoPopular` VALUES (1237, '5000230932', 12, '2022-11-10 09:11:27');
INSERT INTO `votoPopular` VALUES (1238, '5000227804', 63, '2022-11-10 09:11:28');
INSERT INTO `votoPopular` VALUES (1239, '5000212379', 36, '2022-11-10 09:11:32');
INSERT INTO `votoPopular` VALUES (1240, '5000217397', 59, '2022-11-10 09:11:34');
INSERT INTO `votoPopular` VALUES (1241, '5000232782', 69, '2022-11-10 09:11:37');
INSERT INTO `votoPopular` VALUES (1242, '', 76, '2022-11-10 09:11:39');
INSERT INTO `votoPopular` VALUES (1243, '', 77, '2022-11-10 09:11:47');
INSERT INTO `votoPopular` VALUES (1244, '5000225219', 27, '2022-11-10 09:11:54');
INSERT INTO `votoPopular` VALUES (1245, '5000219383', 32, '2022-11-10 09:11:56');
INSERT INTO `votoPopular` VALUES (1246, '1000049118', 58, '2022-11-10 09:11:14');
INSERT INTO `votoPopular` VALUES (1247, '5000207299', 25, '2022-11-10 09:11:24');
INSERT INTO `votoPopular` VALUES (1248, '5000214822', 59, '2022-11-10 09:11:25');
INSERT INTO `votoPopular` VALUES (1249, '5000217431', 59, '2022-11-10 09:11:39');
INSERT INTO `votoPopular` VALUES (1250, '5000204751', 38, '2022-11-10 09:11:54');
INSERT INTO `votoPopular` VALUES (1251, '5000237850', 53, '2022-11-10 09:11:55');
INSERT INTO `votoPopular` VALUES (1252, '5000230619', 49, '2022-11-10 09:11:55');
INSERT INTO `votoPopular` VALUES (1253, '', 76, '2022-11-10 09:11:59');
INSERT INTO `votoPopular` VALUES (1254, '1000188090', 31, '2022-11-10 09:11:00');
INSERT INTO `votoPopular` VALUES (1255, '1000177920', 25, '2022-11-10 09:11:05');
INSERT INTO `votoPopular` VALUES (1256, '', 76, '2022-11-10 09:11:09');
INSERT INTO `votoPopular` VALUES (1257, '5000235523', 27, '2022-11-10 09:11:32');
INSERT INTO `votoPopular` VALUES (1258, '1000163443', 25, '2022-11-10 09:11:43');
INSERT INTO `votoPopular` VALUES (1259, '1000192628', 59, '2022-11-10 09:11:49');
INSERT INTO `votoPopular` VALUES (1260, '', 76, '2022-11-10 09:11:55');
INSERT INTO `votoPopular` VALUES (1261, '5000216960', 8, '2022-11-10 09:11:02');
INSERT INTO `votoPopular` VALUES (1262, '', 76, '2022-11-10 09:11:03');
INSERT INTO `votoPopular` VALUES (1263, '5000226463', 12, '2022-11-10 09:11:03');
INSERT INTO `votoPopular` VALUES (1264, '', 76, '2022-11-10 09:11:03');
INSERT INTO `votoPopular` VALUES (1265, '5000219879', 26, '2022-11-10 09:11:14');
INSERT INTO `votoPopular` VALUES (1266, '', 76, '2022-11-10 09:11:22');
INSERT INTO `votoPopular` VALUES (1267, '5000205583', 76, '2022-11-10 09:11:26');
INSERT INTO `votoPopular` VALUES (1268, '', 76, '2022-11-10 09:11:32');
INSERT INTO `votoPopular` VALUES (1269, '', 76, '2022-11-10 09:11:35');
INSERT INTO `votoPopular` VALUES (1270, '', 76, '2022-11-10 09:11:49');
INSERT INTO `votoPopular` VALUES (1271, '', 24, '2022-11-10 09:11:50');
INSERT INTO `votoPopular` VALUES (1272, '5000228754', 76, '2022-11-10 09:11:54');
INSERT INTO `votoPopular` VALUES (1273, '', 76, '2022-11-10 09:11:54');
INSERT INTO `votoPopular` VALUES (1274, '5000211762', 29, '2022-11-10 09:11:58');
INSERT INTO `votoPopular` VALUES (1275, '1000195655', 58, '2022-11-10 09:11:05');
INSERT INTO `votoPopular` VALUES (1276, '5000230932', 35, '2022-11-10 09:11:05');
INSERT INTO `votoPopular` VALUES (1277, '', 76, '2022-11-10 09:11:05');
INSERT INTO `votoPopular` VALUES (1278, '1000192400', 59, '2022-11-10 09:11:05');
INSERT INTO `votoPopular` VALUES (1279, '', 76, '2022-11-10 09:11:21');
INSERT INTO `votoPopular` VALUES (1280, '', 76, '2022-11-10 09:11:24');
INSERT INTO `votoPopular` VALUES (1281, '1000191979', 12, '2022-11-10 09:11:25');
INSERT INTO `votoPopular` VALUES (1282, '5000220489', 48, '2022-11-10 09:11:25');
INSERT INTO `votoPopular` VALUES (1283, '1000191808', 48, '2022-11-10 09:11:35');
INSERT INTO `votoPopular` VALUES (1284, '1000009625', 59, '2022-11-10 09:11:55');
INSERT INTO `votoPopular` VALUES (1285, '5000220464', 12, '2022-11-10 09:11:57');
INSERT INTO `votoPopular` VALUES (1286, '5000224256', 4, '2022-11-10 09:11:01');
INSERT INTO `votoPopular` VALUES (1287, '5000215006', 76, '2022-11-10 09:11:07');
INSERT INTO `votoPopular` VALUES (1288, '5000220306', 12, '2022-11-10 09:11:26');
INSERT INTO `votoPopular` VALUES (1289, '1000149288', 58, '2022-11-10 09:11:29');
INSERT INTO `votoPopular` VALUES (1290, '1000196055', 12, '2022-11-10 09:11:33');
INSERT INTO `votoPopular` VALUES (1291, '5000232786', 15, '2022-11-10 09:11:41');
INSERT INTO `votoPopular` VALUES (1292, '5000231274', 24, '2022-11-10 09:11:42');
INSERT INTO `votoPopular` VALUES (1293, '', 76, '2022-11-10 09:11:55');
INSERT INTO `votoPopular` VALUES (1294, '1000184595', 80, '2022-11-10 09:11:57');
INSERT INTO `votoPopular` VALUES (1295, '', 76, '2022-11-10 09:11:01');
INSERT INTO `votoPopular` VALUES (1296, '5000227361', 27, '2022-11-10 09:11:01');
INSERT INTO `votoPopular` VALUES (1297, '5000223819', 12, '2022-11-10 09:11:05');
INSERT INTO `votoPopular` VALUES (1298, '1000153935', 25, '2022-11-10 09:11:05');
INSERT INTO `votoPopular` VALUES (1299, '5000220382', 12, '2022-11-10 09:11:13');
INSERT INTO `votoPopular` VALUES (1300, '5000202591', 48, '2022-11-10 09:11:13');
INSERT INTO `votoPopular` VALUES (1301, '5000204767', 48, '2022-11-10 09:11:36');
INSERT INTO `votoPopular` VALUES (1302, '5000228445', 73, '2022-11-10 09:11:05');
INSERT INTO `votoPopular` VALUES (1303, '1000093074', 51, '2022-11-10 09:11:07');
INSERT INTO `votoPopular` VALUES (1304, '1000188911', 11, '2022-11-10 09:11:16');
INSERT INTO `votoPopular` VALUES (1305, '1000183443', 48, '2022-11-10 09:11:23');
INSERT INTO `votoPopular` VALUES (1306, '', 76, '2022-11-10 09:11:25');
INSERT INTO `votoPopular` VALUES (1307, '1000195472', 25, '2022-11-10 09:11:26');
INSERT INTO `votoPopular` VALUES (1308, '', 76, '2022-11-10 09:11:34');
INSERT INTO `votoPopular` VALUES (1309, '', 76, '2022-11-10 09:11:35');
INSERT INTO `votoPopular` VALUES (1310, '1000183613', 11, '2022-11-10 09:11:42');
INSERT INTO `votoPopular` VALUES (1311, '5000217409', 59, '2022-11-10 09:11:45');
INSERT INTO `votoPopular` VALUES (1312, '5000226285', 58, '2022-11-10 09:11:54');
INSERT INTO `votoPopular` VALUES (1313, '5000214875', 51, '2022-11-10 09:11:55');
INSERT INTO `votoPopular` VALUES (1314, '1000185567', 48, '2022-11-10 09:11:01');
INSERT INTO `votoPopular` VALUES (1315, '', 1, '2022-11-10 09:11:08');
INSERT INTO `votoPopular` VALUES (1316, '', 1, '2022-11-10 09:11:08');
INSERT INTO `votoPopular` VALUES (1317, '1000011714', 18, '2022-11-10 09:11:22');
INSERT INTO `votoPopular` VALUES (1318, '', 76, '2022-11-10 09:11:25');
INSERT INTO `votoPopular` VALUES (1319, '', 76, '2022-11-10 09:11:35');
INSERT INTO `votoPopular` VALUES (1320, '5000213159', 18, '2022-11-10 09:11:06');
INSERT INTO `votoPopular` VALUES (1321, '', 76, '2022-11-10 09:11:11');
INSERT INTO `votoPopular` VALUES (1322, '5000202459', 59, '2022-11-10 09:11:12');
INSERT INTO `votoPopular` VALUES (1323, '', 76, '2022-11-10 09:11:15');
INSERT INTO `votoPopular` VALUES (1324, '1000179902', 44, '2022-11-10 09:11:20');
INSERT INTO `votoPopular` VALUES (1325, '5000225996', 52, '2022-11-10 09:11:22');
INSERT INTO `votoPopular` VALUES (1326, '1000008887', 58, '2022-11-10 09:11:22');
INSERT INTO `votoPopular` VALUES (1327, '1000198214', 30, '2022-11-10 09:11:06');
INSERT INTO `votoPopular` VALUES (1328, '', 76, '2022-11-10 09:11:09');
INSERT INTO `votoPopular` VALUES (1329, '', 76, '2022-11-10 09:11:11');
INSERT INTO `votoPopular` VALUES (1330, '1000198214', 30, '2022-11-10 09:11:19');
INSERT INTO `votoPopular` VALUES (1331, '', 76, '2022-11-10 09:11:24');
INSERT INTO `votoPopular` VALUES (1332, '', 76, '2022-11-10 09:11:27');
INSERT INTO `votoPopular` VALUES (1333, '5000218316', 76, '2022-11-10 09:11:29');
INSERT INTO `votoPopular` VALUES (1334, '5000214784', 59, '2022-11-10 09:11:34');
INSERT INTO `votoPopular` VALUES (1335, '', 76, '2022-11-10 09:11:39');
INSERT INTO `votoPopular` VALUES (1336, '1000189619', 61, '2022-11-10 09:11:42');
INSERT INTO `votoPopular` VALUES (1337, '', 76, '2022-11-10 09:11:55');
INSERT INTO `votoPopular` VALUES (1338, '5000228623', 44, '2022-11-10 09:11:55');
INSERT INTO `votoPopular` VALUES (1339, '', 1, '2022-11-10 09:11:58');
INSERT INTO `votoPopular` VALUES (1340, '5000211774', 55, '2022-11-10 09:11:58');
INSERT INTO `votoPopular` VALUES (1341, '5000214795', 59, '2022-11-10 09:11:07');
INSERT INTO `votoPopular` VALUES (1342, '5000228062', 49, '2022-11-10 09:11:14');
INSERT INTO `votoPopular` VALUES (1343, '', 76, '2022-11-10 09:11:15');
INSERT INTO `votoPopular` VALUES (1344, '5000231250', 4, '2022-11-10 09:11:15');
INSERT INTO `votoPopular` VALUES (1345, '', 58, '2022-11-10 09:11:36');
INSERT INTO `votoPopular` VALUES (1346, '5000207403', 58, '2022-11-10 09:11:36');
INSERT INTO `votoPopular` VALUES (1347, '', 76, '2022-11-10 09:11:37');
INSERT INTO `votoPopular` VALUES (1348, '', 76, '2022-11-10 09:11:56');
INSERT INTO `votoPopular` VALUES (1349, '5000233046', 76, '2022-11-10 09:11:59');
INSERT INTO `votoPopular` VALUES (1350, '5000207587', 58, '2022-11-10 09:11:59');
INSERT INTO `votoPopular` VALUES (1351, '5000235644', 76, '2022-11-10 09:11:00');
INSERT INTO `votoPopular` VALUES (1352, '5000228012', 45, '2022-11-10 09:11:06');
INSERT INTO `votoPopular` VALUES (1353, '5000225112', 76, '2022-11-10 09:11:06');
INSERT INTO `votoPopular` VALUES (1354, '', 76, '2022-11-10 09:11:10');
INSERT INTO `votoPopular` VALUES (1355, '', 76, '2022-11-10 09:11:13');
INSERT INTO `votoPopular` VALUES (1356, '5000225109', 76, '2022-11-10 09:11:32');
INSERT INTO `votoPopular` VALUES (1357, '', 76, '2022-11-10 09:11:34');
INSERT INTO `votoPopular` VALUES (1358, '1000185988', 53, '2022-11-10 09:11:41');
INSERT INTO `votoPopular` VALUES (1359, '5000201847', 12, '2022-11-10 09:11:44');
INSERT INTO `votoPopular` VALUES (1360, '5000219904', 76, '2022-11-10 09:11:47');
INSERT INTO `votoPopular` VALUES (1361, '5000236048', 2, '2022-11-10 09:11:59');
INSERT INTO `votoPopular` VALUES (1362, '5000235202', 46, '2022-11-10 09:11:08');
INSERT INTO `votoPopular` VALUES (1363, '5000235731', 58, '2022-11-10 09:11:30');
INSERT INTO `votoPopular` VALUES (1364, '1100005251', 76, '2022-11-10 09:11:34');
INSERT INTO `votoPopular` VALUES (1365, '5000224301', 18, '2022-11-10 09:11:40');
INSERT INTO `votoPopular` VALUES (1366, '5000232372', 44, '2022-11-10 09:11:42');
INSERT INTO `votoPopular` VALUES (1367, '5000220456', 48, '2022-11-10 09:11:09');
INSERT INTO `votoPopular` VALUES (1368, '5000216897', 13, '2022-11-10 09:11:11');
INSERT INTO `votoPopular` VALUES (1369, '', 1, '2022-11-10 09:11:20');
INSERT INTO `votoPopular` VALUES (1370, '5000234836', 31, '2022-11-10 09:11:51');
INSERT INTO `votoPopular` VALUES (1371, '', 16, '2022-11-10 09:11:56');
INSERT INTO `votoPopular` VALUES (1372, '', 76, '2022-11-10 09:11:26');
INSERT INTO `votoPopular` VALUES (1373, '5000225501', 49, '2022-11-10 09:11:42');
INSERT INTO `votoPopular` VALUES (1374, '5000212198', 33, '2022-11-10 09:11:50');
INSERT INTO `votoPopular` VALUES (1375, '5000209712', 12, '2022-11-10 09:11:12');
INSERT INTO `votoPopular` VALUES (1376, '1000003548', 58, '2022-11-10 09:11:14');
INSERT INTO `votoPopular` VALUES (1377, '5000234748', 1, '2022-11-10 09:11:18');
INSERT INTO `votoPopular` VALUES (1378, '1000038929', 77, '2022-11-10 09:11:21');
INSERT INTO `votoPopular` VALUES (1379, '', 15, '2022-11-10 09:11:29');
INSERT INTO `votoPopular` VALUES (1380, '', 1, '2022-11-10 09:11:35');
INSERT INTO `votoPopular` VALUES (1381, '', 76, '2022-11-10 09:11:49');
INSERT INTO `votoPopular` VALUES (1382, '5000200505', 15, '2022-11-10 09:11:50');
INSERT INTO `votoPopular` VALUES (1383, '1000170932', 77, '2022-11-10 09:11:55');
INSERT INTO `votoPopular` VALUES (1384, '5000235609', 1, '2022-11-10 09:11:22');
INSERT INTO `votoPopular` VALUES (1385, '5000215263', 44, '2022-11-10 09:11:22');
INSERT INTO `votoPopular` VALUES (1386, '5000235836', 29, '2022-11-10 09:11:41');
INSERT INTO `votoPopular` VALUES (1387, '5000235612', 1, '2022-11-10 09:11:47');
INSERT INTO `votoPopular` VALUES (1388, '2100051936', 76, '2022-11-10 09:11:57');
INSERT INTO `votoPopular` VALUES (1389, '5000201857', 1, '2022-11-10 09:11:13');
INSERT INTO `votoPopular` VALUES (1390, '5000202454', 39, '2022-11-10 09:11:17');
INSERT INTO `votoPopular` VALUES (1391, '1000193481', 58, '2022-11-10 09:11:29');
INSERT INTO `votoPopular` VALUES (1392, '5000230901', 63, '2022-11-10 09:11:32');
INSERT INTO `votoPopular` VALUES (1393, '5000235555', 1, '2022-11-10 09:11:32');
INSERT INTO `votoPopular` VALUES (1394, '', 1, '2022-11-10 09:11:39');
INSERT INTO `votoPopular` VALUES (1395, '', 1, '2022-11-10 09:11:41');
INSERT INTO `votoPopular` VALUES (1396, '', 1, '2022-11-10 09:11:49');
INSERT INTO `votoPopular` VALUES (1397, '', 1, '2022-11-10 09:11:49');
INSERT INTO `votoPopular` VALUES (1398, '', 1, '2022-11-10 09:11:49');
INSERT INTO `votoPopular` VALUES (1399, '', 1, '2022-11-10 09:11:49');
INSERT INTO `votoPopular` VALUES (1400, '', 1, '2022-11-10 09:11:49');
INSERT INTO `votoPopular` VALUES (1401, '', 1, '2022-11-10 09:11:49');
INSERT INTO `votoPopular` VALUES (1402, '', 1, '2022-11-10 09:11:49');
INSERT INTO `votoPopular` VALUES (1403, '', 1, '2022-11-10 09:11:49');
INSERT INTO `votoPopular` VALUES (1404, '', 1, '2022-11-10 09:11:49');
INSERT INTO `votoPopular` VALUES (1405, '', 1, '2022-11-10 09:11:49');
INSERT INTO `votoPopular` VALUES (1406, '', 1, '2022-11-10 09:11:49');
INSERT INTO `votoPopular` VALUES (1407, '5000216911', 39, '2022-11-10 09:11:49');
INSERT INTO `votoPopular` VALUES (1408, '5000212132', 10, '2022-11-10 09:11:48');
INSERT INTO `votoPopular` VALUES (1409, '5000234891', 15, '2022-11-10 09:11:51');
INSERT INTO `votoPopular` VALUES (1410, '5000234561', 80, '2022-11-10 09:11:58');
INSERT INTO `votoPopular` VALUES (1411, '', 76, '2022-11-10 09:11:22');
INSERT INTO `votoPopular` VALUES (1412, '5000231920', 15, '2022-11-10 09:11:23');
INSERT INTO `votoPopular` VALUES (1413, '1000171358', 5, '2022-11-10 09:11:45');
INSERT INTO `votoPopular` VALUES (1414, '5000231751', 32, '2022-11-10 09:11:53');
INSERT INTO `votoPopular` VALUES (1415, '5000232395', 33, '2022-11-10 09:11:57');
INSERT INTO `votoPopular` VALUES (1416, '5000208982', 80, '2022-11-10 09:11:01');
INSERT INTO `votoPopular` VALUES (1417, '1000163661', 33, '2022-11-10 09:11:20');
INSERT INTO `votoPopular` VALUES (1418, '', 76, '2022-11-10 09:11:32');
INSERT INTO `votoPopular` VALUES (1419, '5000237689', 76, '2022-11-10 09:11:45');
INSERT INTO `votoPopular` VALUES (1420, '', 76, '2022-11-10 09:11:50');
INSERT INTO `votoPopular` VALUES (1421, '5000217284', 76, '2022-11-10 09:11:12');
INSERT INTO `votoPopular` VALUES (1422, '5000226690', 56, '2022-11-10 09:11:38');
INSERT INTO `votoPopular` VALUES (1423, '', 76, '2022-11-10 09:11:43');
INSERT INTO `votoPopular` VALUES (1424, '5000231004', 9, '2022-11-10 09:11:51');
INSERT INTO `votoPopular` VALUES (1425, '', 76, '2022-11-10 09:11:59');
INSERT INTO `votoPopular` VALUES (1426, '5000235891', 76, '2022-11-10 09:11:24');
INSERT INTO `votoPopular` VALUES (1427, '', 76, '2022-11-10 09:11:40');
INSERT INTO `votoPopular` VALUES (1428, '5000219559', 60, '2022-11-10 09:11:00');
INSERT INTO `votoPopular` VALUES (1429, '5000224178', 53, '2022-11-10 09:11:04');
INSERT INTO `votoPopular` VALUES (1430, '', 76, '2022-11-10 09:11:27');
INSERT INTO `votoPopular` VALUES (1431, '5000230820', 80, '2022-11-10 09:11:47');
INSERT INTO `votoPopular` VALUES (1432, '5000230106', 80, '2022-11-10 09:11:56');
INSERT INTO `votoPopular` VALUES (1433, '5000219704', 18, '2022-11-10 09:11:57');
INSERT INTO `votoPopular` VALUES (1434, '5000240407', 80, '2022-11-10 09:11:09');
INSERT INTO `votoPopular` VALUES (1435, '5000235316', 80, '2022-11-10 09:11:30');
INSERT INTO `votoPopular` VALUES (1436, '5000227900', 80, '2022-11-10 09:11:33');
INSERT INTO `votoPopular` VALUES (1437, '', 76, '2022-11-10 09:11:34');
INSERT INTO `votoPopular` VALUES (1438, '5000235711', 80, '2022-11-10 09:11:48');
INSERT INTO `votoPopular` VALUES (1439, '5000235703', 80, '2022-11-10 09:11:02');
INSERT INTO `votoPopular` VALUES (1440, '5000233202', 33, '2022-11-10 09:11:04');
INSERT INTO `votoPopular` VALUES (1441, '', 76, '2022-11-10 09:11:12');
INSERT INTO `votoPopular` VALUES (1442, '5000237813', 24, '2022-11-10 09:11:25');
INSERT INTO `votoPopular` VALUES (1443, '5000233497', 80, '2022-11-10 09:11:28');
INSERT INTO `votoPopular` VALUES (1444, '5000235550', 13, '2022-11-10 09:11:34');
INSERT INTO `votoPopular` VALUES (1445, '5000223848', 60, '2022-11-10 09:11:07');
INSERT INTO `votoPopular` VALUES (1446, '5000209890', 76, '2022-11-10 09:11:16');
INSERT INTO `votoPopular` VALUES (1447, '5000209382', 69, '2022-11-10 09:11:35');
INSERT INTO `votoPopular` VALUES (1448, '', 76, '2022-11-10 09:11:40');
INSERT INTO `votoPopular` VALUES (1449, '5000234271', 28, '2022-11-10 09:11:58');
INSERT INTO `votoPopular` VALUES (1450, '5000236217', 80, '2022-11-10 09:11:48');
INSERT INTO `votoPopular` VALUES (1451, '', 14, '2022-11-10 09:11:54');
INSERT INTO `votoPopular` VALUES (1452, '5000231249', 2, '2022-11-10 09:11:51');
INSERT INTO `votoPopular` VALUES (1453, '5000226634', 12, '2022-11-10 09:11:59');
INSERT INTO `votoPopular` VALUES (1454, '5000231079', 31, '2022-11-10 09:11:00');
INSERT INTO `votoPopular` VALUES (1455, '5000236536', 74, '2022-11-10 09:11:09');
INSERT INTO `votoPopular` VALUES (1456, '1000192199', 39, '2022-11-10 09:11:14');
INSERT INTO `votoPopular` VALUES (1457, '1000187682', 2, '2022-11-10 09:11:18');
INSERT INTO `votoPopular` VALUES (1458, '5000225674', 27, '2022-11-10 09:11:00');
INSERT INTO `votoPopular` VALUES (1459, '5000232666', 15, '2022-11-10 09:11:14');
INSERT INTO `votoPopular` VALUES (1460, '5000232666', 15, '2022-11-10 09:11:14');
INSERT INTO `votoPopular` VALUES (1461, '5000232666', 15, '2022-11-10 09:11:14');
INSERT INTO `votoPopular` VALUES (1462, '5000217726', 77, '2022-11-10 09:11:16');
INSERT INTO `votoPopular` VALUES (1463, '5000208655', 69, '2022-11-10 09:11:34');
INSERT INTO `votoPopular` VALUES (1464, '', 16, '2022-11-10 09:11:47');
INSERT INTO `votoPopular` VALUES (1465, '', 76, '2022-11-10 09:11:48');
INSERT INTO `votoPopular` VALUES (1466, '1000179602', 39, '2022-11-10 09:11:53');
INSERT INTO `votoPopular` VALUES (1467, '', 76, '2022-11-10 09:11:55');
INSERT INTO `votoPopular` VALUES (1468, '5000228796', 16, '2022-11-10 09:11:05');
INSERT INTO `votoPopular` VALUES (1469, '5000228960', 47, '2022-11-10 09:11:21');
INSERT INTO `votoPopular` VALUES (1470, '5000217872', 76, '2022-11-10 09:11:21');
INSERT INTO `votoPopular` VALUES (1471, '5000219591', 49, '2022-11-10 09:11:51');
INSERT INTO `votoPopular` VALUES (1472, '5000228435', 31, '2022-11-10 09:11:15');
INSERT INTO `votoPopular` VALUES (1473, '5000214832', 59, '2022-11-10 09:11:35');
INSERT INTO `votoPopular` VALUES (1474, '5000213629', 80, '2022-11-10 09:11:08');
INSERT INTO `votoPopular` VALUES (1475, '5000232504', 12, '2022-11-10 09:11:10');
INSERT INTO `votoPopular` VALUES (1476, '5000207055', 79, '2022-11-10 09:11:17');
INSERT INTO `votoPopular` VALUES (1477, '5000231810', 12, '2022-11-10 09:11:48');
INSERT INTO `votoPopular` VALUES (1478, '5000223328', 79, '2022-11-10 09:11:39');
INSERT INTO `votoPopular` VALUES (1479, '', 76, '2022-11-10 09:11:03');
INSERT INTO `votoPopular` VALUES (1480, '5000232237', 44, '2022-11-10 09:11:57');
INSERT INTO `votoPopular` VALUES (1481, '1000007859', 76, '2022-11-10 09:11:17');
INSERT INTO `votoPopular` VALUES (1482, '5000237675', 3, '2022-11-10 09:11:32');
INSERT INTO `votoPopular` VALUES (1483, '5000229206', 67, '2022-11-10 09:11:32');
INSERT INTO `votoPopular` VALUES (1484, '', 76, '2022-11-10 09:11:34');
INSERT INTO `votoPopular` VALUES (1485, '', 2, '2022-11-10 09:11:51');
INSERT INTO `votoPopular` VALUES (1486, '2100035934', 76, '2022-11-10 09:11:53');
INSERT INTO `votoPopular` VALUES (1487, '1000166873', 61, '2022-11-10 09:11:57');
INSERT INTO `votoPopular` VALUES (1488, '5000236224', 80, '2022-11-10 09:11:36');
INSERT INTO `votoPopular` VALUES (1489, '5000237455', 67, '2022-11-10 09:11:52');
INSERT INTO `votoPopular` VALUES (1490, '5000224164', 52, '2022-11-10 09:11:10');
INSERT INTO `votoPopular` VALUES (1491, '5000217173', 76, '2022-11-10 09:11:20');
INSERT INTO `votoPopular` VALUES (1492, '5000217173', 76, '2022-11-10 09:11:20');
INSERT INTO `votoPopular` VALUES (1493, '5000217173', 76, '2022-11-10 09:11:20');
INSERT INTO `votoPopular` VALUES (1494, '5000217173', 76, '2022-11-10 09:11:20');
INSERT INTO `votoPopular` VALUES (1495, '5000217173', 76, '2022-11-10 09:11:20');
INSERT INTO `votoPopular` VALUES (1496, '5000217173', 76, '2022-11-10 09:11:20');
INSERT INTO `votoPopular` VALUES (1497, '5000217173', 76, '2022-11-10 09:11:21');
INSERT INTO `votoPopular` VALUES (1498, '5000236082', 4, '2022-11-10 09:11:49');
INSERT INTO `votoPopular` VALUES (1499, '1000177208', 10, '2022-11-10 09:11:56');
INSERT INTO `votoPopular` VALUES (1500, '1000188973', 10, '2022-11-10 09:11:40');
INSERT INTO `votoPopular` VALUES (1501, '5000240430', 80, '2022-11-10 09:11:43');
INSERT INTO `votoPopular` VALUES (1502, '5000239668', 80, '2022-11-10 09:11:16');
INSERT INTO `votoPopular` VALUES (1503, '5000240432', 80, '2022-11-10 09:11:49');
INSERT INTO `votoPopular` VALUES (1504, '5000238903', 80, '2022-11-10 09:11:39');
INSERT INTO `votoPopular` VALUES (1505, '', 69, '2022-11-10 09:11:49');
INSERT INTO `votoPopular` VALUES (1506, '5000237261', 80, '2022-11-10 09:11:02');
INSERT INTO `votoPopular` VALUES (1507, '', 76, '2022-11-10 09:11:15');
INSERT INTO `votoPopular` VALUES (1508, '5000239673', 80, '2022-11-10 09:11:51');
INSERT INTO `votoPopular` VALUES (1509, '5000236609', 80, '2022-11-10 09:11:30');
INSERT INTO `votoPopular` VALUES (1510, '5000239686', 80, '2022-11-10 09:11:56');
INSERT INTO `votoPopular` VALUES (1511, '', 76, '2022-11-10 09:11:11');
INSERT INTO `votoPopular` VALUES (1512, '5000239670', 80, '2022-11-10 09:11:31');
INSERT INTO `votoPopular` VALUES (1513, '5000239666', 80, '2022-11-10 10:11:06');
INSERT INTO `votoPopular` VALUES (1514, '', 76, '2022-11-10 10:11:08');
INSERT INTO `votoPopular` VALUES (1515, '', 76, '2022-11-10 10:11:11');
INSERT INTO `votoPopular` VALUES (1516, '', 16, '2022-11-10 10:11:44');
INSERT INTO `votoPopular` VALUES (1517, '5000235535', 4, '2022-11-10 10:11:14');
INSERT INTO `votoPopular` VALUES (1518, '5000227085', 12, '2022-11-10 10:11:39');
INSERT INTO `votoPopular` VALUES (1519, '5000235013', 76, '2022-11-10 10:11:41');
INSERT INTO `votoPopular` VALUES (1520, '', 76, '2022-11-10 10:11:52');
INSERT INTO `votoPopular` VALUES (1521, '', 76, '2022-11-10 10:11:12');
INSERT INTO `votoPopular` VALUES (1522, '5000228210', 76, '2022-11-10 10:11:20');
INSERT INTO `votoPopular` VALUES (1523, '', 16, '2022-11-10 10:11:22');
INSERT INTO `votoPopular` VALUES (1524, '5000219578', 54, '2022-11-10 10:11:33');
INSERT INTO `votoPopular` VALUES (1525, '', 16, '2022-11-10 10:11:54');
INSERT INTO `votoPopular` VALUES (1526, '5000235124', 54, '2022-11-10 10:11:03');
INSERT INTO `votoPopular` VALUES (1527, '5000230890', 78, '2022-11-10 10:11:15');
INSERT INTO `votoPopular` VALUES (1528, '5000215709', 69, '2022-11-10 10:11:18');
INSERT INTO `votoPopular` VALUES (1529, '', 76, '2022-11-10 10:11:27');
INSERT INTO `votoPopular` VALUES (1530, '', 16, '2022-11-10 10:11:36');
INSERT INTO `votoPopular` VALUES (1531, '', 16, '2022-11-10 10:11:40');
INSERT INTO `votoPopular` VALUES (1532, '1000156809', 70, '2022-11-10 10:11:59');
INSERT INTO `votoPopular` VALUES (1533, '5000229494', 10, '2022-11-10 10:11:21');
INSERT INTO `votoPopular` VALUES (1534, '5000235811', 44, '2022-11-10 10:11:38');
INSERT INTO `votoPopular` VALUES (1535, '5000202181', 10, '2022-11-10 10:11:40');
INSERT INTO `votoPopular` VALUES (1536, '5000202181', 10, '2022-11-10 10:11:40');
INSERT INTO `votoPopular` VALUES (1537, '', 16, '2022-11-10 10:11:45');
INSERT INTO `votoPopular` VALUES (1538, '5000229007', 16, '2022-11-10 10:11:05');
INSERT INTO `votoPopular` VALUES (1539, '5000218453', 80, '2022-11-10 10:11:14');
INSERT INTO `votoPopular` VALUES (1540, '5000228378', 60, '2022-11-10 10:11:23');
INSERT INTO `votoPopular` VALUES (1541, '5000236380', 80, '2022-11-10 10:11:30');
INSERT INTO `votoPopular` VALUES (1542, '', 76, '2022-11-10 10:11:31');
INSERT INTO `votoPopular` VALUES (1543, '5000237336', 80, '2022-11-10 10:11:03');
INSERT INTO `votoPopular` VALUES (1544, '5000237335', 80, '2022-11-10 10:11:41');
INSERT INTO `votoPopular` VALUES (1545, '5000237315', 80, '2022-11-10 10:11:11');
INSERT INTO `votoPopular` VALUES (1546, '5000227972', 50, '2022-11-10 10:11:29');
INSERT INTO `votoPopular` VALUES (1547, '5000219521', 58, '2022-11-10 10:11:35');
INSERT INTO `votoPopular` VALUES (1548, '5000237204', 80, '2022-11-10 10:11:23');
INSERT INTO `votoPopular` VALUES (1549, '5000237192', 80, '2022-11-10 10:11:00');
INSERT INTO `votoPopular` VALUES (1550, '5000206355', 36, '2022-11-10 10:11:42');
INSERT INTO `votoPopular` VALUES (1551, '5000237129', 80, '2022-11-10 10:11:49');
INSERT INTO `votoPopular` VALUES (1552, '5000235058', 15, '2022-11-10 10:11:18');
INSERT INTO `votoPopular` VALUES (1553, '5000217770', 6, '2022-11-10 10:11:47');
INSERT INTO `votoPopular` VALUES (1554, '1000154523', 12, '2022-11-10 10:11:03');
INSERT INTO `votoPopular` VALUES (1555, '', 76, '2022-11-10 10:11:49');
INSERT INTO `votoPopular` VALUES (1556, '5000228467', 76, '2022-11-10 10:11:02');
INSERT INTO `votoPopular` VALUES (1557, '5000228155', 59, '2022-11-10 10:11:16');
INSERT INTO `votoPopular` VALUES (1558, '1000168781', 29, '2022-11-10 10:11:37');
INSERT INTO `votoPopular` VALUES (1559, '', 76, '2022-11-10 10:11:42');
INSERT INTO `votoPopular` VALUES (1560, '', 76, '2022-11-10 10:11:50');
INSERT INTO `votoPopular` VALUES (1561, '5000231990', 16, '2022-11-10 10:11:58');
INSERT INTO `votoPopular` VALUES (1562, '', 76, '2022-11-10 10:11:06');
INSERT INTO `votoPopular` VALUES (1563, '', 76, '2022-11-10 10:11:19');
INSERT INTO `votoPopular` VALUES (1564, '', 76, '2022-11-10 10:11:53');
INSERT INTO `votoPopular` VALUES (1565, '5000231972', 16, '2022-11-10 10:11:05');
INSERT INTO `votoPopular` VALUES (1566, '', 76, '2022-11-10 10:11:18');
INSERT INTO `votoPopular` VALUES (1567, '5000216980', 68, '2022-11-10 10:11:40');
INSERT INTO `votoPopular` VALUES (1568, '5000229554', 34, '2022-11-10 10:11:52');
INSERT INTO `votoPopular` VALUES (1569, '5000205621', 15, '2022-11-10 10:11:58');
INSERT INTO `votoPopular` VALUES (1570, '5000215341', 58, '2022-11-10 10:11:35');
INSERT INTO `votoPopular` VALUES (1571, '', 76, '2022-11-10 10:11:52');
INSERT INTO `votoPopular` VALUES (1572, '5000228764', 76, '2022-11-10 10:11:05');
INSERT INTO `votoPopular` VALUES (1573, '5000227893', 10, '2022-11-10 10:11:16');
INSERT INTO `votoPopular` VALUES (1574, '5000223560', 15, '2022-11-10 10:11:34');
INSERT INTO `votoPopular` VALUES (1575, '', 76, '2022-11-10 10:11:58');
INSERT INTO `votoPopular` VALUES (1576, '1000183359', 12, '2022-11-10 10:11:26');
INSERT INTO `votoPopular` VALUES (1577, '', 76, '2022-11-10 10:11:04');
INSERT INTO `votoPopular` VALUES (1578, '1000187561', 15, '2022-11-10 10:11:38');
INSERT INTO `votoPopular` VALUES (1579, '5000235141', 61, '2022-11-10 10:11:34');
INSERT INTO `votoPopular` VALUES (1580, '5000203611', 77, '2022-11-10 10:11:02');
INSERT INTO `votoPopular` VALUES (1581, '', 76, '2022-11-10 10:11:03');
INSERT INTO `votoPopular` VALUES (1582, '', 76, '2022-11-10 10:11:40');
INSERT INTO `votoPopular` VALUES (1583, '1000197827', 12, '2022-11-10 10:11:28');
INSERT INTO `votoPopular` VALUES (1584, '5000236022', 75, '2022-11-10 10:11:31');
INSERT INTO `votoPopular` VALUES (1585, '5000237129', 80, '2022-11-10 10:11:57');
INSERT INTO `votoPopular` VALUES (1586, '5000229373', 48, '2022-11-10 10:11:30');
INSERT INTO `votoPopular` VALUES (1587, '', 16, '2022-11-10 10:11:40');
INSERT INTO `votoPopular` VALUES (1588, '1000185795', 63, '2022-11-10 10:11:43');
INSERT INTO `votoPopular` VALUES (1589, '5000202417', 49, '2022-11-10 10:11:44');
INSERT INTO `votoPopular` VALUES (1590, '5000231937', 27, '2022-11-10 10:11:04');
INSERT INTO `votoPopular` VALUES (1591, '5000201936', 49, '2022-11-10 10:11:20');
INSERT INTO `votoPopular` VALUES (1592, '1000095981', 36, '2022-11-10 10:11:37');
INSERT INTO `votoPopular` VALUES (1593, '5000223547', 15, '2022-11-10 10:11:34');
INSERT INTO `votoPopular` VALUES (1594, '1000188107', 63, '2022-11-10 10:11:09');
INSERT INTO `votoPopular` VALUES (1595, '5000206921', 15, '2022-11-10 10:11:20');
INSERT INTO `votoPopular` VALUES (1596, '5000228750', 44, '2022-11-10 10:11:44');
INSERT INTO `votoPopular` VALUES (1597, '5000223861', 60, '2022-11-10 10:11:08');
INSERT INTO `votoPopular` VALUES (1598, '', 76, '2022-11-10 10:11:41');
INSERT INTO `votoPopular` VALUES (1599, '5000208746', 15, '2022-11-10 10:11:57');
INSERT INTO `votoPopular` VALUES (1600, '5000235564', 44, '2022-11-10 10:11:57');
INSERT INTO `votoPopular` VALUES (1601, '', 13, '2022-11-10 10:11:14');
INSERT INTO `votoPopular` VALUES (1602, '', 76, '2022-11-10 10:11:17');
INSERT INTO `votoPopular` VALUES (1603, '5000234426', 41, '2022-11-10 10:11:50');
INSERT INTO `votoPopular` VALUES (1604, '5000224295', 10, '2022-11-10 10:11:23');
INSERT INTO `votoPopular` VALUES (1605, '5000216469', 44, '2022-11-10 10:11:27');
INSERT INTO `votoPopular` VALUES (1606, '', 18, '2022-11-10 10:11:41');
INSERT INTO `votoPopular` VALUES (1607, '5000231939', 24, '2022-11-10 10:11:50');
INSERT INTO `votoPopular` VALUES (1608, '', 76, '2022-11-10 10:11:27');
INSERT INTO `votoPopular` VALUES (1609, '5000216043', 76, '2022-11-10 10:11:41');
INSERT INTO `votoPopular` VALUES (1610, '5000224028', 77, '2022-11-10 10:11:47');
INSERT INTO `votoPopular` VALUES (1611, '', 76, '2022-11-10 10:11:31');
INSERT INTO `votoPopular` VALUES (1612, '', 76, '2022-11-10 10:11:14');
INSERT INTO `votoPopular` VALUES (1613, '', 76, '2022-11-10 10:11:35');
INSERT INTO `votoPopular` VALUES (1614, '1000190253', 12, '2022-11-10 10:11:58');
INSERT INTO `votoPopular` VALUES (1615, '2100028199', 44, '2022-11-10 10:11:30');
INSERT INTO `votoPopular` VALUES (1616, '5000233043', 76, '2022-11-10 10:11:37');
INSERT INTO `votoPopular` VALUES (1617, '5000201378', 28, '2022-11-10 10:11:10');
INSERT INTO `votoPopular` VALUES (1618, '1000188983', 29, '2022-11-10 10:11:43');
INSERT INTO `votoPopular` VALUES (1619, '5000228379', 63, '2022-11-10 10:11:04');
INSERT INTO `votoPopular` VALUES (1620, '', 9, '2022-11-10 10:11:56');
INSERT INTO `votoPopular` VALUES (1621, '5000212007', 9, '2022-11-10 10:11:18');
INSERT INTO `votoPopular` VALUES (1622, '1000189880', 12, '2022-11-10 10:11:52');
INSERT INTO `votoPopular` VALUES (1623, '1000188783', 44, '2022-11-10 10:11:22');
INSERT INTO `votoPopular` VALUES (1624, '1000191733', 48, '2022-11-10 10:11:26');
INSERT INTO `votoPopular` VALUES (1625, '', 76, '2022-11-10 10:11:35');
INSERT INTO `votoPopular` VALUES (1626, '5000235326', 29, '2022-11-10 10:11:27');
INSERT INTO `votoPopular` VALUES (1627, '1000195791', 15, '2022-11-10 11:11:57');
INSERT INTO `votoPopular` VALUES (1628, '5000234766', 68, '2022-11-10 11:11:09');
INSERT INTO `votoPopular` VALUES (1629, '5000232795', 68, '2022-11-10 11:11:16');
INSERT INTO `votoPopular` VALUES (1630, '5000211695', 42, '2022-11-10 11:11:54');
INSERT INTO `votoPopular` VALUES (1631, '5000231135', 59, '2022-11-10 11:11:22');
INSERT INTO `votoPopular` VALUES (1632, '5000205554', 12, '2022-11-10 11:11:21');
INSERT INTO `votoPopular` VALUES (1633, '1000185285', 28, '2022-11-10 11:11:21');
INSERT INTO `votoPopular` VALUES (1634, '5000228446', 65, '2022-11-10 11:11:46');
INSERT INTO `votoPopular` VALUES (1635, '', 68, '2022-11-10 11:11:48');
INSERT INTO `votoPopular` VALUES (1636, '1000122490', 58, '2022-11-10 11:11:49');
INSERT INTO `votoPopular` VALUES (1637, '', 44, '2022-11-10 11:11:53');
INSERT INTO `votoPopular` VALUES (1638, '5000216103', 40, '2022-11-10 11:11:55');
INSERT INTO `votoPopular` VALUES (1639, '', 76, '2022-11-10 11:11:33');
INSERT INTO `votoPopular` VALUES (1640, '5000232376', 44, '2022-11-10 11:11:37');
INSERT INTO `votoPopular` VALUES (1641, '5000229419', 60, '2022-11-10 11:11:50');
INSERT INTO `votoPopular` VALUES (1642, '5000235136', 44, '2022-11-10 11:11:54');
INSERT INTO `votoPopular` VALUES (1643, '1000094506', 2, '2022-11-10 11:11:21');
INSERT INTO `votoPopular` VALUES (1644, '1000125113', 29, '2022-11-10 11:11:39');
INSERT INTO `votoPopular` VALUES (1645, '1000026098', 48, '2022-11-10 11:11:07');
INSERT INTO `votoPopular` VALUES (1646, '', 76, '2022-11-10 11:11:35');
INSERT INTO `votoPopular` VALUES (1647, '5000227058', 76, '2022-11-10 11:11:00');
INSERT INTO `votoPopular` VALUES (1648, '1000009428', 43, '2022-11-10 11:11:06');
INSERT INTO `votoPopular` VALUES (1649, '', 12, '2022-11-10 11:11:20');
INSERT INTO `votoPopular` VALUES (1650, '5000235037', 44, '2022-11-10 11:11:59');
INSERT INTO `votoPopular` VALUES (1651, '', 76, '2022-11-10 11:11:10');
INSERT INTO `votoPopular` VALUES (1652, '', 76, '2022-11-10 11:11:04');
INSERT INTO `votoPopular` VALUES (1653, '5000228409', 13, '2022-11-10 11:11:03');
INSERT INTO `votoPopular` VALUES (1654, '5000212823', 78, '2022-11-10 11:11:03');
INSERT INTO `votoPopular` VALUES (1655, '5000236107', 44, '2022-11-10 11:11:44');
INSERT INTO `votoPopular` VALUES (1656, '1000184644', 78, '2022-11-10 11:11:44');
INSERT INTO `votoPopular` VALUES (1657, '1000192551', 49, '2022-11-10 11:11:31');
INSERT INTO `votoPopular` VALUES (1658, '5000227082', 4, '2022-11-10 11:11:15');
INSERT INTO `votoPopular` VALUES (1659, '5000216645', 69, '2022-11-11 12:11:41');
INSERT INTO `votoPopular` VALUES (1660, '5000223944', 18, '2022-11-11 12:11:09');
INSERT INTO `votoPopular` VALUES (1661, '', 76, '2022-11-11 12:11:23');
INSERT INTO `votoPopular` VALUES (1662, '5000215494', 69, '2022-11-11 12:11:40');
INSERT INTO `votoPopular` VALUES (1663, '5000207737', 48, '2022-11-11 12:11:12');
INSERT INTO `votoPopular` VALUES (1664, '5000232053', 25, '2022-11-11 12:11:22');
INSERT INTO `votoPopular` VALUES (1665, '5000207350', 4, '2022-11-11 12:11:06');
INSERT INTO `votoPopular` VALUES (1666, '', 49, '2022-11-11 12:11:15');
INSERT INTO `votoPopular` VALUES (1667, '5000228370', 12, '2022-11-11 12:11:58');
INSERT INTO `votoPopular` VALUES (1668, '', 15, '2022-11-11 01:11:53');
INSERT INTO `votoPopular` VALUES (1669, '', 76, '2022-11-11 01:11:37');
INSERT INTO `votoPopular` VALUES (1670, '5000234657', 76, '2022-11-11 01:11:56');
INSERT INTO `votoPopular` VALUES (1671, '5000216489', 18, '2022-11-11 01:11:05');
INSERT INTO `votoPopular` VALUES (1672, '5000237724', 13, '2022-11-11 02:11:40');
INSERT INTO `votoPopular` VALUES (1673, '5000216226', 18, '2022-11-11 02:11:56');
INSERT INTO `votoPopular` VALUES (1674, '5000207245', 38, '2022-11-11 05:11:26');
INSERT INTO `votoPopular` VALUES (1675, '5000235489', 50, '2022-11-11 06:11:42');
INSERT INTO `votoPopular` VALUES (1676, '5000235402', 26, '2022-11-11 07:11:07');
INSERT INTO `votoPopular` VALUES (1677, '1000189009', 36, '2022-11-11 07:11:18');
INSERT INTO `votoPopular` VALUES (1678, '', 79, '2022-11-11 07:11:41');
INSERT INTO `votoPopular` VALUES (1679, '5000225447', 68, '2022-11-11 07:11:48');
INSERT INTO `votoPopular` VALUES (1680, '1000181381', 11, '2022-11-11 07:11:42');
INSERT INTO `votoPopular` VALUES (1681, '5000229321', 11, '2022-11-11 07:11:19');
INSERT INTO `votoPopular` VALUES (1682, '', 76, '2022-11-11 07:11:01');
INSERT INTO `votoPopular` VALUES (1683, '5000205353', 58, '2022-11-11 07:11:22');
INSERT INTO `votoPopular` VALUES (1684, '5000232762', 68, '2022-11-11 07:11:43');
INSERT INTO `votoPopular` VALUES (1685, '5000229872', 44, '2022-11-11 07:11:36');
INSERT INTO `votoPopular` VALUES (1686, '', 76, '2022-11-11 07:11:53');
INSERT INTO `votoPopular` VALUES (1687, '1000165739', 71, '2022-11-11 07:11:04');
INSERT INTO `votoPopular` VALUES (1688, '5000237321', 44, '2022-11-11 08:11:06');
INSERT INTO `votoPopular` VALUES (1689, '5000230810', 25, '2022-11-11 08:11:51');
INSERT INTO `votoPopular` VALUES (1690, '', 24, '2022-11-11 08:11:27');
INSERT INTO `votoPopular` VALUES (1691, '5000226582', 48, '2022-11-11 08:11:11');
INSERT INTO `votoPopular` VALUES (1692, '', 76, '2022-11-11 08:11:42');
INSERT INTO `votoPopular` VALUES (1693, '1000009865', 5, '2022-11-11 08:11:45');
INSERT INTO `votoPopular` VALUES (1694, '5000227968', 50, '2022-11-11 09:11:58');
INSERT INTO `votoPopular` VALUES (1695, '5000232039', 41, '2022-11-11 09:11:54');
INSERT INTO `votoPopular` VALUES (1696, '5000224466', 12, '2022-11-11 09:11:31');
INSERT INTO `votoPopular` VALUES (1697, '5000225779', 27, '2022-11-11 09:11:01');
INSERT INTO `votoPopular` VALUES (1698, '', 76, '2022-11-11 09:11:30');
INSERT INTO `votoPopular` VALUES (1699, '', 76, '2022-11-11 09:11:28');
INSERT INTO `votoPopular` VALUES (1700, '', 76, '2022-11-11 09:11:43');
INSERT INTO `votoPopular` VALUES (1701, '', 76, '2022-11-11 09:11:00');
INSERT INTO `votoPopular` VALUES (1702, '', 76, '2022-11-11 09:11:15');
INSERT INTO `votoPopular` VALUES (1703, '', 76, '2022-11-11 09:11:27');
INSERT INTO `votoPopular` VALUES (1704, '', 76, '2022-11-11 09:11:38');
INSERT INTO `votoPopular` VALUES (1705, '', 76, '2022-11-11 09:11:49');
INSERT INTO `votoPopular` VALUES (1706, '', 76, '2022-11-11 09:11:58');
INSERT INTO `votoPopular` VALUES (1707, '', 76, '2022-11-11 09:11:05');
INSERT INTO `votoPopular` VALUES (1708, '', 76, '2022-11-11 09:11:13');
INSERT INTO `votoPopular` VALUES (1709, '', 76, '2022-11-11 09:11:23');
INSERT INTO `votoPopular` VALUES (1710, '', 76, '2022-11-11 09:11:32');
INSERT INTO `votoPopular` VALUES (1711, '', 76, '2022-11-11 09:11:40');
INSERT INTO `votoPopular` VALUES (1712, '', 76, '2022-11-11 09:11:49');
INSERT INTO `votoPopular` VALUES (1713, '', 76, '2022-11-11 09:11:56');
INSERT INTO `votoPopular` VALUES (1714, '', 76, '2022-11-11 09:11:06');
INSERT INTO `votoPopular` VALUES (1715, '', 76, '2022-11-11 09:11:14');
INSERT INTO `votoPopular` VALUES (1716, '', 76, '2022-11-11 09:11:22');
INSERT INTO `votoPopular` VALUES (1717, '', 76, '2022-11-11 09:11:29');
INSERT INTO `votoPopular` VALUES (1718, '', 76, '2022-11-11 09:11:38');
INSERT INTO `votoPopular` VALUES (1719, '', 76, '2022-11-11 09:11:45');
INSERT INTO `votoPopular` VALUES (1720, '', 76, '2022-11-11 09:11:54');
INSERT INTO `votoPopular` VALUES (1721, '', 76, '2022-11-11 09:11:01');
INSERT INTO `votoPopular` VALUES (1722, '', 76, '2022-11-11 09:11:08');
INSERT INTO `votoPopular` VALUES (1723, '', 76, '2022-11-11 09:11:15');
INSERT INTO `votoPopular` VALUES (1724, '', 76, '2022-11-11 09:11:28');
INSERT INTO `votoPopular` VALUES (1725, '', 76, '2022-11-11 09:11:39');
INSERT INTO `votoPopular` VALUES (1726, '', 76, '2022-11-11 09:11:50');
INSERT INTO `votoPopular` VALUES (1727, '', 76, '2022-11-11 09:11:57');
INSERT INTO `votoPopular` VALUES (1728, '', 76, '2022-11-11 09:11:05');
INSERT INTO `votoPopular` VALUES (1729, '', 76, '2022-11-11 09:11:16');
INSERT INTO `votoPopular` VALUES (1730, '', 76, '2022-11-11 09:11:25');
INSERT INTO `votoPopular` VALUES (1731, '', 76, '2022-11-11 09:11:32');
INSERT INTO `votoPopular` VALUES (1732, '', 76, '2022-11-11 09:11:40');
INSERT INTO `votoPopular` VALUES (1733, '', 76, '2022-11-11 09:11:48');
INSERT INTO `votoPopular` VALUES (1734, '', 76, '2022-11-11 09:11:56');
INSERT INTO `votoPopular` VALUES (1735, '', 76, '2022-11-11 09:11:07');
INSERT INTO `votoPopular` VALUES (1736, '', 76, '2022-11-11 09:11:15');
INSERT INTO `votoPopular` VALUES (1737, '', 76, '2022-11-11 09:11:22');
INSERT INTO `votoPopular` VALUES (1738, '', 76, '2022-11-11 09:11:29');
INSERT INTO `votoPopular` VALUES (1739, '', 76, '2022-11-11 09:11:38');
INSERT INTO `votoPopular` VALUES (1740, '', 76, '2022-11-11 09:11:45');
INSERT INTO `votoPopular` VALUES (1741, '', 76, '2022-11-11 09:11:53');
INSERT INTO `votoPopular` VALUES (1742, '', 76, '2022-11-11 09:11:02');
INSERT INTO `votoPopular` VALUES (1743, '', 76, '2022-11-11 09:11:10');
INSERT INTO `votoPopular` VALUES (1744, '', 76, '2022-11-11 09:11:17');
INSERT INTO `votoPopular` VALUES (1745, '', 76, '2022-11-11 09:11:24');
INSERT INTO `votoPopular` VALUES (1746, '', 76, '2022-11-11 09:11:32');
INSERT INTO `votoPopular` VALUES (1747, '', 76, '2022-11-11 09:11:54');
INSERT INTO `votoPopular` VALUES (1748, '', 76, '2022-11-11 09:11:02');
INSERT INTO `votoPopular` VALUES (1749, '', 76, '2022-11-11 09:11:09');
INSERT INTO `votoPopular` VALUES (1750, '', 76, '2022-11-11 09:11:20');
INSERT INTO `votoPopular` VALUES (1751, '', 76, '2022-11-11 09:11:29');
INSERT INTO `votoPopular` VALUES (1752, '', 76, '2022-11-11 09:11:38');
INSERT INTO `votoPopular` VALUES (1753, '', 76, '2022-11-11 09:11:45');
INSERT INTO `votoPopular` VALUES (1754, '', 76, '2022-11-11 09:11:53');
INSERT INTO `votoPopular` VALUES (1755, '', 76, '2022-11-11 09:11:00');
INSERT INTO `votoPopular` VALUES (1756, '', 76, '2022-11-11 09:11:06');
INSERT INTO `votoPopular` VALUES (1757, '', 76, '2022-11-11 09:11:13');
INSERT INTO `votoPopular` VALUES (1758, '', 76, '2022-11-11 09:11:20');
INSERT INTO `votoPopular` VALUES (1759, '', 76, '2022-11-11 09:11:27');
INSERT INTO `votoPopular` VALUES (1760, '', 76, '2022-11-11 09:11:33');
INSERT INTO `votoPopular` VALUES (1761, '', 76, '2022-11-11 09:11:40');
INSERT INTO `votoPopular` VALUES (1762, '', 76, '2022-11-11 09:11:46');
INSERT INTO `votoPopular` VALUES (1763, '', 76, '2022-11-11 09:11:52');
INSERT INTO `votoPopular` VALUES (1764, '', 76, '2022-11-11 09:11:59');
INSERT INTO `votoPopular` VALUES (1765, '', 76, '2022-11-11 09:11:07');
INSERT INTO `votoPopular` VALUES (1766, '', 76, '2022-11-11 09:11:14');
INSERT INTO `votoPopular` VALUES (1767, '', 76, '2022-11-11 09:11:21');
INSERT INTO `votoPopular` VALUES (1768, '', 76, '2022-11-11 09:11:28');
INSERT INTO `votoPopular` VALUES (1769, '', 76, '2022-11-11 09:11:34');
INSERT INTO `votoPopular` VALUES (1770, '', 76, '2022-11-11 09:11:43');
INSERT INTO `votoPopular` VALUES (1771, '', 76, '2022-11-11 09:11:50');
INSERT INTO `votoPopular` VALUES (1772, '', 76, '2022-11-11 09:11:56');
INSERT INTO `votoPopular` VALUES (1773, '', 76, '2022-11-11 09:11:03');
INSERT INTO `votoPopular` VALUES (1774, '', 76, '2022-11-11 09:11:08');
INSERT INTO `votoPopular` VALUES (1775, '', 76, '2022-11-11 09:11:15');
INSERT INTO `votoPopular` VALUES (1776, '', 76, '2022-11-11 09:11:23');
INSERT INTO `votoPopular` VALUES (1777, '', 76, '2022-11-11 09:11:29');
INSERT INTO `votoPopular` VALUES (1778, '', 76, '2022-11-11 09:11:35');
INSERT INTO `votoPopular` VALUES (1779, '', 76, '2022-11-11 09:11:44');
INSERT INTO `votoPopular` VALUES (1780, '', 76, '2022-11-11 09:11:55');
INSERT INTO `votoPopular` VALUES (1781, '', 76, '2022-11-11 09:11:13');
INSERT INTO `votoPopular` VALUES (1782, '', 76, '2022-11-11 09:11:19');
INSERT INTO `votoPopular` VALUES (1783, '', 76, '2022-11-11 09:11:34');
INSERT INTO `votoPopular` VALUES (1784, '', 76, '2022-11-11 09:11:40');
INSERT INTO `votoPopular` VALUES (1785, '', 76, '2022-11-11 09:11:47');
INSERT INTO `votoPopular` VALUES (1786, '', 76, '2022-11-11 09:11:58');
INSERT INTO `votoPopular` VALUES (1787, '', 76, '2022-11-11 09:11:04');
INSERT INTO `votoPopular` VALUES (1788, '', 76, '2022-11-11 09:11:09');
INSERT INTO `votoPopular` VALUES (1789, '', 76, '2022-11-11 09:11:15');
INSERT INTO `votoPopular` VALUES (1790, '', 76, '2022-11-11 09:11:21');
INSERT INTO `votoPopular` VALUES (1791, '', 76, '2022-11-11 09:11:27');
INSERT INTO `votoPopular` VALUES (1792, '', 76, '2022-11-11 09:11:34');
INSERT INTO `votoPopular` VALUES (1793, '', 76, '2022-11-11 09:11:41');
INSERT INTO `votoPopular` VALUES (1794, '', 76, '2022-11-11 09:11:47');
INSERT INTO `votoPopular` VALUES (1795, '', 76, '2022-11-11 09:11:54');
INSERT INTO `votoPopular` VALUES (1796, '', 76, '2022-11-11 09:11:01');
INSERT INTO `votoPopular` VALUES (1797, '', 76, '2022-11-11 09:11:08');
INSERT INTO `votoPopular` VALUES (1798, '', 76, '2022-11-11 09:11:15');
INSERT INTO `votoPopular` VALUES (1799, '', 76, '2022-11-11 09:11:21');
INSERT INTO `votoPopular` VALUES (1800, '', 76, '2022-11-11 09:11:28');
INSERT INTO `votoPopular` VALUES (1801, '', 76, '2022-11-11 09:11:34');
INSERT INTO `votoPopular` VALUES (1802, '', 76, '2022-11-11 09:11:39');
INSERT INTO `votoPopular` VALUES (1803, '', 76, '2022-11-11 09:11:45');
INSERT INTO `votoPopular` VALUES (1804, '', 76, '2022-11-11 09:11:50');
INSERT INTO `votoPopular` VALUES (1805, '', 76, '2022-11-11 09:11:58');
INSERT INTO `votoPopular` VALUES (1806, '', 76, '2022-11-11 09:11:03');
INSERT INTO `votoPopular` VALUES (1807, '', 76, '2022-11-11 09:11:12');
INSERT INTO `votoPopular` VALUES (1808, '', 76, '2022-11-11 09:11:18');
INSERT INTO `votoPopular` VALUES (1809, '', 76, '2022-11-11 09:11:24');
INSERT INTO `votoPopular` VALUES (1810, '', 76, '2022-11-11 09:11:30');
INSERT INTO `votoPopular` VALUES (1811, '', 76, '2022-11-11 09:11:36');
INSERT INTO `votoPopular` VALUES (1812, '', 76, '2022-11-11 09:11:42');
INSERT INTO `votoPopular` VALUES (1813, '', 76, '2022-11-11 09:11:48');
INSERT INTO `votoPopular` VALUES (1814, '', 76, '2022-11-11 09:11:55');
INSERT INTO `votoPopular` VALUES (1815, '', 76, '2022-11-11 09:11:01');
INSERT INTO `votoPopular` VALUES (1816, '', 76, '2022-11-11 09:11:08');
INSERT INTO `votoPopular` VALUES (1817, '', 76, '2022-11-11 09:11:14');
INSERT INTO `votoPopular` VALUES (1818, '', 76, '2022-11-11 09:11:21');
INSERT INTO `votoPopular` VALUES (1819, '', 76, '2022-11-11 09:11:28');
INSERT INTO `votoPopular` VALUES (1820, '', 76, '2022-11-11 09:11:35');
INSERT INTO `votoPopular` VALUES (1821, '', 76, '2022-11-11 09:11:42');
INSERT INTO `votoPopular` VALUES (1822, '', 76, '2022-11-11 09:11:49');
INSERT INTO `votoPopular` VALUES (1823, '', 76, '2022-11-11 09:11:57');
INSERT INTO `votoPopular` VALUES (1824, '', 76, '2022-11-11 09:11:02');
INSERT INTO `votoPopular` VALUES (1825, '', 76, '2022-11-11 09:11:08');
INSERT INTO `votoPopular` VALUES (1826, '', 76, '2022-11-11 09:11:14');
INSERT INTO `votoPopular` VALUES (1827, '', 76, '2022-11-11 09:11:21');
INSERT INTO `votoPopular` VALUES (1828, '', 76, '2022-11-11 09:11:27');
INSERT INTO `votoPopular` VALUES (1829, '', 76, '2022-11-11 09:11:32');
INSERT INTO `votoPopular` VALUES (1830, '', 76, '2022-11-11 09:11:38');
INSERT INTO `votoPopular` VALUES (1831, '', 76, '2022-11-11 09:11:49');
INSERT INTO `votoPopular` VALUES (1832, '', 76, '2022-11-11 09:11:57');
INSERT INTO `votoPopular` VALUES (1833, '', 76, '2022-11-11 09:11:03');
INSERT INTO `votoPopular` VALUES (1834, '', 76, '2022-11-11 09:11:10');
INSERT INTO `votoPopular` VALUES (1835, '', 76, '2022-11-11 09:11:17');
INSERT INTO `votoPopular` VALUES (1836, '', 76, '2022-11-11 09:11:22');
INSERT INTO `votoPopular` VALUES (1837, '', 76, '2022-11-11 09:11:28');
INSERT INTO `votoPopular` VALUES (1838, '', 76, '2022-11-11 09:11:43');
INSERT INTO `votoPopular` VALUES (1839, '', 76, '2022-11-11 09:11:50');
INSERT INTO `votoPopular` VALUES (1840, '', 76, '2022-11-11 09:11:57');
INSERT INTO `votoPopular` VALUES (1841, '', 76, '2022-11-11 09:11:02');
INSERT INTO `votoPopular` VALUES (1842, '', 76, '2022-11-11 09:11:08');
INSERT INTO `votoPopular` VALUES (1843, '', 76, '2022-11-11 09:11:14');
INSERT INTO `votoPopular` VALUES (1844, '', 76, '2022-11-11 09:11:21');
INSERT INTO `votoPopular` VALUES (1845, '', 76, '2022-11-11 09:11:28');
INSERT INTO `votoPopular` VALUES (1846, '', 76, '2022-11-11 09:11:33');
INSERT INTO `votoPopular` VALUES (1847, '', 76, '2022-11-11 09:11:39');
INSERT INTO `votoPopular` VALUES (1848, '', 76, '2022-11-11 09:11:45');
INSERT INTO `votoPopular` VALUES (1849, '', 76, '2022-11-11 09:11:50');
INSERT INTO `votoPopular` VALUES (1850, '', 76, '2022-11-11 09:11:55');
INSERT INTO `votoPopular` VALUES (1851, '', 76, '2022-11-11 09:11:00');
INSERT INTO `votoPopular` VALUES (1852, '', 76, '2022-11-11 09:11:06');
INSERT INTO `votoPopular` VALUES (1853, '', 76, '2022-11-11 09:11:12');
INSERT INTO `votoPopular` VALUES (1854, '', 76, '2022-11-11 09:11:18');
INSERT INTO `votoPopular` VALUES (1855, '', 76, '2022-11-11 09:11:26');
INSERT INTO `votoPopular` VALUES (1856, '', 76, '2022-11-11 09:11:32');
INSERT INTO `votoPopular` VALUES (1857, '', 76, '2022-11-11 09:11:38');
INSERT INTO `votoPopular` VALUES (1858, '', 76, '2022-11-11 09:11:45');
INSERT INTO `votoPopular` VALUES (1859, '', 76, '2022-11-11 09:11:50');
INSERT INTO `votoPopular` VALUES (1860, '', 76, '2022-11-11 09:11:00');
INSERT INTO `votoPopular` VALUES (1861, '', 76, '2022-11-11 09:11:06');
INSERT INTO `votoPopular` VALUES (1862, '', 76, '2022-11-11 09:11:12');
INSERT INTO `votoPopular` VALUES (1863, '', 76, '2022-11-11 09:11:26');
INSERT INTO `votoPopular` VALUES (1864, '', 76, '2022-11-11 09:11:39');
INSERT INTO `votoPopular` VALUES (1865, '', 76, '2022-11-11 09:11:46');
INSERT INTO `votoPopular` VALUES (1866, '', 76, '2022-11-11 09:11:55');
INSERT INTO `votoPopular` VALUES (1867, '', 76, '2022-11-11 09:11:03');
INSERT INTO `votoPopular` VALUES (1868, '', 76, '2022-11-11 09:11:09');
INSERT INTO `votoPopular` VALUES (1869, '', 76, '2022-11-11 09:11:15');
INSERT INTO `votoPopular` VALUES (1870, '', 76, '2022-11-11 09:11:22');
INSERT INTO `votoPopular` VALUES (1871, '', 76, '2022-11-11 09:11:28');
INSERT INTO `votoPopular` VALUES (1872, '', 76, '2022-11-11 09:11:35');
INSERT INTO `votoPopular` VALUES (1873, '', 76, '2022-11-11 09:11:45');
INSERT INTO `votoPopular` VALUES (1874, '', 76, '2022-11-11 09:11:53');
INSERT INTO `votoPopular` VALUES (1875, '', 76, '2022-11-11 09:11:59');
INSERT INTO `votoPopular` VALUES (1876, '', 76, '2022-11-11 09:11:04');
INSERT INTO `votoPopular` VALUES (1877, '', 76, '2022-11-11 09:11:11');
INSERT INTO `votoPopular` VALUES (1878, '', 76, '2022-11-11 09:11:17');
INSERT INTO `votoPopular` VALUES (1879, '', 76, '2022-11-11 09:11:23');
INSERT INTO `votoPopular` VALUES (1880, '', 76, '2022-11-11 09:11:29');
INSERT INTO `votoPopular` VALUES (1881, '', 76, '2022-11-11 09:11:35');
INSERT INTO `votoPopular` VALUES (1882, '', 44, '2022-11-11 09:11:40');
INSERT INTO `votoPopular` VALUES (1883, '', 76, '2022-11-11 09:11:41');
INSERT INTO `votoPopular` VALUES (1884, '', 76, '2022-11-11 09:11:47');
INSERT INTO `votoPopular` VALUES (1885, '', 76, '2022-11-11 09:11:53');
INSERT INTO `votoPopular` VALUES (1886, '', 76, '2022-11-11 09:11:59');
INSERT INTO `votoPopular` VALUES (1887, '', 76, '2022-11-11 09:11:05');
INSERT INTO `votoPopular` VALUES (1888, '5000219423', 44, '2022-11-11 09:11:06');
INSERT INTO `votoPopular` VALUES (1889, '', 76, '2022-11-11 09:11:10');
INSERT INTO `votoPopular` VALUES (1890, '', 76, '2022-11-11 09:11:15');
INSERT INTO `votoPopular` VALUES (1891, '', 76, '2022-11-11 09:11:21');
INSERT INTO `votoPopular` VALUES (1892, '', 76, '2022-11-11 09:11:27');
INSERT INTO `votoPopular` VALUES (1893, '', 76, '2022-11-11 09:11:36');
INSERT INTO `votoPopular` VALUES (1894, '', 76, '2022-11-11 09:11:46');
INSERT INTO `votoPopular` VALUES (1895, '', 76, '2022-11-11 09:11:54');
INSERT INTO `votoPopular` VALUES (1896, '', 76, '2022-11-11 10:11:02');
INSERT INTO `votoPopular` VALUES (1897, '', 76, '2022-11-11 10:11:09');
INSERT INTO `votoPopular` VALUES (1898, '', 76, '2022-11-11 10:11:15');
INSERT INTO `votoPopular` VALUES (1899, '', 76, '2022-11-11 10:11:25');
INSERT INTO `votoPopular` VALUES (1900, '', 76, '2022-11-11 10:11:33');
INSERT INTO `votoPopular` VALUES (1901, '', 76, '2022-11-11 10:11:39');
INSERT INTO `votoPopular` VALUES (1902, '', 76, '2022-11-11 10:11:46');
INSERT INTO `votoPopular` VALUES (1903, '', 76, '2022-11-11 10:11:52');
INSERT INTO `votoPopular` VALUES (1904, '', 76, '2022-11-11 10:11:58');
INSERT INTO `votoPopular` VALUES (1905, '', 76, '2022-11-11 10:11:04');
INSERT INTO `votoPopular` VALUES (1906, '', 76, '2022-11-11 10:11:10');
INSERT INTO `votoPopular` VALUES (1907, '', 76, '2022-11-11 10:11:16');
INSERT INTO `votoPopular` VALUES (1908, '', 76, '2022-11-11 10:11:22');
INSERT INTO `votoPopular` VALUES (1909, '', 76, '2022-11-11 10:11:32');
INSERT INTO `votoPopular` VALUES (1910, '', 76, '2022-11-11 10:11:38');
INSERT INTO `votoPopular` VALUES (1911, '', 76, '2022-11-11 10:11:43');
INSERT INTO `votoPopular` VALUES (1912, '', 76, '2022-11-11 10:11:50');
INSERT INTO `votoPopular` VALUES (1913, '', 76, '2022-11-11 10:11:56');
INSERT INTO `votoPopular` VALUES (1914, '', 76, '2022-11-11 10:11:02');
INSERT INTO `votoPopular` VALUES (1915, '', 76, '2022-11-11 10:11:08');
INSERT INTO `votoPopular` VALUES (1916, '', 76, '2022-11-11 10:11:17');
INSERT INTO `votoPopular` VALUES (1917, '', 76, '2022-11-11 10:11:23');
INSERT INTO `votoPopular` VALUES (1918, '', 76, '2022-11-11 10:11:29');
INSERT INTO `votoPopular` VALUES (1919, '', 76, '2022-11-11 10:11:38');
INSERT INTO `votoPopular` VALUES (1920, '', 76, '2022-11-11 10:11:44');
INSERT INTO `votoPopular` VALUES (1921, '', 76, '2022-11-11 10:11:50');
INSERT INTO `votoPopular` VALUES (1922, '', 76, '2022-11-11 10:11:58');
INSERT INTO `votoPopular` VALUES (1923, '', 76, '2022-11-11 10:11:07');
INSERT INTO `votoPopular` VALUES (1924, '', 76, '2022-11-11 10:11:14');
INSERT INTO `votoPopular` VALUES (1925, '', 76, '2022-11-11 10:11:27');
INSERT INTO `votoPopular` VALUES (1926, '', 76, '2022-11-11 10:11:33');
INSERT INTO `votoPopular` VALUES (1927, '', 76, '2022-11-11 10:11:39');
INSERT INTO `votoPopular` VALUES (1928, '', 76, '2022-11-11 10:11:46');
INSERT INTO `votoPopular` VALUES (1929, '', 76, '2022-11-11 10:11:52');
INSERT INTO `votoPopular` VALUES (1930, '', 76, '2022-11-11 10:11:59');
INSERT INTO `votoPopular` VALUES (1931, '', 76, '2022-11-11 10:11:07');
INSERT INTO `votoPopular` VALUES (1932, '', 76, '2022-11-11 10:11:12');
INSERT INTO `votoPopular` VALUES (1933, '', 76, '2022-11-11 10:11:19');
INSERT INTO `votoPopular` VALUES (1934, '', 76, '2022-11-11 10:11:25');
INSERT INTO `votoPopular` VALUES (1935, '', 76, '2022-11-11 10:11:33');
INSERT INTO `votoPopular` VALUES (1936, '', 76, '2022-11-11 10:11:39');
INSERT INTO `votoPopular` VALUES (1937, '', 76, '2022-11-11 10:11:45');
INSERT INTO `votoPopular` VALUES (1938, '', 76, '2022-11-11 10:11:52');
INSERT INTO `votoPopular` VALUES (1939, '', 76, '2022-11-11 10:11:59');
INSERT INTO `votoPopular` VALUES (1940, '', 76, '2022-11-11 10:11:05');
INSERT INTO `votoPopular` VALUES (1941, '', 76, '2022-11-11 10:11:16');
INSERT INTO `votoPopular` VALUES (1942, '', 76, '2022-11-11 10:11:29');
INSERT INTO `votoPopular` VALUES (1943, '', 76, '2022-11-11 10:11:35');
INSERT INTO `votoPopular` VALUES (1944, '', 76, '2022-11-11 10:11:43');
INSERT INTO `votoPopular` VALUES (1945, '', 76, '2022-11-11 10:11:30');
INSERT INTO `votoPopular` VALUES (1946, '', 76, '2022-11-11 10:11:37');
INSERT INTO `votoPopular` VALUES (1947, '', 76, '2022-11-11 10:11:52');
INSERT INTO `votoPopular` VALUES (1948, '', 76, '2022-11-11 10:11:57');
INSERT INTO `votoPopular` VALUES (1949, '', 76, '2022-11-11 10:11:03');
INSERT INTO `votoPopular` VALUES (1950, '', 76, '2022-11-11 10:11:25');
INSERT INTO `votoPopular` VALUES (1951, '', 76, '2022-11-11 10:11:37');
INSERT INTO `votoPopular` VALUES (1952, '', 76, '2022-11-11 10:11:43');
INSERT INTO `votoPopular` VALUES (1953, '', 76, '2022-11-11 10:11:51');
INSERT INTO `votoPopular` VALUES (1954, '', 76, '2022-11-11 10:11:57');
INSERT INTO `votoPopular` VALUES (1955, '', 76, '2022-11-11 10:11:03');
INSERT INTO `votoPopular` VALUES (1956, '', 76, '2022-11-11 10:11:35');
INSERT INTO `votoPopular` VALUES (1957, '', 76, '2022-11-11 10:11:41');
INSERT INTO `votoPopular` VALUES (1958, '', 76, '2022-11-11 10:11:47');
INSERT INTO `votoPopular` VALUES (1959, '', 76, '2022-11-11 10:11:53');
INSERT INTO `votoPopular` VALUES (1960, '', 76, '2022-11-11 10:11:58');
INSERT INTO `votoPopular` VALUES (1961, '', 76, '2022-11-11 10:11:04');
INSERT INTO `votoPopular` VALUES (1962, '', 76, '2022-11-11 10:11:09');
INSERT INTO `votoPopular` VALUES (1963, '', 76, '2022-11-11 10:11:16');
INSERT INTO `votoPopular` VALUES (1964, '', 76, '2022-11-11 10:11:24');
INSERT INTO `votoPopular` VALUES (1965, '', 76, '2022-11-11 10:11:50');
INSERT INTO `votoPopular` VALUES (1966, '', 76, '2022-11-11 10:11:58');
INSERT INTO `votoPopular` VALUES (1967, '', 76, '2022-11-11 10:11:03');
INSERT INTO `votoPopular` VALUES (1968, '', 76, '2022-11-11 10:11:09');
INSERT INTO `votoPopular` VALUES (1969, '', 76, '2022-11-11 10:11:13');
INSERT INTO `votoPopular` VALUES (1970, '', 76, '2022-11-11 10:11:18');
INSERT INTO `votoPopular` VALUES (1971, '', 76, '2022-11-11 10:11:23');
INSERT INTO `votoPopular` VALUES (1972, '', 76, '2022-11-11 10:11:28');
INSERT INTO `votoPopular` VALUES (1973, '', 76, '2022-11-11 10:11:33');
INSERT INTO `votoPopular` VALUES (1974, '', 76, '2022-11-11 10:11:40');
INSERT INTO `votoPopular` VALUES (1975, '', 76, '2022-11-11 10:11:53');
INSERT INTO `votoPopular` VALUES (1976, '', 76, '2022-11-11 10:11:00');
INSERT INTO `votoPopular` VALUES (1977, '', 76, '2022-11-11 10:11:05');
INSERT INTO `votoPopular` VALUES (1978, '', 76, '2022-11-11 10:11:12');
INSERT INTO `votoPopular` VALUES (1979, '', 76, '2022-11-11 10:11:20');
INSERT INTO `votoPopular` VALUES (1980, '', 76, '2022-11-11 10:11:25');
INSERT INTO `votoPopular` VALUES (1981, '', 76, '2022-11-11 10:11:26');
INSERT INTO `votoPopular` VALUES (1982, '', 76, '2022-11-11 10:11:48');
INSERT INTO `votoPopular` VALUES (1983, '', 76, '2022-11-11 10:11:54');
INSERT INTO `votoPopular` VALUES (1984, '', 76, '2022-11-11 10:11:00');
INSERT INTO `votoPopular` VALUES (1985, '', 76, '2022-11-11 10:11:05');
INSERT INTO `votoPopular` VALUES (1986, '', 76, '2022-11-11 10:11:10');
INSERT INTO `votoPopular` VALUES (1987, '', 76, '2022-11-11 10:11:58');
INSERT INTO `votoPopular` VALUES (1988, '', 76, '2022-11-11 10:11:03');
INSERT INTO `votoPopular` VALUES (1989, '', 76, '2022-11-11 10:11:08');
INSERT INTO `votoPopular` VALUES (1990, '', 76, '2022-11-11 10:11:13');
INSERT INTO `votoPopular` VALUES (1991, '', 76, '2022-11-11 10:11:18');
INSERT INTO `votoPopular` VALUES (1992, '', 76, '2022-11-11 10:11:24');
INSERT INTO `votoPopular` VALUES (1993, '', 76, '2022-11-11 10:11:29');
INSERT INTO `votoPopular` VALUES (1994, '', 76, '2022-11-11 10:11:36');
INSERT INTO `votoPopular` VALUES (1995, '', 76, '2022-11-11 10:11:41');
INSERT INTO `votoPopular` VALUES (1996, '', 76, '2022-11-11 10:11:46');
INSERT INTO `votoPopular` VALUES (1997, '', 76, '2022-11-11 10:11:04');
INSERT INTO `votoPopular` VALUES (1998, '', 76, '2022-11-11 10:11:09');
INSERT INTO `votoPopular` VALUES (1999, '', 76, '2022-11-11 10:11:15');
INSERT INTO `votoPopular` VALUES (2000, '', 76, '2022-11-11 10:11:22');
INSERT INTO `votoPopular` VALUES (2001, '', 76, '2022-11-11 10:11:26');
INSERT INTO `votoPopular` VALUES (2002, '', 76, '2022-11-11 10:11:36');
INSERT INTO `votoPopular` VALUES (2003, '', 76, '2022-11-11 10:11:41');
INSERT INTO `votoPopular` VALUES (2004, '', 76, '2022-11-11 10:11:11');
INSERT INTO `votoPopular` VALUES (2005, '', 76, '2022-11-11 10:11:19');
INSERT INTO `votoPopular` VALUES (2006, '', 76, '2022-11-11 10:11:24');
INSERT INTO `votoPopular` VALUES (2007, '', 76, '2022-11-11 10:11:29');
INSERT INTO `votoPopular` VALUES (2008, '', 76, '2022-11-11 10:11:36');
INSERT INTO `votoPopular` VALUES (2009, '', 76, '2022-11-11 10:11:41');
INSERT INTO `votoPopular` VALUES (2010, '', 76, '2022-11-11 10:11:48');
INSERT INTO `votoPopular` VALUES (2011, '', 76, '2022-11-11 10:11:52');
INSERT INTO `votoPopular` VALUES (2012, '', 76, '2022-11-11 10:11:57');
INSERT INTO `votoPopular` VALUES (2013, '', 76, '2022-11-11 10:11:03');
INSERT INTO `votoPopular` VALUES (2014, '', 76, '2022-11-11 10:11:17');
INSERT INTO `votoPopular` VALUES (2015, '', 76, '2022-11-11 10:11:23');
INSERT INTO `votoPopular` VALUES (2016, '', 76, '2022-11-11 10:11:27');
INSERT INTO `votoPopular` VALUES (2017, '', 76, '2022-11-11 10:11:32');
INSERT INTO `votoPopular` VALUES (2018, '', 76, '2022-11-11 10:11:37');
INSERT INTO `votoPopular` VALUES (2019, '', 76, '2022-11-11 10:11:41');
INSERT INTO `votoPopular` VALUES (2020, '', 76, '2022-11-11 10:11:47');
INSERT INTO `votoPopular` VALUES (2021, '', 76, '2022-11-11 10:11:52');
INSERT INTO `votoPopular` VALUES (2022, '', 76, '2022-11-11 10:11:57');
INSERT INTO `votoPopular` VALUES (2023, '', 76, '2022-11-11 10:11:03');
INSERT INTO `votoPopular` VALUES (2024, '', 76, '2022-11-11 10:11:09');
INSERT INTO `votoPopular` VALUES (2025, '', 76, '2022-11-11 10:11:13');
INSERT INTO `votoPopular` VALUES (2026, '', 76, '2022-11-11 10:11:18');
INSERT INTO `votoPopular` VALUES (2027, '', 76, '2022-11-11 10:11:23');
INSERT INTO `votoPopular` VALUES (2028, '', 76, '2022-11-11 10:11:30');
INSERT INTO `votoPopular` VALUES (2029, '', 76, '2022-11-11 10:11:34');
INSERT INTO `votoPopular` VALUES (2030, '', 76, '2022-11-11 10:11:43');
INSERT INTO `votoPopular` VALUES (2031, '', 76, '2022-11-11 10:11:48');
INSERT INTO `votoPopular` VALUES (2032, '', 76, '2022-11-11 10:11:54');
INSERT INTO `votoPopular` VALUES (2033, '', 76, '2022-11-11 10:11:59');
INSERT INTO `votoPopular` VALUES (2034, '', 76, '2022-11-11 10:11:07');
INSERT INTO `votoPopular` VALUES (2035, '', 76, '2022-11-11 10:11:13');
INSERT INTO `votoPopular` VALUES (2036, '', 76, '2022-11-11 10:11:18');
INSERT INTO `votoPopular` VALUES (2037, '', 76, '2022-11-11 10:11:25');
INSERT INTO `votoPopular` VALUES (2038, '', 76, '2022-11-11 10:11:29');
INSERT INTO `votoPopular` VALUES (2039, '', 76, '2022-11-11 10:11:23');
INSERT INTO `votoPopular` VALUES (2040, '', 76, '2022-11-11 10:11:59');
INSERT INTO `votoPopular` VALUES (2041, '', 76, '2022-11-11 10:11:31');
INSERT INTO `votoPopular` VALUES (2042, '', 76, '2022-11-11 10:11:00');
INSERT INTO `votoPopular` VALUES (2043, '', 76, '2022-11-11 10:11:06');
INSERT INTO `votoPopular` VALUES (2044, '', 76, '2022-11-11 10:11:12');
INSERT INTO `votoPopular` VALUES (2045, '', 76, '2022-11-11 10:11:23');
INSERT INTO `votoPopular` VALUES (2046, '', 76, '2022-11-11 10:11:28');
INSERT INTO `votoPopular` VALUES (2047, '', 76, '2022-11-11 10:11:33');
INSERT INTO `votoPopular` VALUES (2048, '', 76, '2022-11-11 10:11:40');
INSERT INTO `votoPopular` VALUES (2049, '', 76, '2022-11-11 10:11:48');
INSERT INTO `votoPopular` VALUES (2050, '', 76, '2022-11-11 10:11:55');
INSERT INTO `votoPopular` VALUES (2051, '', 76, '2022-11-11 10:11:00');
INSERT INTO `votoPopular` VALUES (2052, '', 76, '2022-11-11 10:11:05');
INSERT INTO `votoPopular` VALUES (2053, '', 76, '2022-11-11 10:11:10');
INSERT INTO `votoPopular` VALUES (2054, '', 76, '2022-11-11 10:11:15');
INSERT INTO `votoPopular` VALUES (2055, '', 76, '2022-11-11 10:11:20');
INSERT INTO `votoPopular` VALUES (2056, '', 76, '2022-11-11 10:11:24');
INSERT INTO `votoPopular` VALUES (2057, '', 76, '2022-11-11 10:11:33');
INSERT INTO `votoPopular` VALUES (2058, '', 76, '2022-11-11 10:11:40');
INSERT INTO `votoPopular` VALUES (2059, '', 76, '2022-11-11 10:11:45');
INSERT INTO `votoPopular` VALUES (2060, '', 76, '2022-11-11 10:11:51');
INSERT INTO `votoPopular` VALUES (2061, '', 76, '2022-11-11 10:11:58');
INSERT INTO `votoPopular` VALUES (2062, '', 76, '2022-11-11 10:11:03');
INSERT INTO `votoPopular` VALUES (2063, '', 76, '2022-11-11 10:11:08');
INSERT INTO `votoPopular` VALUES (2064, '', 76, '2022-11-11 10:11:13');
INSERT INTO `votoPopular` VALUES (2065, '', 76, '2022-11-11 10:11:18');
INSERT INTO `votoPopular` VALUES (2066, '', 76, '2022-11-11 10:11:26');
INSERT INTO `votoPopular` VALUES (2067, '', 76, '2022-11-11 10:11:31');
INSERT INTO `votoPopular` VALUES (2068, '', 76, '2022-11-11 10:11:36');
INSERT INTO `votoPopular` VALUES (2069, '', 76, '2022-11-11 10:11:28');
INSERT INTO `votoPopular` VALUES (2070, '', 76, '2022-11-11 10:11:33');
INSERT INTO `votoPopular` VALUES (2071, '', 76, '2022-11-11 10:11:41');
INSERT INTO `votoPopular` VALUES (2072, '', 76, '2022-11-11 10:11:47');
INSERT INTO `votoPopular` VALUES (2073, '', 76, '2022-11-11 10:11:52');
INSERT INTO `votoPopular` VALUES (2074, '', 76, '2022-11-11 10:11:57');
INSERT INTO `votoPopular` VALUES (2075, '5000226009', 49, '2022-11-11 10:11:00');
INSERT INTO `votoPopular` VALUES (2076, '', 76, '2022-11-11 10:11:03');
INSERT INTO `votoPopular` VALUES (2077, '', 76, '2022-11-11 10:11:09');
INSERT INTO `votoPopular` VALUES (2078, '', 76, '2022-11-11 10:11:14');
INSERT INTO `votoPopular` VALUES (2079, '', 76, '2022-11-11 10:11:19');
INSERT INTO `votoPopular` VALUES (2080, '', 76, '2022-11-11 10:11:24');
INSERT INTO `votoPopular` VALUES (2081, '', 76, '2022-11-11 10:11:30');
INSERT INTO `votoPopular` VALUES (2082, '', 76, '2022-11-11 10:11:37');
INSERT INTO `votoPopular` VALUES (2083, '', 76, '2022-11-11 10:11:43');
INSERT INTO `votoPopular` VALUES (2084, '', 76, '2022-11-11 10:11:48');
INSERT INTO `votoPopular` VALUES (2085, '', 76, '2022-11-11 10:11:53');
INSERT INTO `votoPopular` VALUES (2086, '', 76, '2022-11-11 10:11:59');
INSERT INTO `votoPopular` VALUES (2087, '', 76, '2022-11-11 10:11:06');
INSERT INTO `votoPopular` VALUES (2088, '', 76, '2022-11-11 10:11:17');
INSERT INTO `votoPopular` VALUES (2089, '', 76, '2022-11-11 10:11:24');
INSERT INTO `votoPopular` VALUES (2090, '', 76, '2022-11-11 10:11:29');
INSERT INTO `votoPopular` VALUES (2091, '', 76, '2022-11-11 10:11:34');
INSERT INTO `votoPopular` VALUES (2092, '', 76, '2022-11-11 10:11:39');
INSERT INTO `votoPopular` VALUES (2093, '', 76, '2022-11-11 10:11:45');
INSERT INTO `votoPopular` VALUES (2094, '', 76, '2022-11-11 10:11:50');
INSERT INTO `votoPopular` VALUES (2095, '', 76, '2022-11-11 10:11:55');
INSERT INTO `votoPopular` VALUES (2096, '', 76, '2022-11-11 10:11:00');
INSERT INTO `votoPopular` VALUES (2097, '', 76, '2022-11-11 10:11:07');
INSERT INTO `votoPopular` VALUES (2098, '', 76, '2022-11-11 10:11:13');
INSERT INTO `votoPopular` VALUES (2099, '', 76, '2022-11-11 10:11:24');
INSERT INTO `votoPopular` VALUES (2100, '', 76, '2022-11-11 10:11:34');
INSERT INTO `votoPopular` VALUES (2101, '', 76, '2022-11-11 10:11:41');
INSERT INTO `votoPopular` VALUES (2102, '', 76, '2022-11-11 10:11:48');
INSERT INTO `votoPopular` VALUES (2103, '', 76, '2022-11-11 10:11:08');
INSERT INTO `votoPopular` VALUES (2104, '', 76, '2022-11-11 10:11:17');
INSERT INTO `votoPopular` VALUES (2105, '', 76, '2022-11-11 10:11:27');
INSERT INTO `votoPopular` VALUES (2106, '', 76, '2022-11-11 10:11:33');
INSERT INTO `votoPopular` VALUES (2107, '', 76, '2022-11-11 10:11:43');
INSERT INTO `votoPopular` VALUES (2108, '', 76, '2022-11-11 10:11:49');
INSERT INTO `votoPopular` VALUES (2109, '', 76, '2022-11-11 10:11:54');
INSERT INTO `votoPopular` VALUES (2110, '5000215273', 44, '2022-11-11 10:11:57');
INSERT INTO `votoPopular` VALUES (2111, '', 76, '2022-11-11 10:11:59');
INSERT INTO `votoPopular` VALUES (2112, '', 76, '2022-11-11 10:11:05');
INSERT INTO `votoPopular` VALUES (2113, '', 76, '2022-11-11 10:11:11');
INSERT INTO `votoPopular` VALUES (2114, '', 76, '2022-11-11 10:11:17');
INSERT INTO `votoPopular` VALUES (2115, '', 76, '2022-11-11 10:11:23');
INSERT INTO `votoPopular` VALUES (2116, '', 76, '2022-11-11 10:11:29');
INSERT INTO `votoPopular` VALUES (2117, '', 76, '2022-11-11 10:11:35');
INSERT INTO `votoPopular` VALUES (2118, '', 76, '2022-11-11 10:11:40');
INSERT INTO `votoPopular` VALUES (2119, '', 76, '2022-11-11 10:11:45');
INSERT INTO `votoPopular` VALUES (2120, '', 76, '2022-11-11 10:11:51');
INSERT INTO `votoPopular` VALUES (2121, '', 76, '2022-11-11 10:11:56');
INSERT INTO `votoPopular` VALUES (2122, '', 76, '2022-11-11 10:11:02');
INSERT INTO `votoPopular` VALUES (2123, '', 76, '2022-11-11 10:11:10');
INSERT INTO `votoPopular` VALUES (2124, '', 76, '2022-11-11 10:11:16');
INSERT INTO `votoPopular` VALUES (2125, '', 76, '2022-11-11 10:11:21');
INSERT INTO `votoPopular` VALUES (2126, '', 76, '2022-11-11 10:11:26');
INSERT INTO `votoPopular` VALUES (2127, '', 76, '2022-11-11 10:11:32');
INSERT INTO `votoPopular` VALUES (2128, '', 76, '2022-11-11 10:11:38');
INSERT INTO `votoPopular` VALUES (2129, '', 76, '2022-11-11 10:11:43');
INSERT INTO `votoPopular` VALUES (2130, '', 76, '2022-11-11 10:11:50');
INSERT INTO `votoPopular` VALUES (2131, '', 76, '2022-11-11 10:11:54');
INSERT INTO `votoPopular` VALUES (2132, '', 76, '2022-11-11 10:11:02');
INSERT INTO `votoPopular` VALUES (2133, '', 76, '2022-11-11 10:11:07');
INSERT INTO `votoPopular` VALUES (2134, '', 76, '2022-11-11 10:11:13');
INSERT INTO `votoPopular` VALUES (2135, '', 76, '2022-11-11 10:11:19');
INSERT INTO `votoPopular` VALUES (2136, '', 76, '2022-11-11 10:11:25');
INSERT INTO `votoPopular` VALUES (2137, '', 76, '2022-11-11 10:11:50');
INSERT INTO `votoPopular` VALUES (2138, '', 76, '2022-11-11 10:11:55');
INSERT INTO `votoPopular` VALUES (2139, '', 76, '2022-11-11 10:11:01');
INSERT INTO `votoPopular` VALUES (2140, '', 76, '2022-11-11 10:11:07');
INSERT INTO `votoPopular` VALUES (2141, '', 76, '2022-11-11 10:11:19');
INSERT INTO `votoPopular` VALUES (2142, '', 76, '2022-11-11 10:11:25');
INSERT INTO `votoPopular` VALUES (2143, '', 76, '2022-11-11 10:11:30');
INSERT INTO `votoPopular` VALUES (2144, '', 76, '2022-11-11 10:11:46');
INSERT INTO `votoPopular` VALUES (2145, '', 76, '2022-11-11 10:11:51');
INSERT INTO `votoPopular` VALUES (2146, '', 76, '2022-11-11 10:11:58');
INSERT INTO `votoPopular` VALUES (2147, '', 76, '2022-11-11 10:11:03');
INSERT INTO `votoPopular` VALUES (2148, '', 76, '2022-11-11 10:11:09');
INSERT INTO `votoPopular` VALUES (2149, '', 76, '2022-11-11 10:11:16');
INSERT INTO `votoPopular` VALUES (2150, '', 76, '2022-11-11 10:11:22');
INSERT INTO `votoPopular` VALUES (2151, '', 76, '2022-11-11 10:11:28');
INSERT INTO `votoPopular` VALUES (2152, '', 76, '2022-11-11 10:11:33');
INSERT INTO `votoPopular` VALUES (2153, '', 76, '2022-11-11 10:11:37');
INSERT INTO `votoPopular` VALUES (2154, '', 76, '2022-11-11 10:11:43');
INSERT INTO `votoPopular` VALUES (2155, '', 76, '2022-11-11 10:11:50');
INSERT INTO `votoPopular` VALUES (2156, '', 76, '2022-11-11 10:11:56');
INSERT INTO `votoPopular` VALUES (2157, '', 76, '2022-11-11 10:11:00');
INSERT INTO `votoPopular` VALUES (2158, '', 76, '2022-11-11 10:11:05');
INSERT INTO `votoPopular` VALUES (2159, '', 76, '2022-11-11 10:11:10');
INSERT INTO `votoPopular` VALUES (2160, '', 76, '2022-11-11 10:11:15');
INSERT INTO `votoPopular` VALUES (2161, '', 76, '2022-11-11 10:11:21');
INSERT INTO `votoPopular` VALUES (2162, '', 76, '2022-11-11 10:11:28');
INSERT INTO `votoPopular` VALUES (2163, '', 76, '2022-11-11 10:11:33');
INSERT INTO `votoPopular` VALUES (2164, '', 76, '2022-11-11 10:11:38');
INSERT INTO `votoPopular` VALUES (2165, '', 76, '2022-11-11 10:11:47');
INSERT INTO `votoPopular` VALUES (2166, '', 76, '2022-11-11 10:11:53');
INSERT INTO `votoPopular` VALUES (2167, '', 76, '2022-11-11 10:11:59');
INSERT INTO `votoPopular` VALUES (2168, '', 76, '2022-11-11 10:11:04');
INSERT INTO `votoPopular` VALUES (2169, '', 76, '2022-11-11 10:11:15');
INSERT INTO `votoPopular` VALUES (2170, '', 76, '2022-11-11 10:11:19');
INSERT INTO `votoPopular` VALUES (2171, '', 76, '2022-11-11 10:11:25');
INSERT INTO `votoPopular` VALUES (2172, '', 76, '2022-11-11 10:11:32');
INSERT INTO `votoPopular` VALUES (2173, '', 76, '2022-11-11 10:11:38');
INSERT INTO `votoPopular` VALUES (2174, '', 76, '2022-11-11 10:11:44');
INSERT INTO `votoPopular` VALUES (2175, '', 76, '2022-11-11 10:11:51');
INSERT INTO `votoPopular` VALUES (2176, '', 76, '2022-11-11 10:11:57');
INSERT INTO `votoPopular` VALUES (2177, '', 76, '2022-11-11 10:11:02');
INSERT INTO `votoPopular` VALUES (2178, '', 76, '2022-11-11 10:11:08');
INSERT INTO `votoPopular` VALUES (2179, '', 76, '2022-11-11 10:11:35');
INSERT INTO `votoPopular` VALUES (2180, '1000188908', 69, '2022-11-11 10:11:36');
INSERT INTO `votoPopular` VALUES (2181, '5000203781', 44, '2022-11-11 10:11:11');
INSERT INTO `votoPopular` VALUES (2182, '', 76, '2022-11-11 10:11:56');
INSERT INTO `votoPopular` VALUES (2183, '', 76, '2022-11-11 10:11:07');
INSERT INTO `votoPopular` VALUES (2184, '', 76, '2022-11-11 10:11:12');
INSERT INTO `votoPopular` VALUES (2185, '', 76, '2022-11-11 10:11:18');
INSERT INTO `votoPopular` VALUES (2186, '', 76, '2022-11-11 10:11:27');
INSERT INTO `votoPopular` VALUES (2187, '', 76, '2022-11-11 10:11:33');
INSERT INTO `votoPopular` VALUES (2188, '', 76, '2022-11-11 10:11:39');
INSERT INTO `votoPopular` VALUES (2189, '', 76, '2022-11-11 10:11:44');
INSERT INTO `votoPopular` VALUES (2190, '', 76, '2022-11-11 10:11:32');
INSERT INTO `votoPopular` VALUES (2191, '', 76, '2022-11-11 10:11:38');
INSERT INTO `votoPopular` VALUES (2192, '', 76, '2022-11-11 10:11:44');
INSERT INTO `votoPopular` VALUES (2193, '', 76, '2022-11-11 10:11:50');
INSERT INTO `votoPopular` VALUES (2194, '', 76, '2022-11-11 10:11:55');
INSERT INTO `votoPopular` VALUES (2195, '', 76, '2022-11-11 10:11:00');
INSERT INTO `votoPopular` VALUES (2196, '', 76, '2022-11-11 10:11:05');
INSERT INTO `votoPopular` VALUES (2197, '', 76, '2022-11-11 10:11:11');
INSERT INTO `votoPopular` VALUES (2198, '', 76, '2022-11-11 10:11:16');
INSERT INTO `votoPopular` VALUES (2199, '', 76, '2022-11-11 10:11:22');
INSERT INTO `votoPopular` VALUES (2200, '', 76, '2022-11-11 10:11:27');
INSERT INTO `votoPopular` VALUES (2201, '', 76, '2022-11-11 10:11:39');
INSERT INTO `votoPopular` VALUES (2202, '', 76, '2022-11-11 10:11:49');
INSERT INTO `votoPopular` VALUES (2203, '', 76, '2022-11-11 10:11:53');
INSERT INTO `votoPopular` VALUES (2204, '', 76, '2022-11-11 10:11:00');
INSERT INTO `votoPopular` VALUES (2205, '', 76, '2022-11-11 10:11:10');
INSERT INTO `votoPopular` VALUES (2206, '', 76, '2022-11-11 10:11:14');
INSERT INTO `votoPopular` VALUES (2207, '', 76, '2022-11-11 10:11:21');
INSERT INTO `votoPopular` VALUES (2208, '', 76, '2022-11-11 10:11:28');
INSERT INTO `votoPopular` VALUES (2209, '', 76, '2022-11-11 10:11:39');
INSERT INTO `votoPopular` VALUES (2210, '', 76, '2022-11-11 10:11:46');
INSERT INTO `votoPopular` VALUES (2211, '', 76, '2022-11-11 10:11:52');
INSERT INTO `votoPopular` VALUES (2212, '', 76, '2022-11-11 10:11:57');
INSERT INTO `votoPopular` VALUES (2213, '', 76, '2022-11-11 10:11:02');
INSERT INTO `votoPopular` VALUES (2214, '', 76, '2022-11-11 10:11:08');
INSERT INTO `votoPopular` VALUES (2215, '', 76, '2022-11-11 10:11:13');
INSERT INTO `votoPopular` VALUES (2216, '', 76, '2022-11-11 10:11:19');
INSERT INTO `votoPopular` VALUES (2217, '', 76, '2022-11-11 10:11:24');
INSERT INTO `votoPopular` VALUES (2218, '', 76, '2022-11-11 10:11:30');
INSERT INTO `votoPopular` VALUES (2219, '', 76, '2022-11-11 10:11:35');
INSERT INTO `votoPopular` VALUES (2220, '', 76, '2022-11-11 10:11:41');
INSERT INTO `votoPopular` VALUES (2221, '', 76, '2022-11-11 10:11:46');
INSERT INTO `votoPopular` VALUES (2222, '', 76, '2022-11-11 10:11:51');
INSERT INTO `votoPopular` VALUES (2223, '', 76, '2022-11-11 10:11:56');
INSERT INTO `votoPopular` VALUES (2224, '', 76, '2022-11-11 10:11:01');
INSERT INTO `votoPopular` VALUES (2225, '', 76, '2022-11-11 10:11:09');
INSERT INTO `votoPopular` VALUES (2226, '', 76, '2022-11-11 10:11:15');
INSERT INTO `votoPopular` VALUES (2227, '', 76, '2022-11-11 10:11:21');
INSERT INTO `votoPopular` VALUES (2228, '', 76, '2022-11-11 10:11:31');
INSERT INTO `votoPopular` VALUES (2229, '', 76, '2022-11-11 10:11:39');
INSERT INTO `votoPopular` VALUES (2230, '5000228802', 14, '2022-11-11 10:11:58');
INSERT INTO `votoPopular` VALUES (2231, '', 76, '2022-11-11 10:11:17');
INSERT INTO `votoPopular` VALUES (2232, '', 76, '2022-11-11 10:11:24');
INSERT INTO `votoPopular` VALUES (2233, '', 76, '2022-11-11 10:11:32');
INSERT INTO `votoPopular` VALUES (2234, '', 76, '2022-11-11 10:11:39');
INSERT INTO `votoPopular` VALUES (2235, '', 76, '2022-11-11 10:11:45');
INSERT INTO `votoPopular` VALUES (2236, '', 76, '2022-11-11 10:11:50');
INSERT INTO `votoPopular` VALUES (2237, '', 76, '2022-11-11 10:11:55');
INSERT INTO `votoPopular` VALUES (2238, '', 76, '2022-11-11 10:11:02');
INSERT INTO `votoPopular` VALUES (2239, '', 76, '2022-11-11 10:11:06');
INSERT INTO `votoPopular` VALUES (2240, '', 76, '2022-11-11 10:11:12');
INSERT INTO `votoPopular` VALUES (2241, '', 76, '2022-11-11 10:11:17');
INSERT INTO `votoPopular` VALUES (2242, '', 76, '2022-11-11 10:11:22');
INSERT INTO `votoPopular` VALUES (2243, '', 76, '2022-11-11 10:11:29');
INSERT INTO `votoPopular` VALUES (2244, '', 76, '2022-11-11 10:11:36');
INSERT INTO `votoPopular` VALUES (2245, '', 76, '2022-11-11 10:11:41');
INSERT INTO `votoPopular` VALUES (2246, '', 76, '2022-11-11 10:11:47');
INSERT INTO `votoPopular` VALUES (2247, '', 76, '2022-11-11 10:11:54');
INSERT INTO `votoPopular` VALUES (2248, '', 76, '2022-11-11 10:11:00');
INSERT INTO `votoPopular` VALUES (2249, '', 76, '2022-11-11 10:11:06');
INSERT INTO `votoPopular` VALUES (2250, '5000234710', 46, '2022-11-11 10:11:38');
INSERT INTO `votoPopular` VALUES (2251, '5000229195', 46, '2022-11-11 10:11:52');
INSERT INTO `votoPopular` VALUES (2252, '', 76, '2022-11-11 10:11:52');
INSERT INTO `votoPopular` VALUES (2253, '5000228947', 46, '2022-11-11 10:11:11');
INSERT INTO `votoPopular` VALUES (2254, '5000225689', 14, '2022-11-11 11:11:52');
INSERT INTO `votoPopular` VALUES (2255, '5000228308', 46, '2022-11-11 11:11:26');
INSERT INTO `votoPopular` VALUES (2256, '', 76, '2022-11-11 11:11:46');
INSERT INTO `votoPopular` VALUES (2257, '', 76, '2022-11-11 11:11:51');
INSERT INTO `votoPopular` VALUES (2258, '', 76, '2022-11-11 11:11:57');
INSERT INTO `votoPopular` VALUES (2259, '', 76, '2022-11-11 11:11:03');
INSERT INTO `votoPopular` VALUES (2260, '', 76, '2022-11-11 11:11:09');
INSERT INTO `votoPopular` VALUES (2261, '', 76, '2022-11-11 11:11:15');
INSERT INTO `votoPopular` VALUES (2262, '', 76, '2022-11-11 11:11:21');
INSERT INTO `votoPopular` VALUES (2263, '', 76, '2022-11-11 11:11:27');
INSERT INTO `votoPopular` VALUES (2264, '', 76, '2022-11-11 11:11:33');
INSERT INTO `votoPopular` VALUES (2265, '', 76, '2022-11-11 11:11:39');
INSERT INTO `votoPopular` VALUES (2266, '', 76, '2022-11-11 11:11:45');
INSERT INTO `votoPopular` VALUES (2267, '', 76, '2022-11-11 11:11:53');
INSERT INTO `votoPopular` VALUES (2268, '', 76, '2022-11-11 11:11:05');
INSERT INTO `votoPopular` VALUES (2269, '', 76, '2022-11-11 11:11:12');
INSERT INTO `votoPopular` VALUES (2270, '', 76, '2022-11-11 11:11:18');
INSERT INTO `votoPopular` VALUES (2271, '', 76, '2022-11-11 11:11:24');
INSERT INTO `votoPopular` VALUES (2272, '', 76, '2022-11-11 11:11:29');
INSERT INTO `votoPopular` VALUES (2273, '', 76, '2022-11-11 11:11:35');
INSERT INTO `votoPopular` VALUES (2274, '', 76, '2022-11-11 11:11:41');
INSERT INTO `votoPopular` VALUES (2275, '', 76, '2022-11-11 11:11:46');
INSERT INTO `votoPopular` VALUES (2276, '', 76, '2022-11-11 11:11:51');
INSERT INTO `votoPopular` VALUES (2277, '', 76, '2022-11-11 11:11:57');
INSERT INTO `votoPopular` VALUES (2278, '', 76, '2022-11-11 11:11:04');
INSERT INTO `votoPopular` VALUES (2279, '5000218236', 48, '2022-11-11 11:11:07');
INSERT INTO `votoPopular` VALUES (2280, '', 76, '2022-11-11 11:11:10');
INSERT INTO `votoPopular` VALUES (2281, '', 76, '2022-11-11 11:11:15');
INSERT INTO `votoPopular` VALUES (2282, '', 76, '2022-11-11 11:11:20');
INSERT INTO `votoPopular` VALUES (2283, '', 76, '2022-11-11 11:11:25');
INSERT INTO `votoPopular` VALUES (2284, '', 76, '2022-11-11 11:11:31');
INSERT INTO `votoPopular` VALUES (2285, '', 76, '2022-11-11 11:11:42');
INSERT INTO `votoPopular` VALUES (2286, '', 76, '2022-11-11 11:11:47');
INSERT INTO `votoPopular` VALUES (2287, '', 76, '2022-11-11 11:11:52');
INSERT INTO `votoPopular` VALUES (2288, '', 76, '2022-11-11 11:11:57');
INSERT INTO `votoPopular` VALUES (2289, '', 76, '2022-11-11 11:11:03');
INSERT INTO `votoPopular` VALUES (2290, '', 76, '2022-11-11 11:11:10');
INSERT INTO `votoPopular` VALUES (2291, '', 76, '2022-11-11 11:11:17');
INSERT INTO `votoPopular` VALUES (2292, '', 76, '2022-11-11 11:11:25');
INSERT INTO `votoPopular` VALUES (2293, '', 76, '2022-11-11 11:11:31');
INSERT INTO `votoPopular` VALUES (2294, '', 76, '2022-11-11 11:11:38');
INSERT INTO `votoPopular` VALUES (2295, '5000206193', 29, '2022-11-11 11:11:43');
INSERT INTO `votoPopular` VALUES (2296, '', 76, '2022-11-11 11:11:44');
INSERT INTO `votoPopular` VALUES (2297, '', 76, '2022-11-11 11:11:50');
INSERT INTO `votoPopular` VALUES (2298, '', 76, '2022-11-11 11:11:59');
INSERT INTO `votoPopular` VALUES (2299, '', 76, '2022-11-11 11:11:05');
INSERT INTO `votoPopular` VALUES (2300, '', 76, '2022-11-11 11:11:12');
INSERT INTO `votoPopular` VALUES (2301, '', 76, '2022-11-11 11:11:21');
INSERT INTO `votoPopular` VALUES (2302, '', 76, '2022-11-11 11:11:27');
INSERT INTO `votoPopular` VALUES (2303, '', 76, '2022-11-11 11:11:32');
INSERT INTO `votoPopular` VALUES (2304, '', 76, '2022-11-11 11:11:38');
INSERT INTO `votoPopular` VALUES (2305, '', 76, '2022-11-11 11:11:44');
INSERT INTO `votoPopular` VALUES (2306, '', 76, '2022-11-11 11:11:49');
INSERT INTO `votoPopular` VALUES (2307, '', 76, '2022-11-11 11:11:56');
INSERT INTO `votoPopular` VALUES (2308, '', 76, '2022-11-11 11:11:12');
INSERT INTO `votoPopular` VALUES (2309, '', 76, '2022-11-11 11:11:19');
INSERT INTO `votoPopular` VALUES (2310, '', 76, '2022-11-11 11:11:26');
INSERT INTO `votoPopular` VALUES (2311, '', 76, '2022-11-11 11:11:31');
INSERT INTO `votoPopular` VALUES (2312, '', 76, '2022-11-11 11:11:38');
INSERT INTO `votoPopular` VALUES (2313, '', 76, '2022-11-11 11:11:43');
INSERT INTO `votoPopular` VALUES (2314, '', 76, '2022-11-11 11:11:49');
INSERT INTO `votoPopular` VALUES (2315, '', 76, '2022-11-11 11:11:55');
INSERT INTO `votoPopular` VALUES (2316, '', 76, '2022-11-11 11:11:02');
INSERT INTO `votoPopular` VALUES (2317, '', 76, '2022-11-11 11:11:09');
INSERT INTO `votoPopular` VALUES (2318, '', 76, '2022-11-11 11:11:16');
INSERT INTO `votoPopular` VALUES (2319, '', 76, '2022-11-11 11:11:21');
INSERT INTO `votoPopular` VALUES (2320, '', 76, '2022-11-11 11:11:27');
INSERT INTO `votoPopular` VALUES (2321, '', 76, '2022-11-11 11:11:34');
INSERT INTO `votoPopular` VALUES (2322, '', 76, '2022-11-11 11:11:40');
INSERT INTO `votoPopular` VALUES (2323, '', 76, '2022-11-11 11:11:46');
INSERT INTO `votoPopular` VALUES (2324, '', 76, '2022-11-11 11:11:54');
INSERT INTO `votoPopular` VALUES (2325, '', 76, '2022-11-11 11:11:01');
INSERT INTO `votoPopular` VALUES (2326, '', 76, '2022-11-11 11:11:07');
INSERT INTO `votoPopular` VALUES (2327, '', 76, '2022-11-11 11:11:13');
INSERT INTO `votoPopular` VALUES (2328, '', 76, '2022-11-11 11:11:19');
INSERT INTO `votoPopular` VALUES (2329, '', 76, '2022-11-11 11:11:25');
INSERT INTO `votoPopular` VALUES (2330, '', 76, '2022-11-11 11:11:31');
INSERT INTO `votoPopular` VALUES (2331, '', 76, '2022-11-11 11:11:37');
INSERT INTO `votoPopular` VALUES (2332, '', 76, '2022-11-11 11:11:42');
INSERT INTO `votoPopular` VALUES (2333, '', 76, '2022-11-11 11:11:51');
INSERT INTO `votoPopular` VALUES (2334, '', 76, '2022-11-11 11:11:56');
INSERT INTO `votoPopular` VALUES (2335, '', 76, '2022-11-11 11:11:01');
INSERT INTO `votoPopular` VALUES (2336, '', 76, '2022-11-11 11:11:07');
INSERT INTO `votoPopular` VALUES (2337, '', 76, '2022-11-11 11:11:12');
INSERT INTO `votoPopular` VALUES (2338, '', 76, '2022-11-11 11:11:18');
INSERT INTO `votoPopular` VALUES (2339, '', 76, '2022-11-11 11:11:23');
INSERT INTO `votoPopular` VALUES (2340, '', 76, '2022-11-11 11:11:29');
INSERT INTO `votoPopular` VALUES (2341, '', 76, '2022-11-11 11:11:36');
INSERT INTO `votoPopular` VALUES (2342, '', 76, '2022-11-11 11:11:43');
INSERT INTO `votoPopular` VALUES (2343, '', 76, '2022-11-11 11:11:48');
INSERT INTO `votoPopular` VALUES (2344, '', 76, '2022-11-11 11:11:54');
INSERT INTO `votoPopular` VALUES (2345, '', 76, '2022-11-11 11:11:00');
INSERT INTO `votoPopular` VALUES (2346, '', 76, '2022-11-11 11:11:06');
INSERT INTO `votoPopular` VALUES (2347, '', 76, '2022-11-11 11:11:17');
INSERT INTO `votoPopular` VALUES (2348, '', 76, '2022-11-11 11:11:24');
INSERT INTO `votoPopular` VALUES (2349, '', 76, '2022-11-11 11:11:30');
INSERT INTO `votoPopular` VALUES (2350, '', 76, '2022-11-11 11:11:36');
INSERT INTO `votoPopular` VALUES (2351, '', 76, '2022-11-11 11:11:42');
INSERT INTO `votoPopular` VALUES (2352, '', 76, '2022-11-11 11:11:47');
INSERT INTO `votoPopular` VALUES (2353, '', 76, '2022-11-11 11:11:51');
INSERT INTO `votoPopular` VALUES (2354, '', 76, '2022-11-11 11:11:57');
INSERT INTO `votoPopular` VALUES (2355, '', 76, '2022-11-11 11:11:03');
INSERT INTO `votoPopular` VALUES (2356, '', 76, '2022-11-11 11:11:09');
INSERT INTO `votoPopular` VALUES (2357, '', 76, '2022-11-11 11:11:20');
INSERT INTO `votoPopular` VALUES (2358, '5000224551', 68, '2022-11-11 11:11:21');
INSERT INTO `votoPopular` VALUES (2359, '', 76, '2022-11-11 11:11:25');
INSERT INTO `votoPopular` VALUES (2360, '', 76, '2022-11-11 11:11:32');
INSERT INTO `votoPopular` VALUES (2361, '', 76, '2022-11-11 11:11:38');
INSERT INTO `votoPopular` VALUES (2362, '', 76, '2022-11-11 11:11:43');
INSERT INTO `votoPopular` VALUES (2363, '', 76, '2022-11-11 11:11:49');
INSERT INTO `votoPopular` VALUES (2364, '', 76, '2022-11-11 11:11:54');
INSERT INTO `votoPopular` VALUES (2365, '', 76, '2022-11-11 11:11:00');
INSERT INTO `votoPopular` VALUES (2366, '', 76, '2022-11-11 11:11:06');
INSERT INTO `votoPopular` VALUES (2367, '', 76, '2022-11-11 11:11:13');
INSERT INTO `votoPopular` VALUES (2368, '', 76, '2022-11-11 11:11:19');
INSERT INTO `votoPopular` VALUES (2369, '', 76, '2022-11-11 11:11:24');
INSERT INTO `votoPopular` VALUES (2370, '', 76, '2022-11-11 11:11:30');
INSERT INTO `votoPopular` VALUES (2371, '', 76, '2022-11-11 11:11:35');
INSERT INTO `votoPopular` VALUES (2372, '', 76, '2022-11-11 11:11:40');
INSERT INTO `votoPopular` VALUES (2373, '', 76, '2022-11-11 11:11:46');
INSERT INTO `votoPopular` VALUES (2374, '', 76, '2022-11-11 11:11:19');
INSERT INTO `votoPopular` VALUES (2375, '', 76, '2022-11-11 11:11:25');
INSERT INTO `votoPopular` VALUES (2376, '', 76, '2022-11-11 11:11:34');
INSERT INTO `votoPopular` VALUES (2377, '', 76, '2022-11-11 11:11:40');
INSERT INTO `votoPopular` VALUES (2378, '', 76, '2022-11-11 11:11:46');
INSERT INTO `votoPopular` VALUES (2379, '', 76, '2022-11-11 11:11:51');
INSERT INTO `votoPopular` VALUES (2380, '', 76, '2022-11-11 11:11:55');
INSERT INTO `votoPopular` VALUES (2381, '', 76, '2022-11-11 11:11:01');
INSERT INTO `votoPopular` VALUES (2382, '', 76, '2022-11-11 11:11:07');
INSERT INTO `votoPopular` VALUES (2383, '', 76, '2022-11-11 11:11:15');
INSERT INTO `votoPopular` VALUES (2384, '', 76, '2022-11-11 11:11:20');
INSERT INTO `votoPopular` VALUES (2385, '', 76, '2022-11-11 11:11:25');
INSERT INTO `votoPopular` VALUES (2386, '', 76, '2022-11-11 11:11:34');
INSERT INTO `votoPopular` VALUES (2387, '', 76, '2022-11-11 11:11:40');
INSERT INTO `votoPopular` VALUES (2388, '', 76, '2022-11-11 11:11:46');
INSERT INTO `votoPopular` VALUES (2389, '', 76, '2022-11-11 11:11:52');
INSERT INTO `votoPopular` VALUES (2390, '', 76, '2022-11-11 11:11:56');
INSERT INTO `votoPopular` VALUES (2391, '', 76, '2022-11-11 11:11:02');
INSERT INTO `votoPopular` VALUES (2392, '', 76, '2022-11-11 11:11:07');
INSERT INTO `votoPopular` VALUES (2393, '', 76, '2022-11-11 11:11:12');
INSERT INTO `votoPopular` VALUES (2394, '', 76, '2022-11-11 11:11:16');
INSERT INTO `votoPopular` VALUES (2395, '', 76, '2022-11-11 11:11:22');
INSERT INTO `votoPopular` VALUES (2396, '', 76, '2022-11-11 11:11:27');
INSERT INTO `votoPopular` VALUES (2397, '', 76, '2022-11-11 11:11:32');
INSERT INTO `votoPopular` VALUES (2398, '', 76, '2022-11-11 11:11:37');
INSERT INTO `votoPopular` VALUES (2399, '', 76, '2022-11-11 11:11:42');
INSERT INTO `votoPopular` VALUES (2400, '', 76, '2022-11-11 11:11:49');
INSERT INTO `votoPopular` VALUES (2401, '', 76, '2022-11-11 11:11:55');
INSERT INTO `votoPopular` VALUES (2402, '', 76, '2022-11-11 11:11:02');
INSERT INTO `votoPopular` VALUES (2403, '', 76, '2022-11-11 11:11:10');
INSERT INTO `votoPopular` VALUES (2404, '', 76, '2022-11-11 11:11:18');
INSERT INTO `votoPopular` VALUES (2405, '', 76, '2022-11-11 11:11:24');
INSERT INTO `votoPopular` VALUES (2406, '', 76, '2022-11-11 11:11:30');
INSERT INTO `votoPopular` VALUES (2407, '', 76, '2022-11-11 11:11:36');
INSERT INTO `votoPopular` VALUES (2408, '5000232550', 18, '2022-11-11 11:11:42');
INSERT INTO `votoPopular` VALUES (2409, '', 76, '2022-11-11 11:11:43');
INSERT INTO `votoPopular` VALUES (2410, '', 76, '2022-11-11 11:11:49');
INSERT INTO `votoPopular` VALUES (2411, '', 76, '2022-11-11 11:11:54');
INSERT INTO `votoPopular` VALUES (2412, '', 76, '2022-11-11 11:11:00');
INSERT INTO `votoPopular` VALUES (2413, '', 76, '2022-11-11 11:11:06');
INSERT INTO `votoPopular` VALUES (2414, '', 76, '2022-11-11 11:11:11');
INSERT INTO `votoPopular` VALUES (2415, '', 76, '2022-11-11 11:11:19');
INSERT INTO `votoPopular` VALUES (2416, '', 76, '2022-11-11 11:11:25');
INSERT INTO `votoPopular` VALUES (2417, '', 76, '2022-11-11 11:11:32');
INSERT INTO `votoPopular` VALUES (2418, '', 76, '2022-11-11 11:11:37');
INSERT INTO `votoPopular` VALUES (2419, '', 76, '2022-11-11 11:11:44');
INSERT INTO `votoPopular` VALUES (2420, '', 76, '2022-11-11 11:11:49');
INSERT INTO `votoPopular` VALUES (2421, '', 76, '2022-11-11 11:11:55');
INSERT INTO `votoPopular` VALUES (2422, '', 76, '2022-11-11 11:11:03');
INSERT INTO `votoPopular` VALUES (2423, '', 76, '2022-11-11 11:11:09');
INSERT INTO `votoPopular` VALUES (2424, '', 76, '2022-11-11 11:11:15');
INSERT INTO `votoPopular` VALUES (2425, '', 76, '2022-11-11 11:11:20');
INSERT INTO `votoPopular` VALUES (2426, '', 76, '2022-11-11 11:11:26');
INSERT INTO `votoPopular` VALUES (2427, '', 76, '2022-11-11 11:11:32');
INSERT INTO `votoPopular` VALUES (2428, '', 76, '2022-11-11 11:11:42');
INSERT INTO `votoPopular` VALUES (2429, '', 76, '2022-11-11 11:11:48');
INSERT INTO `votoPopular` VALUES (2430, '', 76, '2022-11-11 11:11:05');
INSERT INTO `votoPopular` VALUES (2431, '', 76, '2022-11-11 11:11:17');
INSERT INTO `votoPopular` VALUES (2432, '', 76, '2022-11-11 11:11:23');
INSERT INTO `votoPopular` VALUES (2433, '', 76, '2022-11-11 11:11:31');
INSERT INTO `votoPopular` VALUES (2434, '', 76, '2022-11-11 11:11:38');
INSERT INTO `votoPopular` VALUES (2435, '', 76, '2022-11-11 11:11:44');
INSERT INTO `votoPopular` VALUES (2436, '', 76, '2022-11-11 11:11:51');
INSERT INTO `votoPopular` VALUES (2437, '', 76, '2022-11-11 11:11:57');
INSERT INTO `votoPopular` VALUES (2438, '', 76, '2022-11-11 11:11:04');
INSERT INTO `votoPopular` VALUES (2439, '', 76, '2022-11-11 11:11:12');
INSERT INTO `votoPopular` VALUES (2440, '', 76, '2022-11-11 11:11:19');
INSERT INTO `votoPopular` VALUES (2441, '', 76, '2022-11-11 11:11:26');
INSERT INTO `votoPopular` VALUES (2442, '', 76, '2022-11-11 11:11:32');
INSERT INTO `votoPopular` VALUES (2443, '', 76, '2022-11-11 11:11:41');
INSERT INTO `votoPopular` VALUES (2444, '', 76, '2022-11-11 11:11:48');
INSERT INTO `votoPopular` VALUES (2445, '', 76, '2022-11-11 11:11:55');
INSERT INTO `votoPopular` VALUES (2446, '5000236535', 21, '2022-11-11 11:11:59');
INSERT INTO `votoPopular` VALUES (2447, '', 76, '2022-11-11 11:11:02');
INSERT INTO `votoPopular` VALUES (2448, '', 76, '2022-11-11 11:11:07');
INSERT INTO `votoPopular` VALUES (2449, '', 76, '2022-11-11 11:11:17');
INSERT INTO `votoPopular` VALUES (2450, '5000234982', 20, '2022-11-11 11:11:17');
INSERT INTO `votoPopular` VALUES (2451, '5000232562', 17, '2022-11-11 11:11:21');
INSERT INTO `votoPopular` VALUES (2452, '', 76, '2022-11-11 11:11:22');
INSERT INTO `votoPopular` VALUES (2453, '5000235606', 21, '2022-11-11 11:11:24');
INSERT INTO `votoPopular` VALUES (2454, '', 76, '2022-11-11 11:11:30');
INSERT INTO `votoPopular` VALUES (2455, '', 76, '2022-11-11 11:11:37');
INSERT INTO `votoPopular` VALUES (2456, '', 76, '2022-11-11 11:11:44');
INSERT INTO `votoPopular` VALUES (2457, '', 76, '2022-11-11 11:11:50');
INSERT INTO `votoPopular` VALUES (2458, '', 76, '2022-11-11 11:11:58');
INSERT INTO `votoPopular` VALUES (2459, '', 76, '2022-11-11 11:11:07');
INSERT INTO `votoPopular` VALUES (2460, '', 76, '2022-11-11 11:11:17');
INSERT INTO `votoPopular` VALUES (2461, '', 76, '2022-11-11 11:11:23');
INSERT INTO `votoPopular` VALUES (2462, '', 76, '2022-11-11 11:11:30');
INSERT INTO `votoPopular` VALUES (2463, '5000233124', 20, '2022-11-11 11:11:31');
INSERT INTO `votoPopular` VALUES (2464, '', 76, '2022-11-11 11:11:36');
INSERT INTO `votoPopular` VALUES (2465, '', 76, '2022-11-11 11:11:42');
INSERT INTO `votoPopular` VALUES (2466, '', 76, '2022-11-11 11:11:49');
INSERT INTO `votoPopular` VALUES (2467, '', 76, '2022-11-11 11:11:55');
INSERT INTO `votoPopular` VALUES (2468, '', 76, '2022-11-11 11:11:01');
INSERT INTO `votoPopular` VALUES (2469, '', 76, '2022-11-11 11:11:07');
INSERT INTO `votoPopular` VALUES (2470, '', 76, '2022-11-11 11:11:14');
INSERT INTO `votoPopular` VALUES (2471, '', 76, '2022-11-11 11:11:21');
INSERT INTO `votoPopular` VALUES (2472, '', 76, '2022-11-11 11:11:33');
INSERT INTO `votoPopular` VALUES (2473, '', 76, '2022-11-11 11:11:42');
INSERT INTO `votoPopular` VALUES (2474, '', 76, '2022-11-11 11:11:48');
INSERT INTO `votoPopular` VALUES (2475, '', 76, '2022-11-11 11:11:56');
INSERT INTO `votoPopular` VALUES (2476, '', 76, '2022-11-11 11:11:02');
INSERT INTO `votoPopular` VALUES (2477, '', 76, '2022-11-11 11:11:09');
INSERT INTO `votoPopular` VALUES (2478, '', 76, '2022-11-11 11:11:16');
INSERT INTO `votoPopular` VALUES (2479, '', 76, '2022-11-11 11:11:23');
INSERT INTO `votoPopular` VALUES (2480, '', 76, '2022-11-11 11:11:30');
INSERT INTO `votoPopular` VALUES (2481, '', 76, '2022-11-11 11:11:38');
INSERT INTO `votoPopular` VALUES (2482, '', 76, '2022-11-11 11:11:44');
INSERT INTO `votoPopular` VALUES (2483, '', 76, '2022-11-11 11:11:50');
INSERT INTO `votoPopular` VALUES (2484, '', 76, '2022-11-11 11:11:56');
INSERT INTO `votoPopular` VALUES (2485, '', 76, '2022-11-11 11:11:03');
INSERT INTO `votoPopular` VALUES (2486, '', 76, '2022-11-11 11:11:14');
INSERT INTO `votoPopular` VALUES (2487, '5000232526', 17, '2022-11-11 11:11:30');
INSERT INTO `votoPopular` VALUES (2488, '5000237707', 21, '2022-11-11 11:11:53');
INSERT INTO `votoPopular` VALUES (2489, '5000224277', 17, '2022-11-11 11:11:20');
INSERT INTO `votoPopular` VALUES (2490, '5000225340', 63, '2022-11-11 11:11:18');
INSERT INTO `votoPopular` VALUES (2491, '5000232635', 76, '2022-11-11 11:11:38');
INSERT INTO `votoPopular` VALUES (2492, '', 2, '2022-11-11 11:11:30');
INSERT INTO `votoPopular` VALUES (2493, '5000232773', 23, '2022-11-11 11:11:09');
INSERT INTO `votoPopular` VALUES (2494, '', 16, '2022-11-11 11:11:58');
INSERT INTO `votoPopular` VALUES (2495, '5000235553', 21, '2022-11-11 11:11:56');
INSERT INTO `votoPopular` VALUES (2496, '5000231803', 21, '2022-11-11 12:11:37');
INSERT INTO `votoPopular` VALUES (2497, '5000228919', 4, '2022-11-11 12:11:48');
INSERT INTO `votoPopular` VALUES (2498, '5000232554', 18, '2022-11-11 12:11:49');
INSERT INTO `votoPopular` VALUES (2499, '1000114820', 45, '2022-11-11 12:11:34');
INSERT INTO `votoPopular` VALUES (2500, '5000233945', 12, '2022-11-11 12:11:58');
INSERT INTO `votoPopular` VALUES (2501, '1000092163', 48, '2022-11-11 12:11:18');
INSERT INTO `votoPopular` VALUES (2502, '', 76, '2022-11-11 12:11:55');
INSERT INTO `votoPopular` VALUES (2503, '', 76, '2022-11-11 12:11:09');
INSERT INTO `votoPopular` VALUES (2504, '', 76, '2022-11-11 12:11:18');
INSERT INTO `votoPopular` VALUES (2505, '', 76, '2022-11-11 12:11:32');
INSERT INTO `votoPopular` VALUES (2506, '', 76, '2022-11-11 12:11:40');
INSERT INTO `votoPopular` VALUES (2507, '', 76, '2022-11-11 12:11:53');
INSERT INTO `votoPopular` VALUES (2508, '5000232549', 20, '2022-11-11 12:11:01');
INSERT INTO `votoPopular` VALUES (2509, '1000045214', 69, '2022-11-11 12:11:36');
INSERT INTO `votoPopular` VALUES (2510, '5000207795', 12, '2022-11-11 12:11:14');
INSERT INTO `votoPopular` VALUES (2511, '5000224676', 44, '2022-11-11 12:11:44');
INSERT INTO `votoPopular` VALUES (2512, '', 58, '2022-11-11 01:11:43');
INSERT INTO `votoPopular` VALUES (2513, '', 58, '2022-11-11 01:11:32');
INSERT INTO `votoPopular` VALUES (2514, '', 58, '2022-11-11 01:11:35');
INSERT INTO `votoPopular` VALUES (2515, '', 58, '2022-11-11 01:11:12');
INSERT INTO `votoPopular` VALUES (2516, '', 58, '2022-11-11 01:11:34');
INSERT INTO `votoPopular` VALUES (2517, '', 58, '2022-11-11 01:11:35');
INSERT INTO `votoPopular` VALUES (2518, '1000198705', 44, '2022-11-11 01:11:13');
INSERT INTO `votoPopular` VALUES (2519, '', 76, '2022-11-11 01:11:04');
INSERT INTO `votoPopular` VALUES (2520, '', 76, '2022-11-11 01:11:12');
INSERT INTO `votoPopular` VALUES (2521, '', 76, '2022-11-11 01:11:21');
INSERT INTO `votoPopular` VALUES (2522, '', 76, '2022-11-11 01:11:30');
INSERT INTO `votoPopular` VALUES (2523, '', 76, '2022-11-11 01:11:38');
INSERT INTO `votoPopular` VALUES (2524, '', 76, '2022-11-11 01:11:47');
INSERT INTO `votoPopular` VALUES (2525, '', 76, '2022-11-11 01:11:54');
INSERT INTO `votoPopular` VALUES (2526, '', 76, '2022-11-11 01:11:02');
INSERT INTO `votoPopular` VALUES (2527, '', 76, '2022-11-11 01:11:10');
INSERT INTO `votoPopular` VALUES (2528, '', 76, '2022-11-11 01:11:29');
INSERT INTO `votoPopular` VALUES (2529, '', 76, '2022-11-11 01:11:39');
INSERT INTO `votoPopular` VALUES (2530, '', 76, '2022-11-11 01:11:47');
INSERT INTO `votoPopular` VALUES (2531, '', 76, '2022-11-11 01:11:56');
INSERT INTO `votoPopular` VALUES (2532, '5000216441', 44, '2022-11-11 01:11:39');
INSERT INTO `votoPopular` VALUES (2533, '5000219429', 44, '2022-11-11 01:11:10');
INSERT INTO `votoPopular` VALUES (2534, '', 58, '2022-11-11 01:11:05');
INSERT INTO `votoPopular` VALUES (2535, '', 58, '2022-11-11 01:11:31');
INSERT INTO `votoPopular` VALUES (2536, '', 58, '2022-11-11 01:11:31');
INSERT INTO `votoPopular` VALUES (2537, '', 58, '2022-11-11 01:11:31');
INSERT INTO `votoPopular` VALUES (2538, '', 58, '2022-11-11 01:11:31');
INSERT INTO `votoPopular` VALUES (2539, '', 76, '2022-11-11 01:11:50');
INSERT INTO `votoPopular` VALUES (2540, '', 76, '2022-11-11 01:11:04');
INSERT INTO `votoPopular` VALUES (2541, '', 76, '2022-11-11 01:11:40');
INSERT INTO `votoPopular` VALUES (2542, '', 76, '2022-11-11 01:11:48');
INSERT INTO `votoPopular` VALUES (2543, '', 76, '2022-11-11 01:11:57');
INSERT INTO `votoPopular` VALUES (2544, '', 76, '2022-11-11 01:11:05');
INSERT INTO `votoPopular` VALUES (2545, '', 76, '2022-11-11 01:11:13');
INSERT INTO `votoPopular` VALUES (2546, '', 76, '2022-11-11 01:11:20');
INSERT INTO `votoPopular` VALUES (2547, '', 76, '2022-11-11 01:11:28');
INSERT INTO `votoPopular` VALUES (2548, '', 76, '2022-11-11 01:11:35');
INSERT INTO `votoPopular` VALUES (2549, '', 76, '2022-11-11 01:11:43');
INSERT INTO `votoPopular` VALUES (2550, '', 76, '2022-11-11 01:11:52');
INSERT INTO `votoPopular` VALUES (2551, '', 76, '2022-11-11 01:11:07');
INSERT INTO `votoPopular` VALUES (2552, '', 76, '2022-11-11 01:11:20');
INSERT INTO `votoPopular` VALUES (2553, '', 76, '2022-11-11 01:11:31');
INSERT INTO `votoPopular` VALUES (2554, '5000229130', 61, '2022-11-11 01:11:00');
INSERT INTO `votoPopular` VALUES (2555, '', 76, '2022-11-11 01:11:10');
INSERT INTO `votoPopular` VALUES (2556, '', 58, '2022-11-11 01:11:52');
INSERT INTO `votoPopular` VALUES (2557, '', 58, '2022-11-11 01:11:30');
INSERT INTO `votoPopular` VALUES (2558, '', 58, '2022-11-11 01:11:49');
INSERT INTO `votoPopular` VALUES (2559, '', 58, '2022-11-11 01:11:29');
INSERT INTO `votoPopular` VALUES (2560, '', 58, '2022-11-11 01:11:40');
INSERT INTO `votoPopular` VALUES (2561, '', 58, '2022-11-11 01:11:06');
INSERT INTO `votoPopular` VALUES (2562, '', 76, '2022-11-11 01:11:37');
INSERT INTO `votoPopular` VALUES (2563, '', 76, '2022-11-11 01:11:45');
INSERT INTO `votoPopular` VALUES (2564, '', 76, '2022-11-11 01:11:49');
INSERT INTO `votoPopular` VALUES (2565, '', 58, '2022-11-11 01:11:54');
INSERT INTO `votoPopular` VALUES (2566, '1000171280', 17, '2022-11-11 01:11:56');
INSERT INTO `votoPopular` VALUES (2567, '', 76, '2022-11-11 01:11:05');
INSERT INTO `votoPopular` VALUES (2568, '', 76, '2022-11-11 01:11:15');
INSERT INTO `votoPopular` VALUES (2569, '', 76, '2022-11-11 01:11:25');
INSERT INTO `votoPopular` VALUES (2570, '', 76, '2022-11-11 01:11:33');
INSERT INTO `votoPopular` VALUES (2571, '', 76, '2022-11-11 01:11:43');
INSERT INTO `votoPopular` VALUES (2572, '', 76, '2022-11-11 01:11:50');
INSERT INTO `votoPopular` VALUES (2573, '', 76, '2022-11-11 01:11:58');
INSERT INTO `votoPopular` VALUES (2574, '', 58, '2022-11-11 01:11:03');
INSERT INTO `votoPopular` VALUES (2575, '', 76, '2022-11-11 01:11:07');
INSERT INTO `votoPopular` VALUES (2576, '', 76, '2022-11-11 01:11:18');
INSERT INTO `votoPopular` VALUES (2577, '', 76, '2022-11-11 01:11:26');
INSERT INTO `votoPopular` VALUES (2578, '', 76, '2022-11-11 01:11:34');
INSERT INTO `votoPopular` VALUES (2579, '', 76, '2022-11-11 01:11:43');
INSERT INTO `votoPopular` VALUES (2580, '', 58, '2022-11-11 01:11:34');
INSERT INTO `votoPopular` VALUES (2581, '5000225974', 49, '2022-11-11 02:11:58');
INSERT INTO `votoPopular` VALUES (2582, '', 76, '2022-11-11 02:11:16');
INSERT INTO `votoPopular` VALUES (2583, '', 76, '2022-11-11 02:11:29');
INSERT INTO `votoPopular` VALUES (2584, '', 76, '2022-11-11 02:11:48');
INSERT INTO `votoPopular` VALUES (2585, '', 76, '2022-11-11 02:11:09');
INSERT INTO `votoPopular` VALUES (2586, '', 58, '2022-11-11 02:11:42');
INSERT INTO `votoPopular` VALUES (2587, '5000236102', 21, '2022-11-11 02:11:55');
INSERT INTO `votoPopular` VALUES (2588, '', 76, '2022-11-11 02:11:46');
INSERT INTO `votoPopular` VALUES (2589, '', 76, '2022-11-11 02:11:56');
INSERT INTO `votoPopular` VALUES (2590, '', 76, '2022-11-11 02:11:04');
INSERT INTO `votoPopular` VALUES (2591, '', 76, '2022-11-11 02:11:17');
INSERT INTO `votoPopular` VALUES (2592, '', 76, '2022-11-11 02:11:36');
INSERT INTO `votoPopular` VALUES (2593, '', 12, '2022-11-11 02:11:30');
INSERT INTO `votoPopular` VALUES (2594, '', 76, '2022-11-11 02:11:44');
INSERT INTO `votoPopular` VALUES (2595, '', 76, '2022-11-11 02:11:40');
INSERT INTO `votoPopular` VALUES (2596, '', 76, '2022-11-11 02:11:56');
INSERT INTO `votoPopular` VALUES (2597, '', 76, '2022-11-11 02:11:13');
INSERT INTO `votoPopular` VALUES (2598, '', 76, '2022-11-11 02:11:29');
INSERT INTO `votoPopular` VALUES (2599, '', 76, '2022-11-11 02:11:45');
INSERT INTO `votoPopular` VALUES (2600, '', 76, '2022-11-11 02:11:01');
INSERT INTO `votoPopular` VALUES (2601, '', 76, '2022-11-11 02:11:18');
INSERT INTO `votoPopular` VALUES (2602, '', 76, '2022-11-11 02:11:34');
INSERT INTO `votoPopular` VALUES (2603, '', 76, '2022-11-11 02:11:44');
INSERT INTO `votoPopular` VALUES (2604, '', 76, '2022-11-11 02:11:50');
INSERT INTO `votoPopular` VALUES (2605, '', 76, '2022-11-11 02:11:06');
INSERT INTO `votoPopular` VALUES (2606, '', 76, '2022-11-11 02:11:23');
INSERT INTO `votoPopular` VALUES (2607, '', 76, '2022-11-11 02:11:39');
INSERT INTO `votoPopular` VALUES (2608, '', 76, '2022-11-11 02:11:55');
INSERT INTO `votoPopular` VALUES (2609, '', 58, '2022-11-11 02:11:02');
INSERT INTO `votoPopular` VALUES (2610, '', 76, '2022-11-11 02:11:11');
INSERT INTO `votoPopular` VALUES (2611, '', 76, '2022-11-11 02:11:27');
INSERT INTO `votoPopular` VALUES (2612, '', 76, '2022-11-11 02:11:44');
INSERT INTO `votoPopular` VALUES (2613, '', 76, '2022-11-11 02:11:00');
INSERT INTO `votoPopular` VALUES (2614, '', 76, '2022-11-11 02:11:16');
INSERT INTO `votoPopular` VALUES (2615, '', 76, '2022-11-11 02:11:32');
INSERT INTO `votoPopular` VALUES (2616, '', 76, '2022-11-11 02:11:49');
INSERT INTO `votoPopular` VALUES (2617, '', 76, '2022-11-11 02:11:05');
INSERT INTO `votoPopular` VALUES (2618, '', 76, '2022-11-11 02:11:21');
INSERT INTO `votoPopular` VALUES (2619, '', 76, '2022-11-11 02:11:37');
INSERT INTO `votoPopular` VALUES (2620, '', 76, '2022-11-11 02:11:54');
INSERT INTO `votoPopular` VALUES (2621, '', 76, '2022-11-11 02:11:10');
INSERT INTO `votoPopular` VALUES (2622, '', 76, '2022-11-11 02:11:26');
INSERT INTO `votoPopular` VALUES (2623, '', 76, '2022-11-11 02:11:58');
INSERT INTO `votoPopular` VALUES (2624, '', 76, '2022-11-11 02:11:15');
INSERT INTO `votoPopular` VALUES (2625, '', 76, '2022-11-11 02:11:31');
INSERT INTO `votoPopular` VALUES (2626, '', 76, '2022-11-11 02:11:47');
INSERT INTO `votoPopular` VALUES (2627, '', 76, '2022-11-11 02:11:03');
INSERT INTO `votoPopular` VALUES (2628, '', 76, '2022-11-11 02:11:20');
INSERT INTO `votoPopular` VALUES (2629, '', 76, '2022-11-11 02:11:36');
INSERT INTO `votoPopular` VALUES (2630, '', 76, '2022-11-11 02:11:52');
INSERT INTO `votoPopular` VALUES (2631, '', 76, '2022-11-11 02:11:08');
INSERT INTO `votoPopular` VALUES (2632, '', 76, '2022-11-11 02:11:25');
INSERT INTO `votoPopular` VALUES (2633, '', 76, '2022-11-11 02:11:41');
INSERT INTO `votoPopular` VALUES (2634, '', 76, '2022-11-11 02:11:57');
INSERT INTO `votoPopular` VALUES (2635, '', 76, '2022-11-11 02:11:13');
INSERT INTO `votoPopular` VALUES (2636, '', 76, '2022-11-11 02:11:29');
INSERT INTO `votoPopular` VALUES (2637, '', 76, '2022-11-11 02:11:46');
INSERT INTO `votoPopular` VALUES (2638, '', 76, '2022-11-11 02:11:02');
INSERT INTO `votoPopular` VALUES (2639, '', 76, '2022-11-11 02:11:18');
INSERT INTO `votoPopular` VALUES (2640, '', 76, '2022-11-11 02:11:34');
INSERT INTO `votoPopular` VALUES (2641, '', 76, '2022-11-11 02:11:51');
INSERT INTO `votoPopular` VALUES (2642, '', 76, '2022-11-11 02:11:07');
INSERT INTO `votoPopular` VALUES (2643, '', 76, '2022-11-11 02:11:23');
INSERT INTO `votoPopular` VALUES (2644, '', 76, '2022-11-11 02:11:39');
INSERT INTO `votoPopular` VALUES (2645, '', 76, '2022-11-11 02:11:56');
INSERT INTO `votoPopular` VALUES (2646, '', 76, '2022-11-11 02:11:12');
INSERT INTO `votoPopular` VALUES (2647, '', 76, '2022-11-11 02:11:28');
INSERT INTO `votoPopular` VALUES (2648, '', 76, '2022-11-11 02:11:44');
INSERT INTO `votoPopular` VALUES (2649, '', 76, '2022-11-11 02:11:01');
INSERT INTO `votoPopular` VALUES (2650, '', 76, '2022-11-11 02:11:17');
INSERT INTO `votoPopular` VALUES (2651, '', 76, '2022-11-11 02:11:33');
INSERT INTO `votoPopular` VALUES (2652, '', 58, '2022-11-11 02:11:07');
INSERT INTO `votoPopular` VALUES (2653, '', 61, '2022-11-11 02:11:58');
INSERT INTO `votoPopular` VALUES (2654, '', 58, '2022-11-11 03:11:42');
INSERT INTO `votoPopular` VALUES (2655, '', 58, '2022-11-11 03:11:12');
INSERT INTO `votoPopular` VALUES (2656, '', 58, '2022-11-11 03:11:21');
INSERT INTO `votoPopular` VALUES (2657, '', 58, '2022-11-11 03:11:28');
INSERT INTO `votoPopular` VALUES (2658, '', 58, '2022-11-11 03:11:32');
INSERT INTO `votoPopular` VALUES (2659, '', 58, '2022-11-11 03:11:45');
INSERT INTO `votoPopular` VALUES (2660, '', 76, '2022-11-11 03:11:16');
INSERT INTO `votoPopular` VALUES (2661, '5000223282', 58, '2022-11-11 03:11:14');
INSERT INTO `votoPopular` VALUES (2662, '', 58, '2022-11-11 03:11:39');
INSERT INTO `votoPopular` VALUES (2663, '', 58, '2022-11-11 03:11:28');
INSERT INTO `votoPopular` VALUES (2664, '', 58, '2022-11-11 03:11:08');
INSERT INTO `votoPopular` VALUES (2665, '', 58, '2022-11-11 03:11:54');
INSERT INTO `votoPopular` VALUES (2666, '5000229187', 42, '2022-11-11 03:11:09');
INSERT INTO `votoPopular` VALUES (2667, '', 58, '2022-11-11 03:11:51');
INSERT INTO `votoPopular` VALUES (2668, '', 58, '2022-11-11 03:11:52');
INSERT INTO `votoPopular` VALUES (2669, '', 58, '2022-11-11 04:11:37');
INSERT INTO `votoPopular` VALUES (2670, '', 58, '2022-11-11 04:11:10');
INSERT INTO `votoPopular` VALUES (2671, '', 58, '2022-11-11 04:11:53');
INSERT INTO `votoPopular` VALUES (2672, '', 58, '2022-11-11 04:11:00');
INSERT INTO `votoPopular` VALUES (2673, '', 58, '2022-11-11 04:11:06');
INSERT INTO `votoPopular` VALUES (2674, '', 58, '2022-11-11 04:11:25');
INSERT INTO `votoPopular` VALUES (2675, '', 58, '2022-11-11 04:11:28');
INSERT INTO `votoPopular` VALUES (2676, '', 58, '2022-11-11 04:11:47');
INSERT INTO `votoPopular` VALUES (2677, '', 58, '2022-11-11 04:11:05');
INSERT INTO `votoPopular` VALUES (2678, '', 58, '2022-11-11 04:11:50');
INSERT INTO `votoPopular` VALUES (2679, '', 58, '2022-11-11 04:11:17');
INSERT INTO `votoPopular` VALUES (2680, '', 58, '2022-11-11 04:11:44');
INSERT INTO `votoPopular` VALUES (2681, '', 58, '2022-11-11 04:11:04');
INSERT INTO `votoPopular` VALUES (2682, '', 58, '2022-11-11 04:11:04');
INSERT INTO `votoPopular` VALUES (2683, '', 58, '2022-11-11 04:11:24');
INSERT INTO `votoPopular` VALUES (2684, '', 58, '2022-11-11 04:11:45');
INSERT INTO `votoPopular` VALUES (2685, '', 58, '2022-11-11 04:11:47');
INSERT INTO `votoPopular` VALUES (2686, '', 58, '2022-11-11 04:11:07');
INSERT INTO `votoPopular` VALUES (2687, '', 58, '2022-11-11 04:11:23');
INSERT INTO `votoPopular` VALUES (2688, '', 58, '2022-11-11 04:11:05');
INSERT INTO `votoPopular` VALUES (2689, '', 58, '2022-11-11 04:11:27');
INSERT INTO `votoPopular` VALUES (2690, '', 58, '2022-11-11 04:11:54');
INSERT INTO `votoPopular` VALUES (2691, '', 58, '2022-11-11 04:11:09');
INSERT INTO `votoPopular` VALUES (2692, '', 58, '2022-11-11 04:11:21');
INSERT INTO `votoPopular` VALUES (2693, '', 58, '2022-11-11 04:11:44');
INSERT INTO `votoPopular` VALUES (2694, '', 58, '2022-11-11 04:11:08');
INSERT INTO `votoPopular` VALUES (2695, '', 58, '2022-11-11 04:11:20');
INSERT INTO `votoPopular` VALUES (2696, '', 58, '2022-11-11 04:11:34');
INSERT INTO `votoPopular` VALUES (2697, '', 58, '2022-11-11 04:11:50');
INSERT INTO `votoPopular` VALUES (2698, '', 58, '2022-11-11 04:11:11');
INSERT INTO `votoPopular` VALUES (2699, '', 58, '2022-11-11 04:11:22');
INSERT INTO `votoPopular` VALUES (2700, '', 58, '2022-11-11 04:11:36');
INSERT INTO `votoPopular` VALUES (2701, '', 58, '2022-11-11 04:11:54');
INSERT INTO `votoPopular` VALUES (2702, '', 58, '2022-11-11 04:11:05');
INSERT INTO `votoPopular` VALUES (2703, '', 58, '2022-11-11 04:11:31');
INSERT INTO `votoPopular` VALUES (2704, '', 58, '2022-11-11 04:11:44');
INSERT INTO `votoPopular` VALUES (2705, '', 58, '2022-11-11 04:11:58');
INSERT INTO `votoPopular` VALUES (2706, '', 58, '2022-11-11 04:11:13');
INSERT INTO `votoPopular` VALUES (2707, '', 58, '2022-11-11 04:11:26');
INSERT INTO `votoPopular` VALUES (2708, '', 58, '2022-11-11 04:11:37');
INSERT INTO `votoPopular` VALUES (2709, '', 58, '2022-11-11 04:11:49');
INSERT INTO `votoPopular` VALUES (2710, '', 58, '2022-11-11 04:11:12');
INSERT INTO `votoPopular` VALUES (2711, '', 58, '2022-11-11 04:11:24');
INSERT INTO `votoPopular` VALUES (2712, '', 58, '2022-11-11 04:11:38');
INSERT INTO `votoPopular` VALUES (2713, '', 58, '2022-11-11 04:11:51');
INSERT INTO `votoPopular` VALUES (2714, '', 58, '2022-11-11 04:11:03');
INSERT INTO `votoPopular` VALUES (2715, '', 58, '2022-11-11 04:11:13');
INSERT INTO `votoPopular` VALUES (2716, '', 58, '2022-11-11 04:11:23');
INSERT INTO `votoPopular` VALUES (2717, '', 58, '2022-11-11 04:11:34');
INSERT INTO `votoPopular` VALUES (2718, '', 58, '2022-11-11 04:11:49');
INSERT INTO `votoPopular` VALUES (2719, '', 58, '2022-11-11 04:11:58');
INSERT INTO `votoPopular` VALUES (2720, '', 58, '2022-11-11 04:11:07');
INSERT INTO `votoPopular` VALUES (2721, '', 58, '2022-11-11 04:11:16');
INSERT INTO `votoPopular` VALUES (2722, '', 58, '2022-11-11 04:11:26');
INSERT INTO `votoPopular` VALUES (2723, '', 58, '2022-11-11 04:11:35');
INSERT INTO `votoPopular` VALUES (2724, '', 58, '2022-11-11 04:11:46');
INSERT INTO `votoPopular` VALUES (2725, '', 58, '2022-11-11 04:11:56');
INSERT INTO `votoPopular` VALUES (2726, '', 58, '2022-11-11 04:11:08');
INSERT INTO `votoPopular` VALUES (2727, '', 58, '2022-11-11 04:11:24');
INSERT INTO `votoPopular` VALUES (2728, '', 58, '2022-11-11 04:11:32');
INSERT INTO `votoPopular` VALUES (2729, '', 58, '2022-11-11 04:11:44');
INSERT INTO `votoPopular` VALUES (2730, '', 58, '2022-11-11 04:11:34');
INSERT INTO `votoPopular` VALUES (2731, '', 58, '2022-11-11 04:11:49');
INSERT INTO `votoPopular` VALUES (2732, '', 58, '2022-11-11 04:11:58');
INSERT INTO `votoPopular` VALUES (2733, '', 58, '2022-11-11 04:11:19');
INSERT INTO `votoPopular` VALUES (2734, '', 58, '2022-11-11 04:11:31');
INSERT INTO `votoPopular` VALUES (2735, '', 58, '2022-11-11 04:11:43');
INSERT INTO `votoPopular` VALUES (2736, '', 58, '2022-11-11 04:11:08');
INSERT INTO `votoPopular` VALUES (2737, '', 58, '2022-11-11 04:11:30');
INSERT INTO `votoPopular` VALUES (2738, '', 58, '2022-11-11 04:11:46');
INSERT INTO `votoPopular` VALUES (2739, '', 58, '2022-11-11 04:11:34');
INSERT INTO `votoPopular` VALUES (2740, '', 58, '2022-11-11 04:11:46');
INSERT INTO `votoPopular` VALUES (2741, '', 58, '2022-11-11 04:11:56');
INSERT INTO `votoPopular` VALUES (2742, '', 58, '2022-11-11 04:11:05');
INSERT INTO `votoPopular` VALUES (2743, '', 58, '2022-11-11 04:11:18');
INSERT INTO `votoPopular` VALUES (2744, '', 58, '2022-11-11 04:11:31');
INSERT INTO `votoPopular` VALUES (2745, '', 58, '2022-11-11 04:11:40');
INSERT INTO `votoPopular` VALUES (2746, '', 58, '2022-11-11 04:11:57');
INSERT INTO `votoPopular` VALUES (2747, '', 58, '2022-11-11 04:11:09');
INSERT INTO `votoPopular` VALUES (2748, '', 58, '2022-11-11 04:11:16');
INSERT INTO `votoPopular` VALUES (2749, '', 58, '2022-11-11 04:11:18');
INSERT INTO `votoPopular` VALUES (2750, '', 58, '2022-11-11 04:11:36');
INSERT INTO `votoPopular` VALUES (2751, '', 58, '2022-11-11 04:11:42');
INSERT INTO `votoPopular` VALUES (2752, '', 58, '2022-11-11 04:11:46');
INSERT INTO `votoPopular` VALUES (2753, '', 58, '2022-11-11 04:11:32');
INSERT INTO `votoPopular` VALUES (2754, '', 58, '2022-11-11 04:11:42');
INSERT INTO `votoPopular` VALUES (2755, '', 58, '2022-11-11 04:11:58');
INSERT INTO `votoPopular` VALUES (2756, '', 58, '2022-11-11 04:11:08');
INSERT INTO `votoPopular` VALUES (2757, '', 58, '2022-11-11 04:11:19');
INSERT INTO `votoPopular` VALUES (2758, '', 58, '2022-11-11 04:11:30');
INSERT INTO `votoPopular` VALUES (2759, '', 58, '2022-11-11 04:11:40');
INSERT INTO `votoPopular` VALUES (2760, '', 58, '2022-11-11 04:11:52');
INSERT INTO `votoPopular` VALUES (2761, '', 58, '2022-11-11 04:11:02');
INSERT INTO `votoPopular` VALUES (2762, '', 58, '2022-11-11 04:11:21');
INSERT INTO `votoPopular` VALUES (2763, '', 58, '2022-11-11 04:11:31');
INSERT INTO `votoPopular` VALUES (2764, '5000231973', 17, '2022-11-11 04:11:32');
INSERT INTO `votoPopular` VALUES (2765, '', 58, '2022-11-11 04:11:41');
INSERT INTO `votoPopular` VALUES (2766, '', 59, '2022-11-11 04:11:15');
INSERT INTO `votoPopular` VALUES (2767, '', 58, '2022-11-11 04:11:13');
INSERT INTO `votoPopular` VALUES (2768, '', 58, '2022-11-11 04:11:14');
INSERT INTO `votoPopular` VALUES (2769, '5000234921', 58, '2022-11-11 04:11:42');
INSERT INTO `votoPopular` VALUES (2770, '5000228301', 47, '2022-11-11 05:11:04');
INSERT INTO `votoPopular` VALUES (2771, '5000234507', 76, '2022-11-11 05:11:06');
INSERT INTO `votoPopular` VALUES (2772, '5000234507', 76, '2022-11-11 05:11:07');
INSERT INTO `votoPopular` VALUES (2773, '', 58, '2022-11-11 06:11:12');
INSERT INTO `votoPopular` VALUES (2774, '', 58, '2022-11-11 06:11:12');
INSERT INTO `votoPopular` VALUES (2775, '', 58, '2022-11-11 06:11:12');
INSERT INTO `votoPopular` VALUES (2776, '', 58, '2022-11-11 06:11:12');
INSERT INTO `votoPopular` VALUES (2777, '', 58, '2022-11-11 06:11:12');
INSERT INTO `votoPopular` VALUES (2778, '', 58, '2022-11-11 06:11:12');
INSERT INTO `votoPopular` VALUES (2779, '', 58, '2022-11-11 06:11:12');
INSERT INTO `votoPopular` VALUES (2780, '1000028166', 10, '2022-11-11 07:11:11');
INSERT INTO `votoPopular` VALUES (2781, '5000228871', 10, '2022-11-11 07:11:30');
INSERT INTO `votoPopular` VALUES (2782, '5000229165', 10, '2022-11-11 07:11:35');
INSERT INTO `votoPopular` VALUES (2783, '5000215207', 15, '2022-11-11 07:11:49');
INSERT INTO `votoPopular` VALUES (2784, '', 58, '2022-11-11 07:11:53');
INSERT INTO `votoPopular` VALUES (2785, '', 58, '2022-11-11 08:11:32');
INSERT INTO `votoPopular` VALUES (2786, '', 58, '2022-11-11 09:11:17');
INSERT INTO `votoPopular` VALUES (2787, '', 58, '2022-11-11 09:11:39');
INSERT INTO `votoPopular` VALUES (2788, '5000235710', 9, '2022-11-11 10:11:10');
INSERT INTO `votoPopular` VALUES (2789, '', 76, '2022-11-12 11:11:20');
INSERT INTO `votoPopular` VALUES (2790, '', 58, '2022-11-13 07:11:24');
INSERT INTO `votoPopular` VALUES (2791, '5000231995', 17, '2022-11-14 09:11:19');
INSERT INTO `votoPopular` VALUES (2792, '5000220316', 19, '2022-11-17 11:11:10');
INSERT INTO `votoPopular` VALUES (2793, '1000131812', 24, '2022-11-22 10:11:12');
INSERT INTO `votoPopular` VALUES (2794, '5000229253', 57, '2023-05-26 02:05:09');
INSERT INTO `votoPopular` VALUES (2795, '1000095486', 1, '2023-07-25 04:07:24');
INSERT INTO `votoPopular` VALUES (2796, '5000231822', 17, '2023-07-29 04:07:44');
INSERT INTO `votoPopular` VALUES (2797, '2', 2, '2023-08-07 09:08:53');
INSERT INTO `votoPopular` VALUES (2798, '', 2, '2023-08-07 09:08:12');
INSERT INTO `votoPopular` VALUES (2799, '', 2, '2023-08-07 09:08:17');
INSERT INTO `votoPopular` VALUES (2800, '1', 2, '2023-08-08 01:08:37');
INSERT INTO `votoPopular` VALUES (2801, '1', 2, '2023-08-08 03:08:45');
INSERT INTO `votoPopular` VALUES (2802, '1', 2, '2023-08-08 03:08:36');
INSERT INTO `votoPopular` VALUES (2803, '2', 2, '2023-08-10 09:13:54');
INSERT INTO `votoPopular` VALUES (2804, '5000232762', 68, '2023-08-10 09:28:20');
INSERT INTO `votoPopular` VALUES (2805, '1', 2, '2023-08-14 08:49:05');
INSERT INTO `votoPopular` VALUES (2806, '1', 82, '2023-08-14 08:49:14');
INSERT INTO `votoPopular` VALUES (2807, '5000232762', 1, '2023-08-14 09:13:41');
INSERT INTO `votoPopular` VALUES (2808, '5000232762', 2, '2023-08-14 09:13:41');
INSERT INTO `votoPopular` VALUES (2809, '5000232762', 82, '2023-08-14 09:13:41');
INSERT INTO `votoPopular` VALUES (2810, '5000232762', 1, '2023-08-16 14:35:13');
INSERT INTO `votoPopular` VALUES (2811, '5000232762', 2, '2023-08-16 14:35:13');
INSERT INTO `votoPopular` VALUES (2812, '5000232762', 82, '2023-08-16 14:35:13');
INSERT INTO `votoPopular` VALUES (2813, '1', 82, '2023-08-22 15:04:43');

SET FOREIGN_KEY_CHECKS = 1;
